eps,lambda,region,rel,cos,ratio,norm_jvp,norm_fd,max_jvp,max_fd,flip_rate_box_predict,flip_rate_box_correct,flip_rate_all_predict,flip_rate_all_correct,mismatch_share_in_flip_cells_d1,mismatch_share_in_flip_cells_d2,flip_cell_fraction_d1,flip_cell_fraction_d2,gain_jvp_box_max,gain_fd_box_max
1.0e-6,quick,box,1.5500676365003108,0.9207498613583787,2.4209131807730127,2.697703558123712,1.114333045707289,1.454653263092041,0.5364418029785156,0.031141159598442943,0.029911903298504405,7.542801637295824e-5,7.204222012679055e-5,0.9793977702913689,0.9937026438426761,0.7317708333333334,0.9049479166666666,1.4355901,0.5294118
1.0e-6,quick,interior,1.5103548484364921,0.8808048856775254,2.3150255851617496,2.696949244695059,1.1649759993933824,1.454653263092041,0.5364418029785156,0.031141159598442943,0.029911903298504405,7.542801637295824e-5,7.204222012679055e-5,0.9486621469881272,0.9601212371970623,0.002203360768175583,0.003362482853223594,1.4355901,0.5294118
1.0e-6,tie1e-5,box,0.4204614608447577,0.9176823504837278,1.055264095075979,1.175915653091562,1.114333045707289,0.5334275960922241,0.5364418029785156,0.031141159598442943,0.029911903298504405,7.542801637295824e-5,7.204222012679055e-5,0.741664884401241,0.9133818792548555,0.7317708333333334,0.9049479166666666,0.52643704,0.5294118
1.0e-6,tie1e-5,interior,0.49752329616042573,0.8773335769309814,1.0086486005682074,1.1750514114836839,1.1649759993933824,0.5334275960922241,0.5364418029785156,0.031141159598442943,0.029911903298504405,7.542801637295824e-5,7.204222012679055e-5,0.532375600551312,0.6319272248268144,0.002203360768175583,0.003362482853223594,0.52643704,0.5294118
1.0e-6,tie1e-4,box,1.865430570471067,0.6810070818996288,2.396699903719857,2.670721903358515,1.114333045707289,1.0578545331954956,0.5364418029785156,0.031141159598442943,0.029911903298504405,7.542801637295824e-5,7.204222012679055e-5,0.8621902662703435,0.986116454165652,0.7317708333333334,0.9049479166666666,1.0439914,0.5294118
1.0e-6,tie1e-4,interior,1.8079893367928774,0.6510082401497472,2.291933945567155,2.6700480387807146,1.1649759993933824,1.0578545331954956,0.5364418029785156,0.031141159598442943,0.029911903298504405,7.542801637295824e-5,7.204222012679055e-5,0.8434282464047084,0.9628949551850765,0.002203360768175583,0.003362482853223594,1.0439914,0.5294118
1.0e-6,linear,box,0.3335178547556501,0.943695400083442,0.9013259821094014,1.0043773268190828,1.114333045707289,0.47260308265686035,0.5364418029785156,0.031141159598442943,0.029911903298504405,7.542801637295824e-5,7.204222012679055e-5,0.5965390658977566,0.8658518934217171,0.7317708333333334,0.9049479166666666,0.46640965,0.5294118
1.0e-6,linear,interior,0.4331605885843111,0.9022455675719185,0.8613168526411982,1.0034134612000425,1.1649759993933824,0.47260308265686035,0.5364418029785156,0.031141159598442943,0.029911903298504405,7.542801637295824e-5,7.204222012679055e-5,0.38645230272734354,0.5163394715062475,0.002203360768175583,0.003362482853223594,0.46640965,0.5294118
1.0e-5,quick,box,1.5133088567047852,0.9462261925463651,2.4245521725798413,2.763730662587943,1.1398932528010726,1.4801931381225586,0.5245208740234375,0.05838967424708052,0.06105306289694735,0.0001973166812349955,0.000196940481652088,0.9995415819389472,0.999959603984689,0.84765625,0.9609375,1.4825982,0.52537316
1.0e-5,quick,interior,1.5123072034074656,0.9455095788976661,2.422351290546328,2.7627431972106558,1.1405212811175531,1.4801931381225586,0.5245208740234375,0.05838967424708052,0.06105306289694735,0.0001973166812349955,0.000196940481652088,0.9981512547674523,0.9987182729247049,0.006275720164609053,0.010152606310013718,1.4825982,0.52537316
1.0e-5,tie1e-5,box,0.18159153759219354,0.986126672439218,1.0597561544497698,1.2080088900717039,1.1398932528010726,0.5361449122428894,0.5245208740234375,0.05838967424708052,0.06105306289694735,0.0001973166812349955,0.000196940481652088,0.9858910489799129,0.9979561118716835,0.84765625,0.9609375,0.53701603,0.52537316
1.0e-5,tie1e-5,interior,0.18789169119477545,0.9849364767089825,1.0584426041538186,1.2071763148789123,1.1405212811175531,0.5361449122428894,0.5245208740234375,0.05838967424708052,0.06105306289694735,0.0001973166812349955,0.000196940481652088,0.8987994266939702,0.9200309007020031,0.006275720164609053,0.010152606310013718,0.53701603,0.52537316
1.0e-5,tie1e-4,box,1.695157106725441,0.8134057181962081,2.405632611222468,2.742164382250717,1.1398932528010726,1.0546079874038696,0.5245208740234375,0.05838967424708052,0.06105306289694735,0.0001973166812349955,0.000196940481652088,0.9980145329677935,0.9999508383777478,0.84765625,0.9609375,1.0563215,0.52537316
1.0e-5,tie1e-4,interior,1.6946221937104138,0.8125507832837731,2.403771432606477,2.7415524738301156,1.1405212811175531,1.0546079874038696,0.5245208740234375,0.05838967424708052,0.06105306289694735,0.0001973166812349955,0.000196940481652088,0.9969337286663054,0.9989825931415556,0.006275720164609053,0.010152606310013718,1.0563215,0.52537316
1.0e-5,linear,box,0.1743520228940389,0.9894565654716558,0.8923848247732984,1.0172234406611502,1.1398932528010726,0.4681261479854584,0.5245208740234375,0.05838967424708052,0.06105306289694735,0.0001973166812349955,0.000196940481652088,0.9853462867237825,0.9979547734244439,0.84765625,0.9609375,0.46888676,0.52537316
1.0e-5,linear,interior,0.18104093296620272,0.9882689959983522,0.891050541675814,1.016262105332589,1.1405212811175531,0.4681261479854584,0.5245208740234375,0.05838967424708052,0.06105306289694735,0.0001973166812349955,0.000196940481652088,0.8910160732134786,0.9140252740728169,0.006275720164609053,0.010152606310013718,0.46888676,0.52537316
0.0001,quick,box,1.4464737433406867,0.9584239387813789,2.376472857755344,2.775966930228338,1.1681037808487025,1.4877985715866089,0.5501508712768555,0.14136447449293177,0.16123745134193812,0.0006305105009530076,0.0006145220186794379,0.9999417911132527,0.9999999999999988,0.94921875,1.0,1.4879951,0.5502235
0.0001,quick,interior,1.4460724023804727,0.9590351645590547,2.377087998478596,2.775013235519079,1.167400297042081,1.4877985715866089,0.5501508712768555,0.14136447449293177,0.16123745134193812,0.0006305105009530076,0.0006145220186794379,0.999819013036598,0.9999298962047654,0.01553840877914952,0.023851165980795612,1.4879951,0.5502235
0.0001,tie1e-5,box,0.15614935327230184,0.988881365255695,1.0365151251044162,1.2107572365413344,1.1681037808487025,0.5384225249290466,0.5501508712768555,0.14136447449293177,0.16123745134193812,0.0006305105009530076,0.0006145220186794379,0.9996206501006627,0.9999999999999971,0.94921875,1.0,0.53849363,0.5502235
0.0001,tie1e-5,interior,0.15649661548677982,0.9888259272046246,1.0364484530815916,1.2099502319962554,1.167400297042081,0.5384225249290466,0.5501508712768555,0.14136447449293177,0.16123745134193812,0.0006305105009530076,0.0006145220186794379,0.9939884924069075,0.9951361400024683,0.01553840877914952,0.023851165980795612,0.53849363,0.5502235
0.0001,tie1e-4,box,1.6896153424820397,0.7823995165897161,2.35305193170597,2.7486088579590864,1.1681037808487025,1.0576685667037964,0.5501508712768555,0.14136447449293177,0.16123745134193812,0.0006305105009530076,0.0006145220186794379,0.9999413178425272,0.999999999999998,0.94921875,1.0,1.0578083,0.5502235
0.0001,tie1e-4,interior,1.690501518184734,0.7823761289957726,2.3539701574291017,2.7480254610109274,1.167400297042081,1.0576685667037964,0.5501508712768555,0.14136447449293177,0.16123745134193812,0.0006305105009530076,0.0006145220186794379,0.999884505055591,0.9999569878461844,0.01553840877914952,0.023851165980795612,1.0578083,0.5502235
0.0001,linear,box,0.17665902610603865,0.9914311829616312,0.8725017835120679,1.0191726321176826,1.1681037808487025,0.4694668650627136,0.5501508712768555,0.14136447449293177,0.16123745134193812,0.0006305105009530076,0.0006145220186794379,0.9999023610060643,0.9999999999999941,0.94921875,1.0,0.46952888,0.5502235
0.0001,linear,interior,0.17706582722169084,0.9913868851171831,0.8722220280826862,1.0182322546703741,1.167400297042081,0.4694668650627136,0.5501508712768555,0.14136447449293177,0.16123745134193812,0.0006305105009530076,0.0006145220186794379,0.9955246434979255,0.9962142961960082,0.01553840877914952,0.023851165980795612,0.46952888,0.5502235
0.001,quick,box,1.4460313888121035,0.9597642940262898,2.378268533539744,2.7756237576158687,1.1670775265586653,1.4876354932785034,0.5508065223693848,0.2978897766851055,0.33128457283343576,0.0013550708976328959,0.0013669211844944827,0.9999997985610001,1.000000000000001,0.9986979166666666,1.0,1.4876547,0.5508136
0.001,quick,interior,1.445674203721318,0.9604235067144948,2.3790098507750295,2.7746789280560575,1.1663167040490092,1.4876354932785034,0.5508065223693848,0.2978897766851055,0.33128457283343576,0.0013550708976328959,0.0013669211844944827,0.9999796475067013,0.9999934716566334,0.030829903978052128,0.04853395061728395,1.4876547,0.5508136
0.001,tie1e-5,box,0.15743206906093463,0.9887363920485908,1.0375678299761353,1.2109220966453897,1.1670775265586653,0.53849196434021,0.5508065223693848,0.2978897766851055,0.33128457283343576,0.0013550708976328959,0.0013669211844944827,0.9999999055987232,0.9999999999999993,0.9986979166666666,1.0,0.5384989,0.5508136
0.001,tie1e-5,interior,0.15731644662352257,0.9887530838766936,1.0375498589127878,1.2101117317336774,1.1663167040490092,0.53849196434021,0.5508065223693848,0.2978897766851055,0.33128457283343576,0.0013550708976328959,0.0013669211844944827,0.9996788122891033,0.999739179579829,0.030829903978052128,0.04853395061728395,0.5384989,0.5508136
0.001,tie1e-4,box,1.6986171799047889,0.7775121260076349,2.3554301942090894,2.7489696450391405,1.1670775265586653,1.057705044746399,0.5508065223693848,0.2978897766851055,0.33128457283343576,0.0013550708976328959,0.0013669211844944827,0.9999999866015384,0.9999999999999951,0.9986979166666666,1.0,1.0577186,0.5508136
0.001,tie1e-4,interior,1.6995440524149759,0.7775369979567194,2.356465042324374,2.7483845413704726,1.1663167040490092,1.057705044746399,0.5508065223693848,0.2978897766851055,0.33128457283343576,0.0013550708976328959,0.0013669211844944827,0.9999972264415183,0.999997839576218,0.030829903978052128,0.04853395061728395,1.0577186,0.5508136
0.001,linear,box,0.17776987956312904,0.9910915457676623,0.8733435853945681,1.019259671478169,1.1670775265586653,0.46952933073043823,0.5508065223693848,0.2978897766851055,0.33128457283343576,0.0013550708976328959,0.0013669211844944827,0.999999988677339,1.0000000000000016,0.9986979166666666,1.0,0.46953538,0.5508136
0.001,linear,interior,0.17779655158671556,0.9911182213074666,0.8731057543228138,1.018317825668008,1.1663167040490092,0.46952933073043823,0.5508065223693848,0.2978897766851055,0.33128457283343576,0.0013550708976328959,0.0013669211844944827,0.999776833433074,0.9998050100404962,0.030829903978052128,0.04853395061728395,0.46953538,0.5508136
0.01,quick,box,1.4461835582743179,0.9598078285820433,2.3784966429561982,2.7756694021587744,1.166984788638985,1.4876600503921509,0.5509912967681885,0.4802294611759885,0.5128047531243598,0.0020856504876393045,0.0022167560422825757,0.9999999999999988,0.9999999999999988,1.0,1.0,1.4876571,0.55099016
0.01,quick,interior,1.4458203672792644,0.9604651222197117,2.379228592795435,2.7747241964736484,1.1662285014881788,1.4876600503921509,0.5509912967681885,0.4802294611759885,0.5128047531243598,0.0020856504876393045,0.0022167560422825757,0.999996801370315,0.9999990397828131,0.04823216735253772,0.08140089163237312,1.4876571,0.55099016
0.01,tie1e-5,box,0.15712304414538725,0.9887878101976755,1.037665050269386,1.2109393293666812,1.166984788638985,0.5384986996650696,0.5509912967681885,0.4802294611759885,0.5128047531243598,0.0020856504876393045,0.0022167560422825757,0.9999999999999969,0.9999999999999969,1.0,1.0,0.5384976,0.55099016
0.01,tie1e-5,interior,0.1569717698586595,0.988809684477938,1.0376433680367225,1.2101292701846138,1.1662285014881788,0.5384986996650696,0.5509912967681885,0.4802294611759885,0.5128047531243598,0.0020856504876393045,0.0022167560422825757,0.9999794414046375,0.9999879972451737,0.04823216735253772,0.08140089163237312,0.5384976,0.55099016
0.01,tie1e-4,box,1.6990559576650757,0.7773379014347531,2.3556424855642466,2.7489989481252057,1.166984788638985,1.0577282905578613,0.5509912967681885,0.4802294611759885,0.5128047531243598,0.0020856504876393045,0.0022167560422825757,1.0000000000000018,1.0000000000000018,1.0,1.0,1.0577261,0.55099016
0.01,tie1e-4,interior,1.699968621791491,0.7773669220041932,2.3566682379353665,2.7484136676321493,1.1662285014881788,1.0577282905578613,0.5509912967681885,0.4802294611759885,0.5128047531243598,0.0020856504876393045,0.0022167560422825757,0.9999999185322632,0.9999999355478421,0.04823216735253772,0.08140089163237312,1.0577261,0.55099016
0.01,linear,box,0.17780432665723728,0.9910737768545198,0.8734234060658291,1.019271828920074,1.166984788638985,0.4695337414741516,0.5509912967681885,0.4802294611759885,0.5128047531243598,0.0020856504876393045,0.0022167560422825757,0.9999999999999999,0.9999999999999999,1.0,1.0,0.4695328,0.55099016
0.01,linear,interior,0.17780927034525068,0.9911052502940041,0.873182590126204,1.0183304236084496,1.1662285014881788,0.4695337414741516,0.5509912967681885,0.4802294611759885,0.5128047531243598,0.0020856504876393045,0.0022167560422825757,0.9999934054297464,0.9999942190845811,0.04823216735253772,0.08140089163237312,0.4695328,0.55099016
