step,t_u_l,t_u_l_tan,candidate_pressure_x,candidate_pressure_x_tan,candidate_pressure_y,candidate_pressure_y_tan,candidate_pressure_z,candidate_pressure_z_tan,candidate_viscous_x,candidate_viscous_x_tan,candidate_viscous_y,candidate_viscous_y_tan,candidate_viscous_z,candidate_viscous_z_tan,candidate_total_x,candidate_total_x_tan,candidate_total_y,candidate_total_y_tan,candidate_total_z,candidate_total_z_tan,ground_pressure_x,ground_pressure_x_tan,ground_pressure_y,ground_pressure_y_tan,ground_pressure_z,ground_pressure_z_tan,ground_viscous_x,ground_viscous_x_tan,ground_viscous_y,ground_viscous_y_tan,ground_viscous_z,ground_viscous_z_tan,ground_total_x,ground_total_x_tan,ground_total_y,ground_total_y_tan,ground_total_z,ground_total_z_tan
1.0,0.010416666977107525,0.0,11786.323407047883,-104053.47220372941,132.86858560167838,251.53958649313472,-18599.624567490464,118072.78404728182,326.2504482475109,-620.7123941492316,0.2549379679134538,-26.032733681862624,35.961974464271975,458.8863873249012,12112.573855295394,-104674.18459787864,133.12352356959184,225.5068528112721,-18563.66259302619,118531.67043460673,-0.0,-0.0,-0.0,-0.0,5428.931180347368,-28455.4529803372,0.12166105411436035,-1.5766373099418445,0.00019887190864792403,-0.0505349208943322,0.14620442184382254,-0.9715057421230799,0.12166105411436035,-1.5766373099418445,0.00019887190864792403,-0.0505349208943322,5429.077384769213,-28456.424486079322
2.0,0.021883824840188026,0.060193609446287155,1760.2727955887474,-22745.65032545218,30.1160591378842,1310.5479790281686,-2168.226579165231,8375.522526681722,312.69314947961317,-168.5275112369045,0.31815806054165563,-25.726191659312832,35.450186251501684,511.928425698428,2072.9659450683607,-22914.177836689087,30.434217198425856,1284.8217873688557,-2132.7763929137295,8887.45095238015,-0.0,-0.0,-0.0,-0.0,326.29410954299965,-3942.040283838287,0.7354213512823602,-7.604671573062788,0.0016419820694988374,-0.08459590995502708,-0.14533256062544808,0.12513125080078424,0.7354213512823602,-7.604671573062788,0.0016419820694988374,-0.08459590995502708,326.1487769823742,-3941.9151525874863
3.0,0.03303689882159233,0.11189377307891846,1123.9406038686357,-6501.8019955141535,27.368845903549996,1862.1723858910862,-1209.637356543582,-9070.234939710379,294.1248382042339,173.73112896973953,0.36267359289595247,-23.278245729377986,34.201562279113475,561.2226407211951,1418.0654420728697,-6328.0708665444145,27.731519496445948,1838.8941401617083,-1175.4357942644685,-8509.012298989184,-0.0,-0.0,-0.0,-0.0,-165.26834224389495,5695.289883837104,1.6775111275686498,-17.70876336802072,0.002861379446161827,-0.0943014894253622,-0.011034365179689587,0.18171537049386188,1.6775111275686498,-17.70876336802072,0.002861379446161827,-0.0943014894253622,-165.27937660907463,5695.471599207598
4.0,0.04420274868607521,0.14671753346920013,773.9017412845617,479.5096931945892,23.93934414751933,1811.4619625412201,-823.3233421162838,-11747.741347568459,276.22724289872224,366.81077888496384,0.40885323444584687,-20.002286144624748,32.44347235684212,582.0858039907573,1050.128984183284,846.320472079553,24.348197381965175,1791.4596763965953,-790.8798697594417,-11165.6555435777,-0.0,-0.0,-0.0,-0.0,221.45597565121898,2857.434770435095,2.643955970299295,-28.392433249116948,0.003686269179245194,-0.09103691105745249,0.006269198885475502,-5.1652063319806985e-5,2.643955970299295,-28.392433249116948,0.003686269179245194,-0.09103691105745249,221.46224485010444,2857.4347187830317
5.0,0.05548357591032982,0.17926011979579926,509.7537697763139,3305.4480270195454,20.39712561485883,1657.6616652169348,-533.5314966659554,-10963.971591044394,259.06222669411494,498.4775411678597,0.4494120028557981,-14.55230179932002,30.665668013551205,575.6528056009158,768.8159964704289,3803.925568187405,20.846537617714628,1643.1093634176148,-502.86582865240416,-10388.318785443478,-0.0,-0.0,-0.0,-0.0,146.88844709499608,2154.898736368865,3.3792411571279395,-36.15093312912353,0.004386822079031738,-0.08655835147470725,-0.0020806358774088096,0.01807006954499002,3.3792411571279395,-36.15093312912353,0.004386822079031738,-0.08655835147470725,146.88636645911868,2154.91680643841
6.0,0.06692194938659668,0.20063908398151398,359.9765303993064,4516.456168816015,18.85733686370572,1607.3912155105613,-369.8969408045365,-10254.318298938355,243.09977708948855,593.0816790606959,0.48333988069377265,-8.788312966887077,29.069506611410002,590.7957876335149,603.076307488795,5109.537847876711,19.34067674439949,1598.6029025436742,-340.82743419312646,-9663.52251130484,-0.0,-0.0,-0.0,-0.0,75.47335275530168,2175.699542235583,3.776124188557793,-38.740183144315324,0.005013029712111816,-0.08320049111721772,-0.0006264549316625789,0.02473118062606905,3.776124188557793,-38.740183144315324,0.005013029712111816,-0.08320049111721772,75.47272630037001,2175.724273416209
7.0,0.078558050096035,0.2124766707420349,310.4427457106508,3803.5002928570834,18.295757433447967,1558.3465434927589,-310.0691921177278,-8459.682152961434,229.02675457616544,656.5417939185934,0.50983063632285,-2.721728543950661,27.710778194365275,594.6212309817613,539.4695002868162,4460.042086775677,18.805588069770817,1555.6248149488083,-282.35841392336255,-7865.0609219796725,-0.0,-0.0,-0.0,-0.0,67.73213702483918,1862.9877517819405,3.881203537488253,-36.689813360626744,0.005542877141363256,-0.0808198303624974,0.0014996243861187253,-0.021115397568953753,3.881203537488253,-36.689813360626744,0.005542877141363256,-0.0808198303624974,67.73363664922529,1862.9666363843714
8.0,0.09039723873138428,0.2169298678636551,327.45217575892127,1900.8505099083422,18.008655056250472,1480.7587997440417,-311.53100927897674,-6112.8610454961035,217.32371355251374,689.82512419785,0.533769047131786,0.7870644878312092,26.634013542581982,591.7536628420289,544.775889311435,2590.6756341061923,18.54242410338226,1481.5458642318729,-284.89699573639473,-5521.107382654074,-0.0,-0.0,-0.0,-0.0,67.26780974282883,1076.3853683518246,3.8401592067180186,-32.33705093133163,0.005972114336788903,-0.07957209499174667,0.0034094883323727565,-0.021830730688106037,3.8401592067180186,-32.33705093133163,0.005972114336788903,-0.07957209499174667,67.2712192311612,1076.3635376211364
9.0,0.10234596580266953,0.23996727168560028,368.1427103913944,-593.2926388570149,18.05159487781363,1428.3411373432787,-343.0362789557349,-3591.0523115254564,208.02904708522738,685.6869463471265,0.5585757907857354,3.8909654671789156,25.802638171718776,589.3015355947663,576.1717574766218,92.3943074901116,18.610170668599366,1432.2321028104575,-317.2336407840161,-3001.75077593069,-0.0,-0.0,-0.0,-0.0,80.18570309222196,464.9273789282888,3.807747487980052,-29.356615188960596,0.00633788026120552,-0.08086733201461627,0.004207422242277659,-0.021223947064015647,3.807747487980052,-29.356615188960596,0.00633788026120552,-0.08086733201461627,80.18991051446423,464.9061549812248
10.0,0.11434313654899597,0.2601727247238159,393.51436768163376,-1701.5598610469224,18.25411682885977,1394.3348593875921,-366.0374656759909,-2371.598156202916,200.613857751554,657.9361416090834,0.5851994288050841,6.627334110430851,25.16485868691553,581.0288212207586,594.1282254331877,-1043.623719437839,18.839316257664855,1400.962193498023,-340.8726069890754,-1790.5693349821574,-0.0,-0.0,-0.0,-0.0,88.03792463549325,155.40105552598834,3.8709277216515625,-28.05925584712001,0.006671179723719223,-0.0829863826805699,0.004169370397352212,-0.004180050501478405,3.8709277216515625,-28.05925584712001,0.006671179723719223,-0.0829863826805699,88.0420940058906,155.39687547548687
11.0,0.12637875974178314,0.2786600589752197,386.7146809253423,-1813.6386165415634,18.087458495633612,1372.1200399545655,-366.0538862559075,-2107.529905350181,194.31221923613057,631.7985413451671,0.6119541833388729,9.354264394193265,24.649192880074327,569.4940821577117,581.0269001614729,-1181.8400751963964,18.699412678972486,1381.4743043487588,-341.4046933758332,-1538.0358231924693,-0.0,-0.0,-0.0,-0.0,88.0396553842038,159.14205813407898,4.028001968663162,-28.485931912532653,0.006983783553640377,-0.08584650570460894,0.0038210668234626155,0.021904877983429216,4.028001968663162,-28.485931912532653,0.006983783553640377,-0.08584650570460894,88.04347645102726,159.1639630120624
12.0,0.13844259083271027,0.29854169487953186,358.5755353274492,-1594.0533360542406,18.28438658258169,1423.3526684948993,-345.627461085177,-2058.5776517335817,188.56893613074917,611.9008776573152,0.6367076037322468,11.922897676759753,24.1786390828213,560.3099382638708,547.1444714581984,-982.1524583969255,18.921094186313937,1435.275566171659,-321.4488220023557,-1498.267713469711,-0.0,-0.0,-0.0,-0.0,83.06757331865447,95.43712023552507,4.231400236022066,-29.954498529380214,0.007282722554162291,-0.08938171463056932,0.003708813253171961,0.019566536837302806,4.231400236022066,-29.954498529380214,0.007282722554162291,-0.08938171463056932,83.07128213190764,95.45668677236237
