step,stage,iters,dt_value,dt_tangent,r2_value,r2_tangent
1,project1_solve,32,0.25,0.0,0.1733204871416092,-3.359650135040283
1,project2_solve,32,0.25,0.0,0.06317418068647385,-1.4968019723892212
2,project1_solve,32,0.27521181106567383,1.4446465969085693,0.112284354865551,-0.7586945295333862
2,project2_solve,32,0.27521181106567383,1.4446465969085693,0.012534876354038715,-0.253077894449234
3,project1_solve,32,0.2676737308502197,1.2408039569854736,0.008341925218701363,-0.15822423994541168
3,project2_solve,32,0.2676737308502197,1.2408039569854736,0.005429770331829786,-0.1008293479681015
4,project1_solve,32,0.2679804265499115,0.8357700109481812,0.03418835997581482,-0.8973880410194397
4,project2_solve,32,0.2679804265499115,0.8357700109481812,0.023451924324035645,-0.6186484694480896
5,project1_solve,32,0.2707398235797882,0.7810220122337341,0.029469359666109085,-0.8333356380462646
5,project2_solve,32,0.2707398235797882,0.7810220122337341,0.020297719165682793,-0.5752098560333252
6,project1_solve,32,0.2745210528373718,0.5130952000617981,0.007494898978620768,-0.21737714111804962
6,project2_solve,32,0.2745210528373718,0.5130952000617981,0.0051758624613285065,-0.15097202360630035
7,project1_solve,32,0.27926644682884216,0.28410208225250244,0.00011437147622928023,-0.004676652606576681
7,project2_solve,9,0.27926644682884216,0.28410208225250244,9.8682168754749e-5,-0.004075557924807072
8,project1_solve,32,0.28414052724838257,0.10687684267759323,0.005707578267902136,-0.1953621357679367
8,project2_solve,32,0.28414052724838257,0.10687684267759323,0.003899729112163186,-0.13375356793403625
9,project1_solve,32,0.28676941990852356,0.5528973937034607,0.007099573966115713,-0.2381206750869751
9,project2_solve,32,0.28676941990852356,0.5528973937034607,0.004859226290136576,-0.16345666348934174
10,project1_solve,32,0.2879321873188019,0.484931081533432,0.002641802653670311,-0.08947151154279709
10,project2_solve,32,0.2879321873188019,0.484931081533432,0.001806520507670939,-0.06129006668925285
11,project1_solve,1,0.28885483741760254,0.44369593262672424,8.041896217036992e-5,-0.0016923077637329698
11,project2_solve,1,0.28885483741760254,0.44369593262672424,7.325004116864875e-5,-0.0021080097649246454
12,project1_solve,32,0.2895320951938629,0.47715896368026733,0.0006563736242242157,-0.01979992538690567
12,project2_solve,32,0.2895320951938629,0.47715896368026733,0.00045316488831304014,-0.013740306720137596
