step,stage_idx,stage,field,n,nonfinite_primal,nonfinite_tangent,maxabs_primal,maxabs_tangent,rms_primal,rms_tangent,argmax_primal,argmax_tangent
1,1,measure,sigma,629888,0,0,53.5,29.999998092651367,27.590348865895276,1.569494573460484,2;2;55,69;25;21
1,1,measure,mu0,1889664,0,0,1.0,29.999998092651367,0.9754156963600467,1.4444544581201022,3;1;3;1,62;25;21;1
1,1,measure,mu1,5668992,0,0,0.14867882430553436,23.788612365722656,0.008853358437984495,0.12532272723288598,65;29;21;1;1,62;24;21;1;2
1,1,measure,V,1889664,0,0,1.0,0.0,0.15277303098876363,0.0,3;1;1;1,1;1;1;1
1,1,measure,D1,629888,0,0,6.0,154.99993896484375,5.677487839430335,7.221705814478125,3;3;3,60;27;21
1,1,measure,iD1,629888,0,0,11244.546875,785873.3125,20.90824938634001,1404.4829759706467,86;49;31,86;49;31
1,1,measure,L2,254562,0,0,2.0,59.999996185302734,1.9140283466358488,2.214668450866363,3;1;3;1,31;26;12;2
1,1,measure,L3,133980,0,0,4.0,119.99980163574219,3.1759293831232904,3.5045190375221997,3;1;3;1,35;8;13;1
1,1,measure,L4,73689,0,0,8.0,239.99960327148438,6.2695741244794245,6.412011366597888,3;1;3;1,43;6;17;3
1,2,pre_scale,u0,1889664,0,0,1.0,0.0,0.5773502691896257,0.0,1;1;1;1,1;1;1;1
1,3,predict_conv_diff,f,1889664,0,0,0.0,0.0,0.0,0.0,1;1;1;1,1;1;1;1
1,3,predict_conv_diff,sigma,629888,0,0,0.5,0.0,0.0006299967905525253,0.0,2;2;2,1;1;1
1,4,predict_accelerate,f,1889664,0,0,0.0,0.0,0.0,0.0,1;1;1;1,1;1;1;1
1,5,predict_bdim,u,1889664,0,0,1.0,29.999998092651367,0.5736221171331005,0.9011662062527325,1;1;1;1,62;25;21;1
1,5,predict_bdim,f,1889664,0,0,1.0,0.0,0.5567708095220506,0.0,1;1;1;1,1;1;1;1
1,6,predict_bc,u,1889664,0,0,1.0,29.999998092651367,0.5754127578536268,0.9011662062527325,1;1;1;1,62;25;21;1
1,7,predict_exitbc,u,1889664,0,0,1.0,29.999998092651367,0.5754127578536268,0.9011662062527325,1;1;1;1,62;25;21;1
1,8,project1_rhs,z,629888,0,0,0.7881139516830444,29.999998092651367,0.024086555119946708,1.240050776622681,87;47;34,58;27;21
1,8,project1_rhs,x,629888,0,0,0.0,0.0,0.0,0.0,1;1;1,1;1;1
1,9,project1_solve,x,629888,0,0,6.33257532119751,53.76811218261719,0.5021205652598093,4.272909771368488,85;37;30,65;42;22
1,9,project1_solve,r,629888,0,0,0.003882479388266802,0.034157924354076385,0.0005245621912903407,0.005414129291912954,64;37;55,81;34;27
1,10,project1_gradient,u,1889664,0,0,1.761487603187561,61.41156768798828,0.574235920186684,0.9721202687953896,90;37;37;1,90;37;36;1
1,11,project1_bc,u,1889664,0,0,1.761487603187561,61.41156768798828,0.5742476082421534,0.9721987100654358,90;37;37;1,90;37;36;1
1,11,project1_bc,p,629888,0,0,25.33030128479004,215.07244873046875,2.008482261039237,17.09163908547395,85;37;30,65;42;22
1,12,correct_conv_diff,f,1889664,0,0,0.960107684135437,219.87274169921875,0.017032316172569,1.244055581606476,89;37;37;1,88;29;37;3
1,12,correct_conv_diff,sigma,629888,0,0,0.7424923181533813,184.7919464111328,0.013323450292443645,0.5980765475772827,92;37;36,88;29;38
1,13,correct_accelerate,f,1889664,0,0,0.960107684135437,219.87274169921875,0.017032316172569,1.244055581606476,89;37;37;1,88;29;37;3
1,14,correct_bdim,u,1889664,0,0,2.694582939147949,85.4117431640625,1.1135710896187456,1.6772493508606046,91;37;37;1,91;34;36;1
1,14,correct_bdim,f,1889664,0,0,1.171865701675415,54.96818542480469,0.556788708285063,0.311013895401619,88;51;30;1,88;29;37;3
1,15,correct_scale,u,1889664,0,0,1.3472914695739746,42.70587158203125,0.5731932387613788,0.838692871305186,91;37;37;1,91;34;36;1
1,16,correct_bc,u,1889664,0,0,1.3472914695739746,42.70587158203125,0.5745318859885838,0.8386247820573621,91;37;37;1,91;34;36;1
1,17,project2_rhs,z,629888,0,0,0.4043304920196533,42.348960876464844,0.012623482180862752,0.6949187033783597,87;28;34,88;29;37
1,17,project2_rhs,x,629888,0,0,3.166287660598755,26.884056091308594,0.25106028262990465,2.136454885684244,85;37;30,65;42;22
1,18,project2_solve,x,629888,0,0,3.3198845386505127,28.37786865234375,0.32693117714665576,3.0576017658129926,85;37;30,65;42;22
1,18,project2_solve,r,629888,0,0,0.00140967161860317,0.015803610906004906,0.00031669579809534846,0.0037891011876325896,44;35;55,33;36;55
1,19,project2_gradient,u,1889664,0,0,1.744422435760498,58.479984283447266,0.574866817482323,0.9322522344968092,90;37;37;1,90;37;36;1
1,20,project2_bc,u,1889664,0,0,1.744422435760498,58.479984283447266,0.5749199781643273,0.9323772922229692,90;37;37;1,90;37;36;1
1,20,project2_bc,p,629888,0,0,26.5590763092041,227.02294921875,2.615449417173246,24.46081412650394,85;37;30,65;42;22
1,21,cfl,sigma,629888,0,0,2.1335649490356445,63.24040603637695,0.9800365662859712,1.8074729801689429,88;29;37,89;29;36
1,22,cfl_dt,dt,1,0,0,0.27521181106567383,1.4446465969085693,0.27521181106567383,1.4446465969085693,,
1,23,force_candidate_pressure,x,1,0,0,11786.323407047883,104053.47220372941,11786.323407047883,104053.47220372941,,
1,23,force_candidate_pressure,y,1,0,0,132.86858560167838,251.53958649313472,132.86858560167838,251.53958649313472,,
1,23,force_candidate_pressure,z,1,0,0,18599.624567490464,118072.78404728182,18599.624567490464,118072.78404728182,,
1,24,force_candidate_viscous,x,1,0,0,326.2504482475109,620.7123941492316,326.2504482475109,620.7123941492316,,
1,24,force_candidate_viscous,y,1,0,0,0.2549379679134538,26.032733681862624,0.2549379679134538,26.032733681862624,,
1,24,force_candidate_viscous,z,1,0,0,35.961974464271975,458.8863873249012,35.961974464271975,458.8863873249012,,
1,25,force_candidate_total,x,1,0,0,12112.573855295394,104674.18459787864,12112.573855295394,104674.18459787864,,
1,25,force_candidate_total,y,1,0,0,133.12352356959184,225.5068528112721,133.12352356959184,225.5068528112721,,
1,25,force_candidate_total,z,1,0,0,18563.66259302619,118531.67043460673,18563.66259302619,118531.67043460673,,
1,26,force_ground_pressure,x,1,0,0,0.0,0.0,0.0,0.0,,
1,26,force_ground_pressure,y,1,0,0,0.0,0.0,0.0,0.0,,
1,26,force_ground_pressure,z,1,0,0,5428.931180347368,28455.4529803372,5428.931180347368,28455.4529803372,,
1,27,force_ground_viscous,x,1,0,0,0.12166105411436035,1.5766373099418445,0.12166105411436035,1.5766373099418445,,
1,27,force_ground_viscous,y,1,0,0,0.00019887190864792403,0.0505349208943322,0.00019887190864792403,0.0505349208943322,,
1,27,force_ground_viscous,z,1,0,0,0.14620442184382254,0.9715057421230799,0.14620442184382254,0.9715057421230799,,
1,28,force_ground_total,x,1,0,0,0.12166105411436035,1.5766373099418445,0.12166105411436035,1.5766373099418445,,
1,28,force_ground_total,y,1,0,0,0.00019887190864792403,0.0505349208943322,0.00019887190864792403,0.0505349208943322,,
1,28,force_ground_total,z,1,0,0,5429.077384769213,28456.424486079322,5429.077384769213,28456.424486079322,,
2,1,measure,sigma,629888,0,0,53.5,29.999998092651367,27.59034886589825,1.5694945767545705,2;2;55,69;25;21
2,1,measure,mu0,1889664,0,0,1.0,29.999998092651367,0.9754156963600467,1.4444544581201022,3;1;3;1,62;25;21;1
2,1,measure,mu1,5668992,0,0,0.14867882430553436,23.788612365722656,0.008853358437984495,0.12532272723288598,65;29;21;1;1,62;24;21;1;2
2,1,measure,V,1889664,0,0,1.0,0.0,0.15277303098876363,0.0,3;1;1;1,1;1;1;1
2,1,measure,D1,629888,0,0,6.0,154.99993896484375,5.677487839430335,7.221705814478125,3;3;3,60;27;21
2,1,measure,iD1,629888,0,0,11244.546875,785873.3125,20.90824938634001,1404.4829759706467,86;49;31,86;49;31
2,1,measure,L2,254562,0,0,2.0,59.999996185302734,1.9140283466358488,2.214668450866363,3;1;3;1,31;26;12;2
2,1,measure,L3,133980,0,0,4.0,119.99980163574219,3.1759293831232904,3.5045190375221997,3;1;3;1,35;8;13;1
2,1,measure,L4,73689,0,0,8.0,239.99960327148438,6.2695741244794245,6.412011366597888,3;1;3;1,43;6;17;3
2,2,pre_scale,u0,1889664,0,0,1.744422435760498,58.479984283447266,0.5749199781643273,0.9323772922229692,90;37;37;1,90;37;36;1
2,3,predict_conv_diff,f,1889664,0,0,0.7852490544319153,92.69839477539062,0.015603045467919076,1.032509711771484,89;37;37;1,82;40;26;3
2,3,predict_conv_diff,sigma,629888,0,0,0.6755121946334839,31.153560638427734,0.012981691155644796,0.44642125800511795,92;37;36,87;27;37
2,4,predict_accelerate,f,1889664,0,0,0.7852490544319153,92.69839477539062,0.015603045467919076,1.032509711771484,89;37;37;1,82;40;26;3
2,5,predict_bdim,u,1889664,0,0,1.6757129430770874,55.49879837036133,0.5727556435137864,0.8945988971779568,91;37;37;1,91;37;36;1
2,5,predict_bdim,f,1889664,0,0,1.6757129430770874,46.50871276855469,0.5540611965759795,0.7833438688660213,91;37;37;1,91;37;36;1
2,6,predict_bc,u,1889664,0,0,1.6757129430770874,55.49879837036133,0.5745477580317291,0.8945913866124945,91;37;37;1,91;37;36;1
2,7,predict_exitbc,u,1889664,0,0,1.6757129430770874,55.49879837036133,0.5745477004844769,0.8945913866279901,91;37;37;1,91;37;36;1
2,8,project1_rhs,z,629888,0,0,0.4970506727695465,35.69025802612305,0.011214715299623309,0.46092151373664736,92;37;36,75;47;29
2,8,project1_rhs,x,629888,0,0,7.309371471405029,71.67606353759766,0.7198025707898934,3.6345005679287277,85;37;30,85;28;30
2,9,project1_solve,x,629888,0,0,1.1084198951721191,24.053701400756836,0.42152566803430525,3.1881200339868325,65;36;24,86;50;33
2,9,project1_solve,r,629888,0,0,0.0034715726505964994,0.03825906291604042,0.00042221633846846343,0.0026138944466864425,69;36;55,85;27;32
2,10,project1_gradient,u,1889664,0,0,1.7433233261108398,56.57827377319336,0.5777825401792459,0.9609262088532647,91;37;37;1,90;37;36;1
2,11,project1_bc,u,1889664,0,0,1.7433233261108398,56.57827377319336,0.5780023024073286,0.9610918561889934,91;37;37;1,90;37;36;1
2,11,project1_bc,p,629888,0,0,4.027515888214111,81.99594116210938,1.531640907352167,19.38419648017632,65;36;24,86;50;33
2,12,correct_conv_diff,f,1889664,0,0,0.9886389374732971,115.0588607788086,0.016301544534326595,1.008545582249292,89;37;37;1,92;27;37;1
2,12,correct_conv_diff,sigma,629888,0,0,0.6774083971977234,77.29605102539062,0.014437007353212274,0.5038237331509269,92;37;37,93;31;36
2,13,correct_accelerate,f,1889664,0,0,0.9886389374732971,115.0588607788086,0.016301544534326595,1.008545582249292,89;37;37;1,92;27;37;1
2,14,correct_bdim,u,1889664,0,0,3.368960380554199,115.26078796386719,1.1169118101223694,1.8623911569436475,91;37;37;1,91;37;36;1
2,14,correct_bdim,f,1889664,0,0,1.625637173652649,48.90200424194336,0.5540616010823105,0.8023237978836978,91;37;37;1,91;34;36;1
2,15,correct_scale,u,1889664,0,0,1.6844801902770996,57.630393981933594,0.5750161118470717,0.9314276852494311,91;37;37;1,91;37;36;1
2,16,correct_bc,u,1889664,0,0,1.6844801902770996,57.630393981933594,0.5762453507841705,0.9313293773571031,91;37;37;1,91;37;36;1
2,17,project2_rhs,z,629888,0,0,0.2997587025165558,26.84710121154785,0.006004506216977086,0.26333450245467027,92;37;36,92;27;37
2,17,project2_rhs,x,629888,0,0,0.5542099475860596,12.026850700378418,0.2107628340181009,1.594059953870496,65;36;24,86;50;33
2,18,project2_solve,x,629888,0,0,0.5070661306381226,11.110574722290039,0.23252727141060145,2.1570801303936635,65;37;24,86;50;33
2,18,project2_solve,r,629888,0,0,0.0007592624751850963,0.009543990716338158,0.00014106972061546662,0.0017774148180514165,147;70;55,147;6;55
2,19,project2_gradient,u,1889664,0,0,1.7153732776641846,59.548492431640625,0.5785477544927968,0.9695061720225181,90;37;37;1,90;37;36;1
2,20,project2_bc,u,1889664,0,0,1.7153732776641846,59.548492431640625,0.5787009396915864,0.9696047567145172,90;37;37;1,90;37;36;1
2,20,project2_bc,p,629888,0,0,3.684915542602539,78.26493835449219,1.689805902719489,24.480296134186073,65;37;24,92;38;36
2,21,cfl,sigma,629888,0,0,2.235891342163086,68.19464111328125,0.9902434739406613,1.8865291207682506,88;29;37,89;29;36
2,22,cfl_dt,dt,1,0,0,0.2676737308502197,1.2408039569854736,0.2676737308502197,1.2408039569854736,,
2,23,force_candidate_pressure,x,1,0,0,1760.2727955887474,22745.65032545218,1760.2727955887474,22745.65032545218,,
2,23,force_candidate_pressure,y,1,0,0,30.1160591378842,1310.5479790281686,30.1160591378842,1310.5479790281686,,
2,23,force_candidate_pressure,z,1,0,0,2168.226579165231,8375.522526681722,2168.226579165231,8375.522526681722,,
2,24,force_candidate_viscous,x,1,0,0,312.69314947961317,168.5275112369045,312.69314947961317,168.5275112369045,,
2,24,force_candidate_viscous,y,1,0,0,0.31815806054165563,25.726191659312832,0.31815806054165563,25.726191659312832,,
2,24,force_candidate_viscous,z,1,0,0,35.450186251501684,511.928425698428,35.450186251501684,511.928425698428,,
2,25,force_candidate_total,x,1,0,0,2072.9659450683607,22914.177836689087,2072.9659450683607,22914.177836689087,,
2,25,force_candidate_total,y,1,0,0,30.434217198425856,1284.8217873688557,30.434217198425856,1284.8217873688557,,
2,25,force_candidate_total,z,1,0,0,2132.7763929137295,8887.45095238015,2132.7763929137295,8887.45095238015,,
2,26,force_ground_pressure,x,1,0,0,0.0,0.0,0.0,0.0,,
2,26,force_ground_pressure,y,1,0,0,0.0,0.0,0.0,0.0,,
2,26,force_ground_pressure,z,1,0,0,326.29410954299965,3942.040283838287,326.29410954299965,3942.040283838287,,
2,27,force_ground_viscous,x,1,0,0,0.7354213512823602,7.604671573062788,0.7354213512823602,7.604671573062788,,
2,27,force_ground_viscous,y,1,0,0,0.0016419820694988374,0.08459590995502708,0.0016419820694988374,0.08459590995502708,,
2,27,force_ground_viscous,z,1,0,0,0.14533256062544808,0.12513125080078424,0.14533256062544808,0.12513125080078424,,
2,28,force_ground_total,x,1,0,0,0.7354213512823602,7.604671573062788,0.7354213512823602,7.604671573062788,,
2,28,force_ground_total,y,1,0,0,0.0016419820694988374,0.08459590995502708,0.0016419820694988374,0.08459590995502708,,
2,28,force_ground_total,z,1,0,0,326.1487769823742,3941.9151525874863,326.1487769823742,3941.9151525874863,,
3,1,measure,sigma,629888,0,0,53.5,29.999998092651367,27.590348865924234,1.5694945933787519,2;2;55,69;25;21
3,1,measure,mu0,1889664,0,0,1.0,29.999998092651367,0.9754156963600467,1.4444544581201022,3;1;3;1,62;25;21;1
3,1,measure,mu1,5668992,0,0,0.14867882430553436,23.788612365722656,0.008853358437984495,0.12532272723288598,65;29;21;1;1,62;24;21;1;2
3,1,measure,V,1889664,0,0,1.0,0.0,0.15277303098876363,0.0,3;1;1;1,1;1;1;1
3,1,measure,D1,629888,0,0,6.0,154.99993896484375,5.677487839430335,7.221705814478125,3;3;3,60;27;21
3,1,measure,iD1,629888,0,0,11244.546875,785873.3125,20.90824938634001,1404.4829759706467,86;49;31,86;49;31
3,1,measure,L2,254562,0,0,2.0,59.999996185302734,1.9140283466358488,2.214668450866363,3;1;3;1,31;26;12;2
3,1,measure,L3,133980,0,0,4.0,119.99980163574219,3.1759293831232904,3.5045190375221997,3;1;3;1,35;8;13;1
3,1,measure,L4,73689,0,0,8.0,239.99960327148438,6.2695741244794245,6.412011366597888,3;1;3;1,43;6;17;3
3,2,pre_scale,u0,1889664,0,0,1.7153732776641846,59.548492431640625,0.5787009396915864,0.9696047567145172,90;37;37;1,90;37;36;1
3,3,predict_conv_diff,f,1889664,0,0,0.9259943962097168,150.05372619628906,0.015720934108038574,1.027528558980081,89;37;37;1,88;30;36;1
3,3,predict_conv_diff,sigma,629888,0,0,0.6338726878166199,68.59053039550781,0.014038942995383418,0.5267829530525084,92;37;37,93;42;36
3,4,predict_accelerate,f,1889664,0,0,0.9259943962097168,150.05372619628906,0.015720934108038574,1.027528558980081,89;37;37;1,88;30;36;1
3,5,predict_bdim,u,1889664,0,0,1.6259359121322632,58.183311462402344,0.5766595369023325,0.8423269362884118,91;37;37;1,89;30;36;1
3,5,predict_bdim,f,1889664,0,0,1.6259359121322632,68.40315246582031,0.5576745597558601,0.8368902077294368,91;37;37;1,89;30;36;1
3,6,predict_bc,u,1889664,0,0,1.6259359121322632,58.183311462402344,0.5784332062885001,0.8423136565596845,91;37;37;1,89;30;36;1
3,7,predict_exitbc,u,1889664,0,0,1.6259359121322632,58.183311462402344,0.578433264213596,0.8423136566123844,91;37;37;1,89;30;36;1
3,8,project1_rhs,z,629888,0,0,0.4337051808834076,66.50641632080078,0.008861240374054365,0.43347855233291355,92;37;36,88;45;36
3,8,project1_rhs,x,629888,0,0,0.9863550662994385,21.520286560058594,0.4523166504247144,4.470571236746466,65;37;24,86;50;33
3,9,project1_solve,x,629888,0,0,0.7565375566482544,18.800249099731445,0.41376797379987984,4.122543237671802,91;37;35,89;45;36
3,9,project1_solve,r,629888,0,0,0.0005441219545900822,0.0058609857223927975,0.00011508180258966594,0.0011530089225889764,147;70;55,49;36;55
3,10,project1_gradient,u,1889664,0,0,1.6790266036987305,54.99386978149414,0.5825694287724345,0.8812259484314983,90;37;38;1,89;30;36;1
3,11,project1_bc,u,1889664,0,0,1.6790266036987305,54.99386978149414,0.582842819250316,0.881539766266639,90;37;38;1,89;30;36;1
3,11,project1_bc,p,629888,0,0,2.8263421058654785,78.52599334716797,1.5457922318614916,22.478648644086693,91;37;35,89;45;36
3,12,correct_conv_diff,f,1889664,0,0,0.9209510087966919,145.82350158691406,0.015656931457160655,0.9884420120570773,89;37;37;1,92;39;37;1
3,12,correct_conv_diff,sigma,629888,0,0,0.6516721248626709,32.3230094909668,0.01454256733739677,0.41258310485802774,88;37;38,88;45;38
3,13,correct_accelerate,f,1889664,0,0,0.9209510087966919,145.82350158691406,0.015656931457160655,0.9884420120570773,89;37;37;1,92;39;37;1
3,14,correct_bdim,u,1889664,0,0,3.2821836471557617,98.92498779296875,1.1255331608658883,1.730971062719384,91;37;38;1,90;37;36;1
3,14,correct_bdim,f,1889664,0,0,1.6265332698822021,54.20682907104492,0.5576739909163135,0.870286816200718,91;37;37;1,91;37;36;1
3,15,correct_scale,u,1889664,0,0,1.6410918235778809,49.462493896484375,0.5794360929394059,0.8659686367242043,91;37;38;1,90;37;36;1
3,16,correct_bc,u,1889664,0,0,1.6410918235778809,49.462493896484375,0.5806292318827099,0.8657865571710006,91;37;38;1,90;37;36;1
3,17,project2_rhs,z,629888,0,0,0.2254447042942047,33.250755310058594,0.004542155355089208,0.265842091028665,92;37;36,92;39;37
3,17,project2_rhs,x,629888,0,0,0.3782687783241272,9.400124549865723,0.2068839869050762,2.061271598935626,91;37;35,89;45;36
3,18,project2_solve,x,629888,0,0,0.3599688708782196,10.529159545898438,0.17687801883013932,1.7839548551165183,91;37;35,92;39;37
3,18,project2_solve,r,629888,0,0,0.000464950455352664,0.0039003388956189156,9.284669453194115e-5,0.0008706224636003371,146;69;55,7;6;55
3,19,project2_gradient,u,1889664,0,0,1.6674199104309082,53.3067741394043,0.5823961498735123,0.8891517505070692,90;37;38;1,90;37;36;1
3,20,project2_bc,u,1889664,0,0,1.6674199104309082,53.3067741394043,0.5825131094652077,0.8892952792598668,90;37;38;1,90;37;36;1
3,20,project2_bc,p,629888,0,0,2.6896092891693115,87.73513793945312,1.3215941532319628,19.349988649610104,91;37;35,92;39;37
3,21,cfl,sigma,629888,0,0,2.2316160202026367,62.71913146972656,0.9978196266163375,1.7529325046323754,88;29;37,89;30;36
3,22,cfl_dt,dt,1,0,0,0.2679804265499115,0.8357700109481812,0.2679804265499115,0.8357700109481812,,
3,23,force_candidate_pressure,x,1,0,0,1123.9406038686357,6501.8019955141535,1123.9406038686357,6501.8019955141535,,
3,23,force_candidate_pressure,y,1,0,0,27.368845903549996,1862.1723858910862,27.368845903549996,1862.1723858910862,,
3,23,force_candidate_pressure,z,1,0,0,1209.637356543582,9070.234939710379,1209.637356543582,9070.234939710379,,
3,24,force_candidate_viscous,x,1,0,0,294.1248382042339,173.73112896973953,294.1248382042339,173.73112896973953,,
3,24,force_candidate_viscous,y,1,0,0,0.36267359289595247,23.278245729377986,0.36267359289595247,23.278245729377986,,
3,24,force_candidate_viscous,z,1,0,0,34.201562279113475,561.2226407211951,34.201562279113475,561.2226407211951,,
3,25,force_candidate_total,x,1,0,0,1418.0654420728697,6328.0708665444145,1418.0654420728697,6328.0708665444145,,
3,25,force_candidate_total,y,1,0,0,27.731519496445948,1838.8941401617083,27.731519496445948,1838.8941401617083,,
3,25,force_candidate_total,z,1,0,0,1175.4357942644685,8509.012298989184,1175.4357942644685,8509.012298989184,,
3,26,force_ground_pressure,x,1,0,0,0.0,0.0,0.0,0.0,,
3,26,force_ground_pressure,y,1,0,0,0.0,0.0,0.0,0.0,,
3,26,force_ground_pressure,z,1,0,0,165.26834224389495,5695.289883837104,165.26834224389495,5695.289883837104,,
3,27,force_ground_viscous,x,1,0,0,1.6775111275686498,17.70876336802072,1.6775111275686498,17.70876336802072,,
3,27,force_ground_viscous,y,1,0,0,0.002861379446161827,0.0943014894253622,0.002861379446161827,0.0943014894253622,,
3,27,force_ground_viscous,z,1,0,0,0.011034365179689587,0.18171537049386188,0.011034365179689587,0.18171537049386188,,
3,28,force_ground_total,x,1,0,0,1.6775111275686498,17.70876336802072,1.6775111275686498,17.70876336802072,,
3,28,force_ground_total,y,1,0,0,0.002861379446161827,0.0943014894253622,0.002861379446161827,0.0943014894253622,,
3,28,force_ground_total,z,1,0,0,165.27937660907463,5695.471599207598,165.27937660907463,5695.471599207598,,
4,1,measure,sigma,629888,0,0,53.5,29.999998092651367,27.590348865910624,1.5694945848074975,2;2;55,69;25;21
4,1,measure,mu0,1889664,0,0,1.0,29.999998092651367,0.9754156963600467,1.4444544581201022,3;1;3;1,62;25;21;1
4,1,measure,mu1,5668992,0,0,0.14867882430553436,23.788612365722656,0.008853358437984495,0.12532272723288598,65;29;21;1;1,62;24;21;1;2
4,1,measure,V,1889664,0,0,1.0,0.0,0.15277303098876363,0.0,3;1;1;1,1;1;1;1
4,1,measure,D1,629888,0,0,6.0,154.99993896484375,5.677487839430335,7.221705814478125,3;3;3,60;27;21
4,1,measure,iD1,629888,0,0,11244.546875,785873.3125,20.90824938634001,1404.4829759706467,86;49;31,86;49;31
4,1,measure,L2,254562,0,0,2.0,59.999996185302734,1.9140283466358488,2.214668450866363,3;1;3;1,31;26;12;2
4,1,measure,L3,133980,0,0,4.0,119.99980163574219,3.1759293831232904,3.5045190375221997,3;1;3;1,35;8;13;1
4,1,measure,L4,73689,0,0,8.0,239.99960327148438,6.2695741244794245,6.412011366597888,3;1;3;1,43;6;17;3
4,2,pre_scale,u0,1889664,0,0,1.6674199104309082,53.3067741394043,0.5825131094652077,0.8892952792598668,90;37;38;1,90;37;36;1
4,3,predict_conv_diff,f,1889664,0,0,0.918008029460907,72.74996948242188,0.015537852008580154,0.8190730560534744,89;37;37;1,94;25;38;3
4,3,predict_conv_diff,sigma,629888,0,0,0.6451065540313721,32.59907150268555,0.014427777997560126,0.41627303789969383,88;37;38,85;49;38
4,4,predict_accelerate,f,1889664,0,0,0.918008029460907,72.74996948242188,0.015537852008580154,0.8190730560534744,89;37;37;1,94;25;38;3
4,5,predict_bdim,u,1889664,0,0,1.6532361507415771,39.915260314941406,0.5805222361908784,0.7661996661398227,91;37;38;1,91;37;36;1
4,5,predict_bdim,f,1889664,0,0,1.6532361507415771,44.759769439697266,0.5613534801042835,0.775703949621509,91;37;38;1,91;37;36;1
4,6,predict_bc,u,1889664,0,0,1.6532361507415771,39.915260314941406,0.582279863691552,0.7661764719840305,91;37;38;1,91;37;36;1
4,7,predict_exitbc,u,1889664,0,0,1.6532361507415771,39.915260314941406,0.5822799186097981,0.7661764720292572,91;37;38;1,91;37;36;1
4,8,project1_rhs,z,629888,0,0,0.3839561641216278,17.872297286987305,0.007715737689463423,0.2819650111798257,89;37;36,60;41;25
4,8,project1_rhs,x,629888,0,0,0.7207626700401306,21.877166748046875,0.3541613649218678,4.097434439170088,91;37;35,92;39;37
4,9,project1_solve,x,629888,0,0,0.5867533087730408,16.200368881225586,0.27737086790606663,3.0939303250538805,90;37;35,89;38;36
4,9,project1_solve,r,629888,0,0,0.0011337115429341793,0.01461530476808548,0.0002329785758820316,0.0030629443535715663,146;69;55,147;6;55
4,10,project1_gradient,u,1889664,0,0,1.6798549890518188,45.97535705566406,0.5849995682911517,0.8003490741959806,90;37;38;1,90;37;36;1
4,11,project1_bc,u,1889664,0,0,1.6798549890518188,45.97535705566406,0.5851798434015459,0.8007116456473695,90;37;38;1,90;37;36;1
4,11,project1_bc,p,629888,0,0,2.18953800201416,66.2265853881836,1.0350415195911442,14.700474602469003,90;37;35,89;38;36
4,12,correct_conv_diff,f,1889664,0,0,0.8561468124389648,69.9825668334961,0.014928648085822406,0.6701034948877852,89;37;37;1,90;48;37;1
4,12,correct_conv_diff,sigma,629888,0,0,0.621105968952179,42.73649597167969,0.014542627069863406,0.36688110468002383,88;37;38,86;47;38
4,13,correct_accelerate,f,1889664,0,0,0.8561468124389648,69.9825668334961,0.014928648085822406,0.6701034948877852,89;37;37;1,90;48;37;1
4,14,correct_bdim,u,1889664,0,0,3.3177871704101562,86.50972747802734,1.1315964207215894,1.5689782004989465,91;37;38;1,90;37;36;1
4,14,correct_bdim,f,1889664,0,0,1.6435821056365967,46.63032913208008,0.5613539736194612,0.796518224359351,91;37;38;1,90;37;36;1
4,15,correct_scale,u,1889664,0,0,1.6588935852050781,43.25486373901367,0.5824933173321333,0.7852536528419625,91;37;38;1,90;37;36;1
4,16,correct_bc,u,1889664,0,0,1.6588935852050781,43.25486373901367,0.5837264794902111,0.7850553746424658,91;37;38;1,90;37;36;1
4,17,project2_rhs,z,629888,0,0,0.19348233938217163,16.970069885253906,0.0038967280762659427,0.13176482778536397,92;37;36,89;48;37
4,17,project2_rhs,x,629888,0,0,0.2933766543865204,8.100184440612793,0.13868543396313845,1.546965146042132,90;37;35,89;38;36
4,18,project2_solve,x,629888,0,0,0.2552877962589264,7.145775318145752,0.07595905823168934,0.7302097144304942,90;37;35,89;38;36
4,18,project2_solve,r,629888,0,0,0.0009050649241544306,0.011968708597123623,0.00019295711209700665,0.002546783219783953,146;69;55,147;6;55
4,19,project2_gradient,u,1889664,0,0,1.6726454496383667,46.32029724121094,0.5844300507185789,0.8027152790397627,90;37;38;1,90;37;36;1
4,20,project2_bc,u,1889664,0,0,1.6726454496383667,46.32029724121094,0.5844771463991256,0.8027958392581106,90;37;38;1,90;37;36;1
4,20,project2_bc,p,629888,0,0,1.9052720069885254,58.396156311035156,0.5669000472337039,7.059675264540908,90;37;35,89;38;36
4,21,cfl,sigma,629888,0,0,2.1935830116271973,56.672218322753906,1.0021005946642365,1.6034286059444298,88;30;37,89;30;36
4,22,cfl_dt,dt,1,0,0,0.2707398235797882,0.7810220122337341,0.2707398235797882,0.7810220122337341,,
4,23,force_candidate_pressure,x,1,0,0,773.9017412845617,479.5096931945892,773.9017412845617,479.5096931945892,,
4,23,force_candidate_pressure,y,1,0,0,23.93934414751933,1811.4619625412201,23.93934414751933,1811.4619625412201,,
4,23,force_candidate_pressure,z,1,0,0,823.3233421162838,11747.741347568459,823.3233421162838,11747.741347568459,,
4,24,force_candidate_viscous,x,1,0,0,276.22724289872224,366.81077888496384,276.22724289872224,366.81077888496384,,
4,24,force_candidate_viscous,y,1,0,0,0.40885323444584687,20.002286144624748,0.40885323444584687,20.002286144624748,,
4,24,force_candidate_viscous,z,1,0,0,32.44347235684212,582.0858039907573,32.44347235684212,582.0858039907573,,
4,25,force_candidate_total,x,1,0,0,1050.128984183284,846.320472079553,1050.128984183284,846.320472079553,,
4,25,force_candidate_total,y,1,0,0,24.348197381965175,1791.4596763965953,24.348197381965175,1791.4596763965953,,
4,25,force_candidate_total,z,1,0,0,790.8798697594417,11165.6555435777,790.8798697594417,11165.6555435777,,
4,26,force_ground_pressure,x,1,0,0,0.0,0.0,0.0,0.0,,
4,26,force_ground_pressure,y,1,0,0,0.0,0.0,0.0,0.0,,
4,26,force_ground_pressure,z,1,0,0,221.45597565121898,2857.434770435095,221.45597565121898,2857.434770435095,,
4,27,force_ground_viscous,x,1,0,0,2.643955970299295,28.392433249116948,2.643955970299295,28.392433249116948,,
4,27,force_ground_viscous,y,1,0,0,0.003686269179245194,0.09103691105745249,0.003686269179245194,0.09103691105745249,,
4,27,force_ground_viscous,z,1,0,0,0.006269198885475502,5.1652063319806985e-5,0.006269198885475502,5.1652063319806985e-5,,
4,28,force_ground_total,x,1,0,0,2.643955970299295,28.392433249116948,2.643955970299295,28.392433249116948,,
4,28,force_ground_total,y,1,0,0,0.003686269179245194,0.09103691105745249,0.003686269179245194,0.09103691105745249,,
4,28,force_ground_total,z,1,0,0,221.46224485010444,2857.4347187830317,221.46224485010444,2857.4347187830317,,
5,1,measure,sigma,629888,0,0,53.5,29.999998092651367,27.59034886591132,1.5694945809584058,2;2;55,69;25;21
5,1,measure,mu0,1889664,0,0,1.0,29.999998092651367,0.9754156963600467,1.4444544581201022,3;1;3;1,62;25;21;1
5,1,measure,mu1,5668992,0,0,0.14867882430553436,23.788612365722656,0.008853358437984495,0.12532272723288598,65;29;21;1;1,62;24;21;1;2
5,1,measure,V,1889664,0,0,1.0,0.0,0.15277303098876363,0.0,3;1;1;1,1;1;1;1
5,1,measure,D1,629888,0,0,6.0,154.99993896484375,5.677487839430335,7.221705814478125,3;3;3,60;27;21
5,1,measure,iD1,629888,0,0,11244.546875,785873.3125,20.90824938634001,1404.4829759706467,86;49;31,86;49;31
5,1,measure,L2,254562,0,0,2.0,59.999996185302734,1.9140283466358488,2.214668450866363,3;1;3;1,31;26;12;2
5,1,measure,L3,133980,0,0,4.0,119.99980163574219,3.1759293831232904,3.5045190375221997,3;1;3;1,35;8;13;1
5,1,measure,L4,73689,0,0,8.0,239.99960327148438,6.2695741244794245,6.412011366597888,3;1;3;1,43;6;17;3
5,2,pre_scale,u0,1889664,0,0,1.6726454496383667,46.32029724121094,0.5844771463991256,0.8027958392581106,90;37;38;1,90;37;36;1
5,3,predict_conv_diff,f,1889664,0,0,0.8631855249404907,39.63981628417969,0.01497327157137321,0.6708983689254558,89;37;37;1,88;27;36;1
5,3,predict_conv_diff,sigma,629888,0,0,0.6230061054229736,24.26194190979004,0.014478863848362977,0.36210350937983377,88;37;38,87;27;37
5,4,predict_accelerate,f,1889664,0,0,0.8631855249404907,39.63981628417969,0.01497327157137321,0.6708983689254558,89;37;37;1,88;27;36;1
5,5,predict_bdim,u,1889664,0,0,1.6540443897247314,38.29240036010742,0.5825140594828211,0.7082863005945901,91;37;38;1,92;37;36;1
5,5,predict_bdim,f,1889664,0,0,1.6540443897247314,41.015480041503906,0.5632608658613192,0.7175039567428962,91;37;38;1,92;39;36;1
5,6,predict_bc,u,1889664,0,0,1.6540443897247314,38.29240036010742,0.5842645595199575,0.7082570090202157,91;37;38;1,92;37;36;1
5,7,predict_exitbc,u,1889664,0,0,1.6540443897247314,38.29240036010742,0.5842644774157105,0.708257009104902,91;37;38;1,92;37;36;1
5,8,project1_rhs,z,629888,0,0,0.3580525815486908,15.063685417175293,0.00710113644199013,0.2677250495440908,89;37;36,65;44;19
5,8,project1_rhs,x,629888,0,0,0.5158330202102661,14.541611671447754,0.15348241877675656,1.5072606271623992,90;37;35,89;38;36
5,9,project1_solve,x,629888,0,0,0.4945022165775299,14.307846069335938,0.08327537395954276,0.5906177882671299,90;37;35,89;38;36
5,9,project1_solve,r,629888,0,0,0.0010164057603105903,0.014426776207983494,0.00021630202475240228,0.003062681178395361,6;69;55,147;6;55
5,10,project1_gradient,u,1889664,0,0,1.6644707918167114,40.3592414855957,0.5849637607534135,0.7343708499211596,90;37;38;1,90;37;36;1
5,11,project1_bc,u,1889664,0,0,1.6644707918167114,40.3592414855957,0.5850115117663114,0.7344188929918665,90;37;38;1,90;37;36;1
5,11,project1_bc,p,629888,0,0,1.8264849185943604,57.36429214477539,0.3075845025603909,2.7768626165380628,90;37;35,89;37;36
5,12,correct_conv_diff,f,1889664,0,0,0.771657407283783,73.53245544433594,0.014205565359294925,0.615708197322436,89;37;37;1,89;52;36;1
5,12,correct_conv_diff,sigma,629888,0,0,0.5820183157920837,21.08301544189453,0.014338503364681766,0.324991553438365,88;37;38,87;48;37
5,13,correct_accelerate,f,1889664,0,0,0.771657407283783,73.53245544433594,0.014205565359294925,0.615708197322436,89;37;37;1,89;52;36;1
5,14,correct_bdim,u,1889664,0,0,3.3068556785583496,77.22691345214844,1.1333487327250742,1.4387952966495003,91;37;38;1,89;37;36;1
5,14,correct_bdim,f,1889664,0,0,1.6440813541412354,41.16438293457031,0.5632613028201232,0.7258837846143612,91;37;38;1,90;37;36;1
5,15,correct_scale,u,1889664,0,0,1.6534278392791748,38.61345672607422,0.5833384626348387,0.7201516649000296,91;37;38;1,89;37;36;1
5,16,correct_bc,u,1889664,0,0,1.6534278392791748,38.61345672607422,0.5846361299044999,0.7201272674950038,91;37;38;1,89;37;36;1
5,17,project2_rhs,z,629888,0,0,0.17005041241645813,19.19341278076172,0.003503386613663169,0.12659228409398998,89;37;36,89;52;36
5,17,project2_rhs,x,629888,0,0,0.24725110828876495,7.153923511505127,0.04163768697840024,0.29530890116765557,90;37;35,89;38;36
5,18,project2_solve,x,629888,0,0,0.21249417960643768,7.538763046264648,0.02334315530202261,0.6570934739997542,90;37;35,59;37;21
5,18,project2_solve,r,629888,0,0,0.0008407682180404663,0.011841426603496075,0.00017951386244675958,0.002544927062813725,6;69;55,147;6;55
5,19,project2_gradient,u,1889664,0,0,1.6590583324432373,40.688419342041016,0.5843829256950449,0.7324820027664428,90;37;38;1,90;37;36;1
5,20,project2_bc,u,1889664,0,0,1.6590583324432373,40.688419342041016,0.5843670546941863,0.7323875604589452,90;37;38;1,90;37;36;1
5,20,project2_bc,p,629888,0,0,1.5697298049926758,58.292030334472656,0.17243976149482756,5.219488161799892,90;37;35,59;37;21
5,21,cfl,sigma,629888,0,0,2.1427078247070312,51.25621032714844,1.0025803926862271,1.4748883081644228,88;30;37,89;30;36
5,22,cfl_dt,dt,1,0,0,0.2745210528373718,0.5130952000617981,0.2745210528373718,0.5130952000617981,,
5,23,force_candidate_pressure,x,1,0,0,509.7537697763139,3305.4480270195454,509.7537697763139,3305.4480270195454,,
5,23,force_candidate_pressure,y,1,0,0,20.39712561485883,1657.6616652169348,20.39712561485883,1657.6616652169348,,
5,23,force_candidate_pressure,z,1,0,0,533.5314966659554,10963.971591044394,533.5314966659554,10963.971591044394,,
5,24,force_candidate_viscous,x,1,0,0,259.06222669411494,498.4775411678597,259.06222669411494,498.4775411678597,,
5,24,force_candidate_viscous,y,1,0,0,0.4494120028557981,14.55230179932002,0.4494120028557981,14.55230179932002,,
5,24,force_candidate_viscous,z,1,0,0,30.665668013551205,575.6528056009158,30.665668013551205,575.6528056009158,,
5,25,force_candidate_total,x,1,0,0,768.8159964704289,3803.925568187405,768.8159964704289,3803.925568187405,,
5,25,force_candidate_total,y,1,0,0,20.846537617714628,1643.1093634176148,20.846537617714628,1643.1093634176148,,
5,25,force_candidate_total,z,1,0,0,502.86582865240416,10388.318785443478,502.86582865240416,10388.318785443478,,
5,26,force_ground_pressure,x,1,0,0,0.0,0.0,0.0,0.0,,
5,26,force_ground_pressure,y,1,0,0,0.0,0.0,0.0,0.0,,
5,26,force_ground_pressure,z,1,0,0,146.88844709499608,2154.898736368865,146.88844709499608,2154.898736368865,,
5,27,force_ground_viscous,x,1,0,0,3.3792411571279395,36.15093312912353,3.3792411571279395,36.15093312912353,,
5,27,force_ground_viscous,y,1,0,0,0.004386822079031738,0.08655835147470725,0.004386822079031738,0.08655835147470725,,
5,27,force_ground_viscous,z,1,0,0,0.0020806358774088096,0.01807006954499002,0.0020806358774088096,0.01807006954499002,,
5,28,force_ground_total,x,1,0,0,3.3792411571279395,36.15093312912353,3.3792411571279395,36.15093312912353,,
5,28,force_ground_total,y,1,0,0,0.004386822079031738,0.08655835147470725,0.004386822079031738,0.08655835147470725,,
5,28,force_ground_total,z,1,0,0,146.88636645911868,2154.91680643841,146.88636645911868,2154.91680643841,,
6,1,measure,sigma,629888,0,0,53.5,29.999998092651367,27.590348865913416,1.5694945794376067,2;2;55,69;25;21
6,1,measure,mu0,1889664,0,0,1.0,29.999998092651367,0.9754156963600467,1.4444544581201022,3;1;3;1,62;25;21;1
6,1,measure,mu1,5668992,0,0,0.14867882430553436,23.788612365722656,0.008853358437984495,0.12532272723288598,65;29;21;1;1,62;24;21;1;2
6,1,measure,V,1889664,0,0,1.0,0.0,0.15277303098876363,0.0,3;1;1;1,1;1;1;1
6,1,measure,D1,629888,0,0,6.0,154.99993896484375,5.677487839430335,7.221705814478125,3;3;3,60;27;21
6,1,measure,iD1,629888,0,0,11244.546875,785873.3125,20.90824938634001,1404.4829759706467,86;49;31,86;49;31
6,1,measure,L2,254562,0,0,2.0,59.999996185302734,1.9140283466358488,2.214668450866363,3;1;3;1,31;26;12;2
6,1,measure,L3,133980,0,0,4.0,119.99980163574219,3.1759293831232904,3.5045190375221997,3;1;3;1,35;8;13;1
6,1,measure,L4,73689,0,0,8.0,239.99960327148438,6.2695741244794245,6.412011366597888,3;1;3;1,43;6;17;3
6,2,pre_scale,u0,1889664,0,0,1.6590583324432373,40.688419342041016,0.5843670546941863,0.7323875604589452,90;37;38;1,90;37;36;1
6,3,predict_conv_diff,f,1889664,0,0,0.7823097705841064,36.30092239379883,0.01425598636200455,0.5830597083602342,89;37;37;1,86;25;36;1
6,3,predict_conv_diff,sigma,629888,0,0,0.5874159336090088,20.463756561279297,0.014292599278778883,0.321833901578259,88;37;38,87;28;37
6,4,predict_accelerate,f,1889664,0,0,0.7823097705841064,36.30092239379883,0.01425598636200455,0.5830597083602342,89;37;37;1,86;25;36;1
6,5,predict_bdim,u,1889664,0,0,1.6365768909454346,34.367897033691406,0.5824203533177499,0.6549086246245115,91;37;38;1,89;37;36;1
6,5,predict_bdim,f,1889664,0,0,1.6365768909454346,35.34294509887695,0.5631675275039749,0.6540745743836415,91;37;38;1,90;37;36;1
6,6,predict_bc,u,1889664,0,0,1.6365768909454346,34.367897033691406,0.584173050800186,0.6548867607176052,91;37;38;1,89;37;36;1
6,7,predict_exitbc,u,1889664,0,0,1.6365768909454346,34.367897033691406,0.5841730598765597,0.654886760860868,91;37;38;1,89;37;36;1
6,8,project1_rhs,z,629888,0,0,0.33435502648353577,11.827994346618652,0.006592253608974436,0.21988209063040487,89;37;36,89;30;37
6,8,project1_rhs,x,629888,0,0,0.4309238791465759,15.539600372314453,0.047338344873576736,1.3671467440603886,90;37;35,59;37;21
6,9,project1_solve,x,629888,0,0,0.42360571026802063,14.780782699584961,0.07914791032872559,1.861642638410852,90;37;35,59;37;21
6,9,project1_solve,r,629888,0,0,0.0005039843381382525,0.007508444599807262,0.00010908359369516447,0.0015841450775515194,6;69;55,6;69;55
6,10,project1_gradient,u,1889664,0,0,1.6375919580459595,37.327476501464844,0.5832962281061759,0.6745319514958361,90;37;38;1,89;37;36;1
6,11,project1_bc,u,1889664,0,0,1.6375919580459595,37.327476501464844,0.5832402019525248,0.6742745171618056,90;37;38;1,89;37;36;1
6,11,project1_bc,p,629888,0,0,1.5430718660354614,55.65970993041992,0.2883127159637712,7.280303911249694,90;37;35,59;37;21
6,12,correct_conv_diff,f,1889664,0,0,0.7130288481712341,39.8779182434082,0.013392629732589527,0.5183322814677154,89;37;37;1,92;40;38;1
6,12,correct_conv_diff,sigma,629888,0,0,0.5419496893882751,18.722854614257812,0.01399846050817289,0.2828100155333466,88;37;38,87;28;37
6,13,correct_accelerate,f,1889664,0,0,0.7130288481712341,39.8779182434082,0.013392629732589527,0.5183322814677154,89;37;37;1,92;40;38;1
6,14,correct_bdim,u,1889664,0,0,3.263883113861084,72.45667266845703,1.131486231321591,1.327654289327416,91;37;38;1,89;37;36;1
6,14,correct_bdim,f,1889664,0,0,1.6273409128189087,36.336429595947266,0.5631683992621161,0.6652961418469588,91;37;38;1,90;37;36;1
6,15,correct_scale,u,1889664,0,0,1.631941556930542,36.228336334228516,0.5823538802106314,0.6643341858051611,91;37;38;1,89;37;36;1
6,16,correct_bc,u,1889664,0,0,1.631941556930542,36.228336334228516,0.5837054823547141,0.6644592412031484,91;37;38;1,89;37;36;1
6,17,project2_rhs,z,629888,0,0,0.16325902938842773,11.546163558959961,0.003208906708937003,0.11455104722006897,59;38;21,86;52;36
6,17,project2_rhs,x,629888,0,0,0.21180285513401031,7.390390872955322,0.039573955164363246,0.9308213052610872,90;37;35,59;37;21
6,18,project2_solve,x,629888,0,0,0.18790936470031738,7.38571834564209,0.06864314112522754,1.3607413643434434,90;37;35,59;38;21
6,18,project2_solve,r,629888,0,0,0.00042139505967497826,0.006159746088087559,9.064996334122825e-5,0.0013226156184127614,6;69;55,6;69;55
6,19,project2_gradient,u,1889664,0,0,1.6332228183746338,37.462764739990234,0.5829645570686914,0.674592353183067,90;37;38;1,89;37;36;1
6,20,project2_bc,u,1889664,0,0,1.6332228183746338,37.462764739990234,0.5829164960945695,0.6744173773850932,90;37;38;1,89;37;36;1
6,20,project2_bc,p,629888,0,0,1.3689978122711182,55.83423614501953,0.5000938209902253,10.823257363423279,90;37;35,59;38;21
6,21,cfl,sigma,629888,0,0,2.0808095932006836,47.17357635498047,1.000517038009906,1.365156224481002,88;30;37,89;30;36
6,22,cfl_dt,dt,1,0,0,0.27926644682884216,0.28410208225250244,0.27926644682884216,0.28410208225250244,,
6,23,force_candidate_pressure,x,1,0,0,359.9765303993064,4516.456168816015,359.9765303993064,4516.456168816015,,
6,23,force_candidate_pressure,y,1,0,0,18.85733686370572,1607.3912155105613,18.85733686370572,1607.3912155105613,,
6,23,force_candidate_pressure,z,1,0,0,369.8969408045365,10254.318298938355,369.8969408045365,10254.318298938355,,
6,24,force_candidate_viscous,x,1,0,0,243.09977708948855,593.0816790606959,243.09977708948855,593.0816790606959,,
6,24,force_candidate_viscous,y,1,0,0,0.48333988069377265,8.788312966887077,0.48333988069377265,8.788312966887077,,
6,24,force_candidate_viscous,z,1,0,0,29.069506611410002,590.7957876335149,29.069506611410002,590.7957876335149,,
6,25,force_candidate_total,x,1,0,0,603.076307488795,5109.537847876711,603.076307488795,5109.537847876711,,
6,25,force_candidate_total,y,1,0,0,19.34067674439949,1598.6029025436742,19.34067674439949,1598.6029025436742,,
6,25,force_candidate_total,z,1,0,0,340.82743419312646,9663.52251130484,340.82743419312646,9663.52251130484,,
6,26,force_ground_pressure,x,1,0,0,0.0,0.0,0.0,0.0,,
6,26,force_ground_pressure,y,1,0,0,0.0,0.0,0.0,0.0,,
6,26,force_ground_pressure,z,1,0,0,75.47335275530168,2175.699542235583,75.47335275530168,2175.699542235583,,
6,27,force_ground_viscous,x,1,0,0,3.776124188557793,38.740183144315324,3.776124188557793,38.740183144315324,,
6,27,force_ground_viscous,y,1,0,0,0.005013029712111816,0.08320049111721772,0.005013029712111816,0.08320049111721772,,
6,27,force_ground_viscous,z,1,0,0,0.0006264549316625789,0.02473118062606905,0.0006264549316625789,0.02473118062606905,,
6,28,force_ground_total,x,1,0,0,3.776124188557793,38.740183144315324,3.776124188557793,38.740183144315324,,
6,28,force_ground_total,y,1,0,0,0.005013029712111816,0.08320049111721772,0.005013029712111816,0.08320049111721772,,
6,28,force_ground_total,z,1,0,0,75.47272630037001,2175.724273416209,75.47272630037001,2175.724273416209,,
7,1,measure,sigma,629888,0,0,53.5,29.999998092651367,27.590348865914354,1.5694945778190783,2;2;55,69;25;21
7,1,measure,mu0,1889664,0,0,1.0,29.999998092651367,0.9754156963600467,1.4444544581201022,3;1;3;1,62;25;21;1
7,1,measure,mu1,5668992,0,0,0.14867882430553436,23.788612365722656,0.008853358437984495,0.12532272723288598,65;29;21;1;1,62;24;21;1;2
7,1,measure,V,1889664,0,0,1.0,0.0,0.15277303098876363,0.0,3;1;1;1,1;1;1;1
7,1,measure,D1,629888,0,0,6.0,154.99993896484375,5.677487839430335,7.221705814478125,3;3;3,60;27;21
7,1,measure,iD1,629888,0,0,11244.546875,785873.3125,20.90824938634001,1404.4829759706467,86;49;31,86;49;31
7,1,measure,L2,254562,0,0,2.0,59.999996185302734,1.9140283466358488,2.214668450866363,3;1;3;1,31;26;12;2
7,1,measure,L3,133980,0,0,4.0,119.99980163574219,3.1759293831232904,3.5045190375221997,3;1;3;1,35;8;13;1
7,1,measure,L4,73689,0,0,8.0,239.99960327148438,6.2695741244794245,6.412011366597888,3;1;3;1,43;6;17;3
7,2,pre_scale,u0,1889664,0,0,1.6332228183746338,37.462764739990234,0.5829164960945695,0.6744173773850932,90;37;38;1,89;37;36;1
7,3,predict_conv_diff,f,1889664,0,0,0.7242263555526733,48.720191955566406,0.013466572367368175,0.5151130234919852,89;37;37;1,92;34;38;1
7,3,predict_conv_diff,sigma,629888,0,0,0.5482870936393738,25.48676109313965,0.013975595586309186,0.28755424853745687,88;37;38,89;30;39
7,4,predict_accelerate,f,1889664,0,0,0.7242263555526733,48.720191955566406,0.013466572367368175,0.5151130234919852,89;37;37;1,92;34;38;1
7,5,predict_bdim,u,1889664,0,0,1.6045441627502441,32.69068908691406,0.5809797988166314,0.613403355755824,91;37;38;1,89;37;36;1
7,5,predict_bdim,f,1889664,0,0,1.6045441627502441,31.806106567382812,0.5617764418555475,0.6072542738934293,91;37;38;1,90;37;36;1
7,6,predict_bc,u,1889664,0,0,1.6045441627502441,32.69068908691406,0.5827402958608312,0.6133942838451918,91;37;38;1,89;37;36;1
7,7,predict_exitbc,u,1889664,0,0,1.6045441627502441,32.69068908691406,0.5827402948446289,0.6133942840037399,91;37;38;1,89;37;36;1
7,8,project1_rhs,z,629888,0,0,0.3215422034263611,23.805234909057617,0.006153032780883043,0.2197795970903789,59;37;21,91;34;38
7,8,project1_rhs,x,629888,0,0,0.38231515884399414,15.284639358520508,0.13965942446483937,2.884142178965419,90;37;35,59;38;21
7,9,project1_solve,x,629888,0,0,0.3884159028530121,14.48623275756836,0.13508318897697846,2.787105631017273,90;37;35,59;37;21
7,9,project1_solve,r,629888,0,0,6.944538472453132e-5,0.0012597128516063094,1.3475191487287985e-5,0.00028344585503447373,6;69;55,146;31;55
7,10,project1_gradient,u,1889664,0,0,1.6043047904968262,34.90997314453125,0.5812806478033569,0.631580656662591,90;37;38;1,89;37;36;1
7,11,project1_bc,u,1889664,0,0,1.6043047904968262,34.90997314453125,0.5811860360965554,0.6312849584413587,90;37;38;1,89;37;36;1
7,11,project1_bc,p,629888,0,0,1.390843391418457,52.96133804321289,0.4837071925753171,10.461945788845721,90;37;35,59;37;21
7,12,correct_conv_diff,f,1889664,0,0,0.6732140779495239,53.339698791503906,0.012638169187895487,0.4679589850049252,89;37;37;1,62;24;20;2
7,12,correct_conv_diff,sigma,629888,0,0,0.5045337677001953,23.683591842651367,0.013625301816919852,0.26305752520558096,88;37;38,86;29;38
7,13,correct_accelerate,f,1889664,0,0,0.6732140779495239,53.339698791503906,0.012638169187895487,0.4679589850049252,89;37;37;1,62;24;20;2
7,14,correct_bdim,u,1889664,0,0,3.207101345062256,67.96051025390625,1.1280382177888808,1.2408465963431117,91;37;38;1,89;37;36;1
7,14,correct_bdim,f,1889664,0,0,1.6049094200134277,32.32279586791992,0.5617775548100773,0.6144997027598936,91;37;38;1,90;37;36;1
7,15,correct_scale,u,1889664,0,0,1.603550672531128,33.980255126953125,0.58058755713383,0.6206912935096338,91;37;38;1,89;37;36;1
7,16,correct_bc,u,1889664,0,0,1.603550672531128,33.980255126953125,0.5819622453216412,0.6208274303136162,91;37;38;1,89;37;36;1
7,17,project2_rhs,z,629888,0,0,0.15731900930404663,8.331457138061523,0.002984230664171868,0.10223803713809039,59;37;21,85;24;35
7,17,project2_rhs,x,629888,0,0,0.19420795142650604,7.24311637878418,0.06754159448427458,1.3935527751700254,90;37;35,59;37;21
7,18,project2_solve,x,629888,0,0,0.1832980364561081,7.056298732757568,0.06645516674296821,1.3709329523643694,90;37;35,59;38;21
7,18,project2_solve,r,629888,0,0,6.539073365274817e-5,0.0012998268939554691,1.2516978251266463e-5,0.0002623915523309233,147;6;55,147;6;55
7,19,project2_gradient,u,1889664,0,0,1.6038341522216797,35.16023254394531,0.5812464302773078,0.6315864778801423,90;37;38;1,89;37;36;1
7,20,project2_bc,u,1889664,0,0,1.6038341522216797,35.16023254394531,0.5811999301413768,0.6314546957253838,90;37;38;1,89;37;36;1
7,20,project2_bc,p,629888,0,0,1.3127107620239258,51.60751724243164,0.4759266105570819,10.292077695269523,90;37;35,59;38;21
7,21,cfl,sigma,629888,0,0,2.01938533782959,44.16429901123047,0.9978972643276857,1.2824043632107225,88;30;37,89;30;36
7,22,cfl_dt,dt,1,0,0,0.28414052724838257,0.10687684267759323,0.28414052724838257,0.10687684267759323,,
7,23,force_candidate_pressure,x,1,0,0,310.4427457106508,3803.5002928570834,310.4427457106508,3803.5002928570834,,
7,23,force_candidate_pressure,y,1,0,0,18.295757433447967,1558.3465434927589,18.295757433447967,1558.3465434927589,,
7,23,force_candidate_pressure,z,1,0,0,310.0691921177278,8459.682152961434,310.0691921177278,8459.682152961434,,
7,24,force_candidate_viscous,x,1,0,0,229.02675457616544,656.5417939185934,229.02675457616544,656.5417939185934,,
7,24,force_candidate_viscous,y,1,0,0,0.50983063632285,2.721728543950661,0.50983063632285,2.721728543950661,,
7,24,force_candidate_viscous,z,1,0,0,27.710778194365275,594.6212309817613,27.710778194365275,594.6212309817613,,
7,25,force_candidate_total,x,1,0,0,539.4695002868162,4460.042086775677,539.4695002868162,4460.042086775677,,
7,25,force_candidate_total,y,1,0,0,18.805588069770817,1555.6248149488083,18.805588069770817,1555.6248149488083,,
7,25,force_candidate_total,z,1,0,0,282.35841392336255,7865.0609219796725,282.35841392336255,7865.0609219796725,,
7,26,force_ground_pressure,x,1,0,0,0.0,0.0,0.0,0.0,,
7,26,force_ground_pressure,y,1,0,0,0.0,0.0,0.0,0.0,,
7,26,force_ground_pressure,z,1,0,0,67.73213702483918,1862.9877517819405,67.73213702483918,1862.9877517819405,,
7,27,force_ground_viscous,x,1,0,0,3.881203537488253,36.689813360626744,3.881203537488253,36.689813360626744,,
7,27,force_ground_viscous,y,1,0,0,0.005542877141363256,0.0808198303624974,0.005542877141363256,0.0808198303624974,,
7,27,force_ground_viscous,z,1,0,0,0.0014996243861187253,0.021115397568953753,0.0014996243861187253,0.021115397568953753,,
7,28,force_ground_total,x,1,0,0,3.881203537488253,36.689813360626744,3.881203537488253,36.689813360626744,,
7,28,force_ground_total,y,1,0,0,0.005542877141363256,0.0808198303624974,0.005542877141363256,0.0808198303624974,,
7,28,force_ground_total,z,1,0,0,67.73363664922529,1862.9666363843714,67.73363664922529,1862.9666363843714,,
8,1,measure,sigma,629888,0,0,53.5,29.999998092651367,27.590348865915075,1.5694945766342774,2;2;55,69;25;21
8,1,measure,mu0,1889664,0,0,1.0,29.999998092651367,0.9754156963600467,1.4444544581201022,3;1;3;1,62;25;21;1
8,1,measure,mu1,5668992,0,0,0.14867882430553436,23.788612365722656,0.008853358437984495,0.12532272723288598,65;29;21;1;1,62;24;21;1;2
8,1,measure,V,1889664,0,0,1.0,0.0,0.15277303098876363,0.0,3;1;1;1,1;1;1;1
8,1,measure,D1,629888,0,0,6.0,154.99993896484375,5.677487839430335,7.221705814478125,3;3;3,60;27;21
8,1,measure,iD1,629888,0,0,11244.546875,785873.3125,20.90824938634001,1404.4829759706467,86;49;31,86;49;31
8,1,measure,L2,254562,0,0,2.0,59.999996185302734,1.9140283466358488,2.214668450866363,3;1;3;1,31;26;12;2
8,1,measure,L3,133980,0,0,4.0,119.99980163574219,3.1759293831232904,3.5045190375221997,3;1;3;1,35;8;13;1
8,1,measure,L4,73689,0,0,8.0,239.99960327148438,6.2695741244794245,6.412011366597888,3;1;3;1,43;6;17;3
8,2,pre_scale,u0,1889664,0,0,1.6038341522216797,35.16023254394531,0.5811999301413768,0.6314546957253838,90;37;38;1,89;37;36;1
8,3,predict_conv_diff,f,1889664,0,0,0.6845244765281677,70.42012786865234,0.0127235908350915,0.46053731366649375,89;37;37;1,62;24;20;2
8,3,predict_conv_diff,sigma,629888,0,0,0.5111908912658691,18.351945877075195,0.013630673552858161,0.261188512778834,88;37;38,86;46;38
8,4,predict_accelerate,f,1889664,0,0,0.6845244765281677,70.42012786865234,0.0127235908350915,0.46053731366649375,89;37;37;1,62;24;20;2
8,5,predict_bdim,u,1889664,0,0,1.5747536420822144,31.068523406982422,0.579269922286269,0.5806278191804667,91;37;38;1,89;37;36;1
8,5,predict_bdim,f,1889664,0,0,1.5747536420822144,29.070274353027344,0.5601238479906044,0.571093171161135,91;37;38;1,90;37;36;1
8,6,predict_bc,u,1889664,0,0,1.5747536420822144,31.068523406982422,0.5810388265751906,0.5806264137049016,91;37;38;1,89;37;36;1
8,7,predict_exitbc,u,1889664,0,0,1.5747536420822144,31.068523406982422,0.5810388313042052,0.5806264138614295,91;37;38;1,89;37;36;1
8,8,project1_rhs,z,629888,0,0,0.31105297803878784,23.553361892700195,0.005802375017031943,0.20302428521600305,59;37;21,88;49;37
8,8,project1_rhs,x,629888,0,0,0.3729943335056305,14.551060676574707,0.13523003805349593,2.8745693903234764,90;37;35,59;38;21
8,9,project1_solve,x,629888,0,0,0.38726967573165894,13.706467628479004,0.10413793142256997,2.337331879761903,90;37;35,59;37;21
8,9,project1_solve,r,629888,0,0,0.0004481759970076382,0.007537276018410921,9.519140164114496e-5,0.001630896880546479,147;6;55,146;69;55
8,10,project1_gradient,u,1889664,0,0,1.5751338005065918,33.20424270629883,0.5799085296528852,0.6009782855501392,90;37;38;1,89;37;36;1
8,11,project1_bc,u,1889664,0,0,1.5751338005065918,33.20424270629883,0.5798354508779706,0.6008087980472158,90;37;38;1,89;37;36;1
8,11,project1_bc,p,629888,0,0,1.3629511594772339,48.6096305847168,0.3665015069718562,8.360272947564802,90;37;35,59;37;21
8,12,correct_conv_diff,f,1889664,0,0,0.6380041241645813,146.00328063964844,0.012000923886662409,0.4430592388858972,89;37;37;1,62;24;20;2
8,12,correct_conv_diff,sigma,629888,0,0,0.4730045795440674,16.151418685913086,0.013304292136184965,0.2402749394135198,88;37;38,87;28;37
8,13,correct_accelerate,f,1889664,0,0,0.6380041241645813,146.00328063964844,0.012000923886662409,0.4430592388858972,89;37;37;1,62;24;20;2
8,14,correct_bdim,u,1889664,0,0,3.144761085510254,64.51129913330078,1.1250298764816844,1.1785677117486453,91;37;38;1,89;37;36;1
8,14,correct_bdim,f,1889664,0,0,1.5736329555511475,47.949798583984375,0.5601247708506543,0.5779548272718692,91;37;38;1,62;24;20;2
8,15,correct_scale,u,1889664,0,0,1.572380542755127,32.25564956665039,0.5790689036299629,0.5894370317087577,91;37;38;1,89;37;36;1
8,16,correct_bc,u,1889664,0,0,1.572380542755127,32.25564956665039,0.5804362427840001,0.5895128014880954,91;37;38;1,89;37;36;1
8,17,project2_rhs,z,629888,0,0,0.15254050493240356,16.182842254638672,0.0028151447775614773,0.10105339679266595,59;37;21,62;24;20
8,17,project2_rhs,x,629888,0,0,0.19363483786582947,6.853233814239502,0.052068965713078834,1.1686659460069453,90;37;35,59;37;21
8,18,project2_solve,x,629888,0,0,0.19367161393165588,6.346076011657715,0.02694884097990983,0.7275691557862983,90;37;35,59;38;21
8,18,project2_solve,r,629888,0,0,0.0003690259763970971,0.006305009126663208,7.868513846383574e-5,0.0013498387913771373,146;69;55,146;69;55
8,19,project2_gradient,u,1889664,0,0,1.5757793188095093,33.38706970214844,0.5801417378681356,0.6015093440900731,90;37;38;1,89;37;36;1
8,20,project2_bc,u,1889664,0,0,1.5757793188095093,33.38706970214844,0.580122885951974,0.6014604868209725,90;37;38;1,89;37;36;1
8,20,project2_bc,p,629888,0,0,1.3632100820541382,44.9973030090332,0.18968671056323128,5.1865238235906785,90;37;35,59;38;21
8,21,cfl,sigma,629888,0,0,1.9871222972869873,41.80238723754883,0.9963567782925364,1.2225545639118598,88;29;38,89;31;36
8,22,cfl_dt,dt,1,0,0,0.28676941990852356,0.5528973937034607,0.28676941990852356,0.5528973937034607,,
8,23,force_candidate_pressure,x,1,0,0,327.45217575892127,1900.8505099083422,327.45217575892127,1900.8505099083422,,
8,23,force_candidate_pressure,y,1,0,0,18.008655056250472,1480.7587997440417,18.008655056250472,1480.7587997440417,,
8,23,force_candidate_pressure,z,1,0,0,311.53100927897674,6112.8610454961035,311.53100927897674,6112.8610454961035,,
8,24,force_candidate_viscous,x,1,0,0,217.32371355251374,689.82512419785,217.32371355251374,689.82512419785,,
8,24,force_candidate_viscous,y,1,0,0,0.533769047131786,0.7870644878312092,0.533769047131786,0.7870644878312092,,
8,24,force_candidate_viscous,z,1,0,0,26.634013542581982,591.7536628420289,26.634013542581982,591.7536628420289,,
8,25,force_candidate_total,x,1,0,0,544.775889311435,2590.6756341061923,544.775889311435,2590.6756341061923,,
8,25,force_candidate_total,y,1,0,0,18.54242410338226,1481.5458642318729,18.54242410338226,1481.5458642318729,,
8,25,force_candidate_total,z,1,0,0,284.89699573639473,5521.107382654074,284.89699573639473,5521.107382654074,,
8,26,force_ground_pressure,x,1,0,0,0.0,0.0,0.0,0.0,,
8,26,force_ground_pressure,y,1,0,0,0.0,0.0,0.0,0.0,,
8,26,force_ground_pressure,z,1,0,0,67.26780974282883,1076.3853683518246,67.26780974282883,1076.3853683518246,,
8,27,force_ground_viscous,x,1,0,0,3.8401592067180186,32.33705093133163,3.8401592067180186,32.33705093133163,,
8,27,force_ground_viscous,y,1,0,0,0.005972114336788903,0.07957209499174667,0.005972114336788903,0.07957209499174667,,
8,27,force_ground_viscous,z,1,0,0,0.0034094883323727565,0.021830730688106037,0.0034094883323727565,0.021830730688106037,,
8,28,force_ground_total,x,1,0,0,3.8401592067180186,32.33705093133163,3.8401592067180186,32.33705093133163,,
8,28,force_ground_total,y,1,0,0,0.005972114336788903,0.07957209499174667,0.005972114336788903,0.07957209499174667,,
8,28,force_ground_total,z,1,0,0,67.2712192311612,1076.3635376211364,67.2712192311612,1076.3635376211364,,
9,1,measure,sigma,629888,0,0,53.5,29.999998092651367,27.590348865915956,1.5694945760827823,2;2;55,69;25;21
9,1,measure,mu0,1889664,0,0,1.0,29.999998092651367,0.9754156963600467,1.4444544581201022,3;1;3;1,62;25;21;1
9,1,measure,mu1,5668992,0,0,0.14867882430553436,23.788612365722656,0.008853358437984495,0.12532272723288598,65;29;21;1;1,62;24;21;1;2
9,1,measure,V,1889664,0,0,1.0,0.0,0.15277303098876363,0.0,3;1;1;1,1;1;1;1
9,1,measure,D1,629888,0,0,6.0,154.99993896484375,5.677487839430335,7.221705814478125,3;3;3,60;27;21
9,1,measure,iD1,629888,0,0,11244.546875,785873.3125,20.90824938634001,1404.4829759706467,86;49;31,86;49;31
9,1,measure,L2,254562,0,0,2.0,59.999996185302734,1.9140283466358488,2.214668450866363,3;1;3;1,31;26;12;2
9,1,measure,L3,133980,0,0,4.0,119.99980163574219,3.1759293831232904,3.5045190375221997,3;1;3;1,35;8;13;1
9,1,measure,L4,73689,0,0,8.0,239.99960327148438,6.2695741244794245,6.412011366597888,3;1;3;1,43;6;17;3
9,2,pre_scale,u0,1889664,0,0,1.5757793188095093,33.38706970214844,0.580122885951974,0.6014604868209725,90;37;38;1,89;37;36;1
9,3,predict_conv_diff,f,1889664,0,0,0.6486974358558655,54.22626495361328,0.01208635568164948,0.4186169919140331,89;37;37;1,62;24;20;2
9,3,predict_conv_diff,sigma,629888,0,0,0.5,22.454086303710938,0.013327053941683457,0.24308672057565425,2;2;2,85;48;38
9,4,predict_accelerate,f,1889664,0,0,0.6486974358558655,54.22626495361328,0.01208635568164948,0.4186169919140331,89;37;37;1,62;24;20;2
9,5,predict_bdim,u,1889664,0,0,1.5440233945846558,29.804983139038086,0.5781989120210519,0.5587149765873959,91;37;38;1,89;37;36;1
9,5,predict_bdim,f,1889664,0,0,1.5440233945846558,26.758575439453125,0.5590856465456908,0.5480335618326961,91;37;38;1,90;37;36;1
9,6,predict_bc,u,1889664,0,0,1.5440233945846558,29.804983139038086,0.579972834919674,0.5587148779036981,91;37;38;1,89;37;36;1
9,7,predict_exitbc,u,1889664,0,0,1.5440233945846558,29.804983139038086,0.5799728514936372,0.5587148781161128,91;37;38;1,89;37;36;1
9,8,project1_rhs,z,629888,0,0,0.3023073375225067,12.090121269226074,0.005517447621033174,0.18594389216403429,59;37;21,89;37;37
9,8,project1_rhs,x,629888,0,0,0.39092695713043213,12.420645713806152,0.054396347961386635,1.3918183830843225,90;37;35,59;38;21
9,9,project1_solve,x,629888,0,0,0.40626105666160583,12.03048038482666,0.024561237489284918,0.812739991462646,90;37;35,59;38;21
9,9,project1_solve,r,629888,0,0,0.0004941386287100613,0.008132817223668098,0.00010616737175485544,0.0017813547569500978,146;69;55,146;69;55
9,10,project1_gradient,u,1889664,0,0,1.5503289699554443,32.09644317626953,0.5797362059673108,0.5806853493047635,90;37;38;1,89;37;36;1
9,11,project1_bc,u,1889664,0,0,1.5503289699554443,32.09644317626953,0.579721859708393,0.5806374503889262,90;37;38;1,89;37;36;1
9,11,project1_bc,p,629888,0,0,1.4166818857192993,43.497718811035156,0.08564803561205135,2.936222307279003,90;37;35,59;38;21
9,12,correct_conv_diff,f,1889664,0,0,0.6111363172531128,38.591453552246094,0.011500231051688656,0.4063617609036181,89;37;37;1,86;47;36;3
9,12,correct_conv_diff,sigma,629888,0,0,0.44958531856536865,21.76966667175293,0.013072902674672036,0.23080259021418645,88;37;38,86;30;38
9,13,correct_accelerate,f,1889664,0,0,0.6111363172531128,38.591453552246094,0.011500231051688656,0.4063617609036181,89;37;37;1,86;47;36;3
9,14,correct_bdim,u,1889664,0,0,3.0875000953674316,62.06512451171875,1.1238720094984656,1.1383501742590116,91;37;38;1,89;37;36;1
9,14,correct_bdim,f,1889664,0,0,1.5437612533569336,26.982084274291992,0.5590861886388947,0.5541344798083251,91;37;38;1,90;37;36;1
9,15,correct_scale,u,1889664,0,0,1.5437500476837158,31.032562255859375,0.5785070656712772,0.5693170875989821,91;37;38;1,89;37;36;1
9,16,correct_bc,u,1889664,0,0,1.5437500476837158,31.032562255859375,0.5798463843644895,0.5693402177333707,91;37;38;1,89;37;36;1
9,17,project2_rhs,z,629888,0,0,0.14884623885154724,9.352948188781738,0.0026836732187946106,0.09977747929570156,59;37;21,87;37;36
9,17,project2_rhs,x,629888,0,0,0.20313052833080292,6.01524019241333,0.0122806187453253,0.4063699836304289,90;37;35,59;38;21
9,18,project2_solve,x,629888,0,0,0.20611561834812164,5.76834774017334,0.022866001339581294,0.1371757386605324,90;37;35,89;37;36
9,18,project2_solve,r,629888,0,0,0.00040884490590542555,0.006820272654294968,8.783312522020681e-5,0.0014777716197363212,146;69;55,146;69;55
9,19,project2_gradient,u,1889664,0,0,1.5518195629119873,32.441383361816406,0.580028276045473,0.5817412911124458,90;37;38;1,89;37;36;1
9,20,project2_bc,u,1889664,0,0,1.5518195629119873,32.441383361816406,0.5800407240054691,0.5817452409664468,90;37;38;1,89;37;36;1
9,20,project2_bc,p,629888,0,0,1.4375007152557373,42.62202072143555,0.15947308011927777,1.1644688872755429,90;37;35,89;37;36
9,21,cfl,sigma,629888,0,0,1.973039984703064,40.51411437988281,0.9965562497153937,1.182952522460379,88;29;38,89;32;36
9,22,cfl_dt,dt,1,0,0,0.2879321873188019,0.484931081533432,0.2879321873188019,0.484931081533432,,
9,23,force_candidate_pressure,x,1,0,0,368.1427103913944,593.2926388570149,368.1427103913944,593.2926388570149,,
9,23,force_candidate_pressure,y,1,0,0,18.05159487781363,1428.3411373432787,18.05159487781363,1428.3411373432787,,
9,23,force_candidate_pressure,z,1,0,0,343.0362789557349,3591.0523115254564,343.0362789557349,3591.0523115254564,,
9,24,force_candidate_viscous,x,1,0,0,208.02904708522738,685.6869463471265,208.02904708522738,685.6869463471265,,
9,24,force_candidate_viscous,y,1,0,0,0.5585757907857354,3.8909654671789156,0.5585757907857354,3.8909654671789156,,
9,24,force_candidate_viscous,z,1,0,0,25.802638171718776,589.3015355947663,25.802638171718776,589.3015355947663,,
9,25,force_candidate_total,x,1,0,0,576.1717574766218,92.3943074901116,576.1717574766218,92.3943074901116,,
9,25,force_candidate_total,y,1,0,0,18.610170668599366,1432.2321028104575,18.610170668599366,1432.2321028104575,,
9,25,force_candidate_total,z,1,0,0,317.2336407840161,3001.75077593069,317.2336407840161,3001.75077593069,,
9,26,force_ground_pressure,x,1,0,0,0.0,0.0,0.0,0.0,,
9,26,force_ground_pressure,y,1,0,0,0.0,0.0,0.0,0.0,,
9,26,force_ground_pressure,z,1,0,0,80.18570309222196,464.9273789282888,80.18570309222196,464.9273789282888,,
9,27,force_ground_viscous,x,1,0,0,3.807747487980052,29.356615188960596,3.807747487980052,29.356615188960596,,
9,27,force_ground_viscous,y,1,0,0,0.00633788026120552,0.08086733201461627,0.00633788026120552,0.08086733201461627,,
9,27,force_ground_viscous,z,1,0,0,0.004207422242277659,0.021223947064015647,0.004207422242277659,0.021223947064015647,,
9,28,force_ground_total,x,1,0,0,3.807747487980052,29.356615188960596,3.807747487980052,29.356615188960596,,
9,28,force_ground_total,y,1,0,0,0.00633788026120552,0.08086733201461627,0.00633788026120552,0.08086733201461627,,
9,28,force_ground_total,z,1,0,0,80.18991051446423,464.9061549812248,80.18991051446423,464.9061549812248,,
10,1,measure,sigma,629888,0,0,53.5,29.999998092651367,27.590348865916937,1.5694945757991507,2;2;55,69;25;21
10,1,measure,mu0,1889664,0,0,1.0,29.999998092651367,0.9754156963600467,1.4444544581201022,3;1;3;1,62;25;21;1
10,1,measure,mu1,5668992,0,0,0.14867882430553436,23.788612365722656,0.008853358437984495,0.12532272723288598,65;29;21;1;1,62;24;21;1;2
10,1,measure,V,1889664,0,0,1.0,0.0,0.15277303098876363,0.0,3;1;1;1,1;1;1;1
10,1,measure,D1,629888,0,0,6.0,154.99993896484375,5.677487839430335,7.221705814478125,3;3;3,60;27;21
10,1,measure,iD1,629888,0,0,11244.546875,785873.3125,20.90824938634001,1404.4829759706467,86;49;31,86;49;31
10,1,measure,L2,254562,0,0,2.0,59.999996185302734,1.9140283466358488,2.214668450866363,3;1;3;1,31;26;12;2
10,1,measure,L3,133980,0,0,4.0,119.99980163574219,3.1759293831232904,3.5045190375221997,3;1;3;1,35;8;13;1
10,1,measure,L4,73689,0,0,8.0,239.99960327148438,6.2695741244794245,6.412011366597888,3;1;3;1,43;6;17;3
10,2,pre_scale,u0,1889664,0,0,1.5518195629119873,32.441383361816406,0.5800407240054691,0.5817452409664468,90;37;38;1,89;37;36;1
10,3,predict_conv_diff,f,1889664,0,0,0.6193875074386597,44.854000091552734,0.011571028497321417,0.39133723910927204,89;37;37;1,93;30;37;1
10,3,predict_conv_diff,sigma,629888,0,0,0.5,16.775440216064453,0.013102783117082666,0.23027865504990025,2;2;2,87;47;37
10,4,predict_accelerate,f,1889664,0,0,0.6193875074386597,44.854000091552734,0.011571028497321417,0.39133723910927204,89;37;37;1,93;30;37;1
10,5,predict_bdim,u,1889664,0,0,1.5252212285995483,29.201080322265625,0.5781227911131783,0.544992064748253,91;37;39;1,89;37;36;1
10,5,predict_bdim,f,1889664,0,0,1.5252212285995483,25.996044158935547,0.5590067516309772,0.5335393550390117,91;37;39;1,89;37;36;1
10,6,predict_bc,u,1889664,0,0,1.5252212285995483,29.201080322265625,0.579897020425103,0.5449921654902358,91;37;39;1,89;37;36;1
10,7,predict_exitbc,u,1889664,0,0,1.5252212285995483,29.201080322265625,0.5798970140882009,0.544992165757361,91;37;39;1,89;37;36;1
10,8,project1_rhs,z,629888,0,0,0.29561755061149597,24.51020050048828,0.005288465668625417,0.1890402495088117,59;37;21,93;30;37
10,8,project1_rhs,x,629888,0,0,0.41390272974967957,11.670583724975586,0.04591743277838017,0.2821974677019804,90;37;35,89;37;36
10,9,project1_solve,x,629888,0,0,0.42381736636161804,11.28760814666748,0.06595966085455371,0.5906048426203618,90;37;35,89;37;36
10,9,project1_solve,r,629888,0,0,0.0003023950266651809,0.005069059785455465,6.476207479802181e-5,0.0010971129696167369,6;69;55,6;69;55
10,10,project1_gradient,u,1889664,0,0,1.5339577198028564,31.827163696289062,0.5804795064594813,0.5676116137936755,91;37;39;1,89;37;36;1
10,11,project1_bc,u,1889664,0,0,1.5339577198028564,31.827163696289062,0.5805189770639213,0.5676452526897795,91;37;39;1,89;37;36;1
10,11,project1_bc,p,629888,0,0,1.4719346761703491,41.33124542236328,0.22908053964842912,2.4067560629977645,90;37;35,89;37;36
10,12,correct_conv_diff,f,1889664,0,0,0.5878742337226868,56.12172317504883,0.011107464975545569,0.38027748222876334,89;37;37;1,59;26;20;3
10,12,correct_conv_diff,sigma,629888,0,0,0.432437539100647,14.881591796875,0.012928030771201684,0.23038835844289696,88;37;38,87;28;37
10,13,correct_accelerate,f,1889664,0,0,0.5878742337226868,56.12172317504883,0.011107464975545569,0.38027748222876334,89;37;37;1,59;26;20;3
10,14,correct_bdim,u,1889664,0,0,3.0567946434020996,61.08897018432617,1.1245838141399993,1.1089301665067801,91;37;39;1,89;37;36;1
10,14,correct_bdim,f,1889664,0,0,1.5228369235992432,26.183786392211914,0.5590068724752205,0.5360782772379542,91;37;39;1,89;37;36;1
10,15,correct_scale,u,1889664,0,0,1.5283973217010498,30.544485092163086,0.5788952858726568,0.5546576597196835,91;37;39;1,89;37;36;1
10,16,correct_bc,u,1889664,0,0,1.5283973217010498,30.544485092163086,0.5802068473074332,0.5546397490883277,91;37;39;1,89;37;36;1
10,17,project2_rhs,z,629888,0,0,0.14621186256408691,11.975053787231445,0.0025813492127716906,0.09047694603305469,59;37;21,88;28;37
10,17,project2_rhs,x,629888,0,0,0.21190868318080902,5.643804550170898,0.03297983042675906,0.2953024325110848,90;37;35,89;37;36
10,18,project2_solve,x,629888,0,0,0.2122698873281479,5.691756248474121,0.05015804676324134,0.5859108817703621,90;37;35,89;37;36
10,18,project2_solve,r,629888,0,0,0.0002500455593690276,0.0042238133028149605,5.355479357761186e-5,0.0009087438546730621,6;69;55,6;69;55
10,19,project2_gradient,u,1889664,0,0,1.533390760421753,31.659223556518555,0.5806819398253735,0.5674552576480631,91;37;39;1,89;37;36;1
10,20,project2_bc,u,1889664,0,0,1.533390760421753,31.659223556518555,0.5807136536155927,0.5674940061477969,91;37;39;1,89;37;36;1
10,20,project2_bc,p,629888,0,0,1.4744435548782349,41.678531646728516,0.3484018041265613,4.641429407613547,90;37;35,89;37;36
10,21,cfl,sigma,629888,0,0,1.9619463682174683,39.48261260986328,0.9980842181559824,1.1553407623895313,88;29;38,89;32;36
10,22,cfl_dt,dt,1,0,0,0.28885483741760254,0.44369593262672424,0.28885483741760254,0.44369593262672424,,
10,23,force_candidate_pressure,x,1,0,0,393.51436768163376,1701.5598610469224,393.51436768163376,1701.5598610469224,,
10,23,force_candidate_pressure,y,1,0,0,18.25411682885977,1394.3348593875921,18.25411682885977,1394.3348593875921,,
10,23,force_candidate_pressure,z,1,0,0,366.0374656759909,2371.598156202916,366.0374656759909,2371.598156202916,,
10,24,force_candidate_viscous,x,1,0,0,200.613857751554,657.9361416090834,200.613857751554,657.9361416090834,,
10,24,force_candidate_viscous,y,1,0,0,0.5851994288050841,6.627334110430851,0.5851994288050841,6.627334110430851,,
10,24,force_candidate_viscous,z,1,0,0,25.16485868691553,581.0288212207586,25.16485868691553,581.0288212207586,,
10,25,force_candidate_total,x,1,0,0,594.1282254331877,1043.623719437839,594.1282254331877,1043.623719437839,,
10,25,force_candidate_total,y,1,0,0,18.839316257664855,1400.962193498023,18.839316257664855,1400.962193498023,,
10,25,force_candidate_total,z,1,0,0,340.8726069890754,1790.5693349821574,340.8726069890754,1790.5693349821574,,
10,26,force_ground_pressure,x,1,0,0,0.0,0.0,0.0,0.0,,
10,26,force_ground_pressure,y,1,0,0,0.0,0.0,0.0,0.0,,
10,26,force_ground_pressure,z,1,0,0,88.03792463549325,155.40105552598834,88.03792463549325,155.40105552598834,,
10,27,force_ground_viscous,x,1,0,0,3.8709277216515625,28.05925584712001,3.8709277216515625,28.05925584712001,,
10,27,force_ground_viscous,y,1,0,0,0.006671179723719223,0.0829863826805699,0.006671179723719223,0.0829863826805699,,
10,27,force_ground_viscous,z,1,0,0,0.004169370397352212,0.004180050501478405,0.004169370397352212,0.004180050501478405,,
10,28,force_ground_total,x,1,0,0,3.8709277216515625,28.05925584712001,3.8709277216515625,28.05925584712001,,
10,28,force_ground_total,y,1,0,0,0.006671179723719223,0.0829863826805699,0.006671179723719223,0.0829863826805699,,
10,28,force_ground_total,z,1,0,0,88.0420940058906,155.39687547548687,88.0420940058906,155.39687547548687,,
11,1,measure,sigma,629888,0,0,53.5,29.999998092651367,27.59034886591807,1.5694945756161078,2;2;55,69;25;21
11,1,measure,mu0,1889664,0,0,1.0,29.999998092651367,0.9754156963600467,1.4444544581201022,3;1;3;1,62;25;21;1
11,1,measure,mu1,5668992,0,0,0.14867882430553436,23.788612365722656,0.008853358437984495,0.12532272723288598,65;29;21;1;1,62;24;21;1;2
11,1,measure,V,1889664,0,0,1.0,0.0,0.15277303098876363,0.0,3;1;1;1,1;1;1;1
11,1,measure,D1,629888,0,0,6.0,154.99993896484375,5.677487839430335,7.221705814478125,3;3;3,60;27;21
11,1,measure,iD1,629888,0,0,11244.546875,785873.3125,20.90824938634001,1404.4829759706467,86;49;31,86;49;31
11,1,measure,L2,254562,0,0,2.0,59.999996185302734,1.9140283466358488,2.214668450866363,3;1;3;1,31;26;12;2
11,1,measure,L3,133980,0,0,4.0,119.99980163574219,3.1759293831232904,3.5045190375221997,3;1;3;1,35;8;13;1
11,1,measure,L4,73689,0,0,8.0,239.99960327148438,6.2695741244794245,6.412011366597888,3;1;3;1,43;6;17;3
11,2,pre_scale,u0,1889664,0,0,1.533390760421753,31.659223556518555,0.5807136536155927,0.5674940061477969,91;37;39;1,89;37;36;1
11,3,predict_conv_diff,f,1889664,0,0,0.5951172113418579,33.579837799072266,0.011164668192618256,0.3733746033733463,89;37;37;1,88;47;37;1
11,3,predict_conv_diff,sigma,629888,0,0,0.5,22.369548797607422,0.012949001251716904,0.22853297594688124,2;2;2,86;31;38
11,4,predict_accelerate,f,1889664,0,0,0.5951172113418579,33.579837799072266,0.011164668192618256,0.3733746033733463,89;37;37;1,88;47;37;1
11,5,predict_bdim,u,1889664,0,0,1.5189200639724731,28.387256622314453,0.5788015434018264,0.5335326831551384,91;37;39;1,89;37;36;1
11,5,predict_bdim,f,1889664,0,0,1.5189200639724731,25.148815155029297,0.5596575927159686,0.5217872423983073,91;37;39;1,89;37;36;1
11,6,predict_bc,u,1889664,0,0,1.5189200639724731,28.387256622314453,0.5805727370224422,0.5335322606897981,91;37;39;1,89;37;36;1
11,7,predict_exitbc,u,1889664,0,0,1.5189200639724731,28.387256622314453,0.5805727331638307,0.5335322609972145,91;37;39;1,89;37;36;1
11,8,project1_rhs,z,629888,0,0,0.2908754050731659,17.626941680908203,0.005106527772876518,0.1781983303617445,59;37;21,88;47;37
11,8,project1_rhs,x,629888,0,0,0.4259001612663269,11.47443962097168,0.10063754649370914,1.1900509604271852,90;37;35,89;37;36
11,9,project1_solve,x,629888,0,0,0.42706194519996643,11.11779499053955,0.1007041559492741,1.1910062490070457,90;37;35,89;37;36
11,9,project1_solve,r,629888,0,0,0.0006128237582743168,0.39505481719970703,1.1299586465773954e-5,0.0032825313149944467,90;31;37,86;26;36
11,10,project1_gradient,u,1889664,0,0,1.528920292854309,30.603683471679688,0.5815242018366252,0.5567700376316921,91;37;39;1,89;37;36;1
11,11,project1_bc,u,1889664,0,0,1.528920292854309,30.603683471679688,0.5815878976494253,0.5568675586753309,91;37;39;1,89;37;36;1
11,11,project1_bc,p,629888,0,0,1.4784655570983887,40.44155502319336,0.34863240251749084,4.645652843248757,90;37;35,89;37;36
11,12,correct_conv_diff,f,1889664,0,0,0.5667397975921631,33.210594177246094,0.010787548188795576,0.3597066448041775,89;37;37;1,87;24;36;1
11,12,correct_conv_diff,sigma,629888,0,0,0.418358713388443,16.465192794799805,0.012820407988519146,0.2248940235302781,88;37;38,86;34;38
11,13,correct_accelerate,f,1889664,0,0,0.5667397975921631,33.210594177246094,0.010787548188795576,0.3597066448041775,89;37;37;1,87;24;36;1
11,14,correct_bdim,u,1889664,0,0,3.0467677116394043,58.99146270751953,1.12629682383827,1.086568254001107,91;37;39;1,89;37;36;1
11,14,correct_bdim,f,1889664,0,0,1.5178475379943848,25.27645492553711,0.5596574137026833,0.5235438403237628,91;37;39;1,89;31;36;1
11,15,correct_scale,u,1889664,0,0,1.5233838558197021,29.495731353759766,0.5797815833686507,0.5435719186379231,91;37;39;1,89;37;36;1
11,16,correct_bc,u,1889664,0,0,1.5233838558197021,29.495731353759766,0.5810790371819641,0.5435190201892967,91;37;39;1,89;37;36;1
11,17,project2_rhs,z,629888,0,0,0.14429622888565063,5.024991035461426,0.002503449797749332,0.08183908345903255,59;37;21,88;24;30
11,17,project2_rhs,x,629888,0,0,0.21353095769882202,5.558897972106934,0.05035207797488929,0.5955031203560982,90;37;35,89;37;36
11,18,project2_solve,x,629888,0,0,0.20771153271198273,5.5961809158325195,0.05041570413033292,0.596782143142193,90;37;35,89;37;36
11,18,project2_solve,r,629888,0,0,0.0005139247514307499,0.2379862666130066,1.0784164889283722e-5,0.001796651517165011,93;38;37,88;31;35
11,19,project2_gradient,u,1889664,0,0,1.5281870365142822,30.591800689697266,0.5815572401678499,0.5564190050200475,91;37;39;1,89;37;36;1
11,20,project2_bc,u,1889664,0,0,1.5281870365142822,30.591800689697266,0.581589156990826,0.5564708029255873,91;37;39;1,89;37;36;1
11,20,project2_bc,p,629888,0,0,1.438172459602356,40.657623291015625,0.34907294322367277,4.6553813095573435,90;37;35,89;37;36
11,21,cfl,sigma,629888,0,0,1.9538486003875732,38.37938690185547,0.9999731512415344,1.1345196756751572,88;30;38,89;31;36
11,22,cfl_dt,dt,1,0,0,0.2895320951938629,0.47715896368026733,0.2895320951938629,0.47715896368026733,,
11,23,force_candidate_pressure,x,1,0,0,386.7146809253423,1813.6386165415634,386.7146809253423,1813.6386165415634,,
11,23,force_candidate_pressure,y,1,0,0,18.087458495633612,1372.1200399545655,18.087458495633612,1372.1200399545655,,
11,23,force_candidate_pressure,z,1,0,0,366.0538862559075,2107.529905350181,366.0538862559075,2107.529905350181,,
11,24,force_candidate_viscous,x,1,0,0,194.31221923613057,631.7985413451671,194.31221923613057,631.7985413451671,,
11,24,force_candidate_viscous,y,1,0,0,0.6119541833388729,9.354264394193265,0.6119541833388729,9.354264394193265,,
11,24,force_candidate_viscous,z,1,0,0,24.649192880074327,569.4940821577117,24.649192880074327,569.4940821577117,,
11,25,force_candidate_total,x,1,0,0,581.0269001614729,1181.8400751963964,581.0269001614729,1181.8400751963964,,
11,25,force_candidate_total,y,1,0,0,18.699412678972486,1381.4743043487588,18.699412678972486,1381.4743043487588,,
11,25,force_candidate_total,z,1,0,0,341.4046933758332,1538.0358231924693,341.4046933758332,1538.0358231924693,,
11,26,force_ground_pressure,x,1,0,0,0.0,0.0,0.0,0.0,,
11,26,force_ground_pressure,y,1,0,0,0.0,0.0,0.0,0.0,,
11,26,force_ground_pressure,z,1,0,0,88.0396553842038,159.14205813407898,88.0396553842038,159.14205813407898,,
11,27,force_ground_viscous,x,1,0,0,4.028001968663162,28.485931912532653,4.028001968663162,28.485931912532653,,
11,27,force_ground_viscous,y,1,0,0,0.006983783553640377,0.08584650570460894,0.006983783553640377,0.08584650570460894,,
11,27,force_ground_viscous,z,1,0,0,0.0038210668234626155,0.021904877983429216,0.0038210668234626155,0.021904877983429216,,
11,28,force_ground_total,x,1,0,0,4.028001968663162,28.485931912532653,4.028001968663162,28.485931912532653,,
11,28,force_ground_total,y,1,0,0,0.006983783553640377,0.08584650570460894,0.006983783553640377,0.08584650570460894,,
11,28,force_ground_total,z,1,0,0,88.04347645102726,159.1639630120624,88.04347645102726,159.1639630120624,,
12,1,measure,sigma,629888,0,0,53.5,29.999998092651367,27.590348865919292,1.569494575487669,2;2;55,69;25;21
12,1,measure,mu0,1889664,0,0,1.0,29.999998092651367,0.9754156963600467,1.4444544581201022,3;1;3;1,62;25;21;1
12,1,measure,mu1,5668992,0,0,0.14867882430553436,23.788612365722656,0.008853358437984495,0.12532272723288598,65;29;21;1;1,62;24;21;1;2
12,1,measure,V,1889664,0,0,1.0,0.0,0.15277303098876363,0.0,3;1;1;1,1;1;1;1
12,1,measure,D1,629888,0,0,6.0,154.99993896484375,5.677487839430335,7.221705814478125,3;3;3,60;27;21
12,1,measure,iD1,629888,0,0,11244.546875,785873.3125,20.90824938634001,1404.4829759706467,86;49;31,86;49;31
12,1,measure,L2,254562,0,0,2.0,59.999996185302734,1.9140283466358488,2.214668450866363,3;1;3;1,31;26;12;2
12,1,measure,L3,133980,0,0,4.0,119.99980163574219,3.1759293831232904,3.5045190375221997,3;1;3;1,35;8;13;1
12,1,measure,L4,73689,0,0,8.0,239.99960327148438,6.2695741244794245,6.412011366597888,3;1;3;1,43;6;17;3
12,2,pre_scale,u0,1889664,0,0,1.5281870365142822,30.591800689697266,0.581589156990826,0.5564708029255873,91;37;39;1,89;37;36;1
12,3,predict_conv_diff,f,1889664,0,0,0.5738297700881958,43.610103607177734,0.010827359819459238,0.35452991195877204,89;37;37;1,85;22;35;2
12,3,predict_conv_diff,sigma,629888,0,0,0.5,16.568431854248047,0.012830700640068896,0.22086886409028603,2;2;2,86;33;38
12,4,predict_accelerate,f,1889664,0,0,0.5738297700881958,43.610103607177734,0.010827359819459238,0.35452991195877204,89;37;37;1,85;22;35;2
12,5,predict_bdim,u,1889664,0,0,1.512784719467163,27.602027893066406,0.5796824483893841,0.5247423398393831,91;37;39;1,89;37;36;1
12,5,predict_bdim,f,1889664,0,0,1.512784719467163,24.267627716064453,0.5605060232489741,0.5130376182831707,91;37;39;1,89;37;36;1
12,6,predict_bc,u,1889664,0,0,1.512784719467163,27.602027893066406,0.5814498938451426,0.5247402571230062,91;37;39;1,89;37;36;1
12,7,predict_exitbc,u,1889664,0,0,1.512784719467163,27.602027893066406,0.5814498989825867,0.5247402574565146,91;37;39;1,89;37;36;1
12,8,project1_rhs,z,629888,0,0,0.2872121036052704,10.441076278686523,0.004955494326503026,0.16594754540384488,59;37;21,83;23;34
12,8,project1_rhs,x,629888,0,0,0.4163970947265625,11.178281784057617,0.10106782062847613,1.1853541833745007,90;37;35,89;37;36
12,9,project1_solve,x,629888,0,0,0.4125743806362152,10.91858959197998,0.09061642167209709,1.0267578559812665,90;37;35,89;37;36
12,9,project1_solve,r,629888,0,0,0.0001551563764223829,0.0024058904964476824,3.228129746435857e-5,0.0004874752690018092,146;69;55,147;6;55
12,10,project1_gradient,u,1889664,0,0,1.5218826532363892,29.710214614868164,0.5822992607138986,0.5478405416800466,91;37;39;1,89;37;36;1
12,11,project1_bc,u,1889664,0,0,1.5218826532363892,29.710214614868164,0.5823562239304553,0.5479443473106508,91;37;39;1,89;37;36;1
12,11,project1_bc,p,629888,0,0,1.4249694347381592,39.73824691772461,0.31297539435150806,4.048186611446832,90;37;35,89;37;36
12,12,correct_conv_diff,f,1889664,0,0,0.5495660901069641,77.27800750732422,0.010505242788395572,0.37123698326208004,89;37;37;1,84;23;34;2
12,12,correct_conv_diff,sigma,629888,0,0,0.40695706009864807,14.36194896697998,0.012707439968252271,0.2115262130273035,88;37;38,87;28;37
12,13,correct_accelerate,f,1889664,0,0,0.5495660901069641,77.27800750732422,0.010505242788395572,0.37123698326208004,89;37;37;1,84;23;34;2
12,14,correct_bdim,u,1889664,0,0,3.033806800842285,57.34307861328125,1.1279062736217866,1.0692860341538537,91;37;39;1,89;37;36;1
12,14,correct_bdim,f,1889664,0,0,1.5119240283966064,24.365083694458008,0.5605057250290604,0.5158496420330558,91;37;39;1,89;37;36;1
12,15,correct_scale,u,1889664,0,0,1.5169034004211426,28.671539306640625,0.5806028041781597,0.5350137585025114,91;37;39;1,89;37;36;1
12,16,correct_bc,u,1889664,0,0,1.5169034004211426,28.671539306640625,0.5819017882110004,0.5349584794809011,91;37;39;1,89;37;36;1
12,17,project2_rhs,z,629888,0,0,0.14267948269844055,10.368853569030762,0.0024363583115804455,0.08752250900593389,59;37;21,89;31;37
12,17,project2_rhs,x,629888,0,0,0.2062871903181076,5.459295272827148,0.04530821083800649,0.5133789369105484,90;37;35,89;37;36
12,18,project2_solve,x,629888,0,0,0.19817538559436798,5.354656219482422,0.03671038015102084,0.3825828615441978,90;37;35,89;31;36
12,18,project2_solve,r,629888,0,0,0.00012832923675887287,0.001945612020790577,2.682296381496283e-5,0.0004068004301518769,146;69;55,147;6;55
12,19,project2_gradient,u,1889664,0,0,1.5208499431610107,29.704971313476562,0.58223802694444,0.5473244219486104,91;37;39;1,89;37;36;1
12,20,project2_bc,u,1889664,0,0,1.5208499431610107,29.704971313476562,0.5822605942153487,0.5473638789592055,91;37;39;1,89;37;36;1
12,20,project2_bc,p,629888,0,0,1.3689355850219727,38.89670181274414,0.25358418470011646,3.042478164085182,90;37;35,89;38;36
12,21,cfl,sigma,629888,0,0,1.944763422012329,37.83357238769531,1.0014833641897707,1.1158067776509815,88;30;38,86;50;36
12,22,cfl_dt,dt,1,0,0,0.29029569029808044,0.3946143686771393,0.29029569029808044,0.3946143686771393,,
12,23,force_candidate_pressure,x,1,0,0,358.5755353274492,1594.0533360542406,358.5755353274492,1594.0533360542406,,
12,23,force_candidate_pressure,y,1,0,0,18.28438658258169,1423.3526684948993,18.28438658258169,1423.3526684948993,,
12,23,force_candidate_pressure,z,1,0,0,345.627461085177,2058.5776517335817,345.627461085177,2058.5776517335817,,
12,24,force_candidate_viscous,x,1,0,0,188.56893613074917,611.9008776573152,188.56893613074917,611.9008776573152,,
12,24,force_candidate_viscous,y,1,0,0,0.6367076037322468,11.922897676759753,0.6367076037322468,11.922897676759753,,
12,24,force_candidate_viscous,z,1,0,0,24.1786390828213,560.3099382638708,24.1786390828213,560.3099382638708,,
12,25,force_candidate_total,x,1,0,0,547.1444714581984,982.1524583969255,547.1444714581984,982.1524583969255,,
12,25,force_candidate_total,y,1,0,0,18.921094186313937,1435.275566171659,18.921094186313937,1435.275566171659,,
12,25,force_candidate_total,z,1,0,0,321.4488220023557,1498.267713469711,321.4488220023557,1498.267713469711,,
12,26,force_ground_pressure,x,1,0,0,0.0,0.0,0.0,0.0,,
12,26,force_ground_pressure,y,1,0,0,0.0,0.0,0.0,0.0,,
12,26,force_ground_pressure,z,1,0,0,83.06757331865447,95.43712023552507,83.06757331865447,95.43712023552507,,
12,27,force_ground_viscous,x,1,0,0,4.231400236022066,29.954498529380214,4.231400236022066,29.954498529380214,,
12,27,force_ground_viscous,y,1,0,0,0.007282722554162291,0.08938171463056932,0.007282722554162291,0.08938171463056932,,
12,27,force_ground_viscous,z,1,0,0,0.003708813253171961,0.019566536837302806,0.003708813253171961,0.019566536837302806,,
12,28,force_ground_total,x,1,0,0,4.231400236022066,29.954498529380214,4.231400236022066,29.954498529380214,,
12,28,force_ground_total,y,1,0,0,0.007282722554162291,0.08938171463056932,0.007282722554162291,0.08938171463056932,,
12,28,force_ground_total,z,1,0,0,83.07128213190764,95.45668677236237,83.07128213190764,95.45668677236237,,
