snapshot_t,direction,eps,sign,tau,pfx,pfy,pfz,vfx,vfy,vfz
4.0030437,baseline,0,0,0.25,204.4460577758464,11.030452549603764,-308.9196785525402,90.13259084226904,1.3192098721231167,7.362904634714781
4.0030437,D1_filtered_seed11,1.0e-8,x,0.25,204.4460566338097,11.030452344408005,-308.9196790668594,90.13259035086033,1.3192100696465197,7.362904847182676
4.0030437,D1_filtered_seed11,1.0e-7,x,0.25,204.44604877133344,11.03045102518961,-308.91967354217525,90.13258634540676,1.3192117474678033,7.362905990364625
4.0030437,D1_filtered_seed11,1.0e-6,x,0.25,204.4459680803413,11.03043648551282,-308.91961175197326,90.13254480173492,1.3192286593777203,7.362916856613481
4.0030437,D1_filtered_seed11,3.0e-6,x,0.25,204.44578857164726,11.030404116194877,-308.91947484759567,90.13245249998909,1.3192661909830923,7.362941155806423
4.0030437,D1_filtered_seed11,1.0e-5,x,0.25,204.4451600397607,11.030291289234956,-308.9189921675613,90.13212865857156,1.319397530048886,7.363025953801355
4.0030437,D1_filtered_seed11,3.0e-5,x,0.25,204.44335540202667,11.029969365648007,-308.9175877969702,90.13119748741615,1.3197728719018054,7.363268245826042
4.0030437,D1_filtered_seed11,0.0001,x,0.25,204.4369519558863,11.028847007961868,-308.9124112310256,90.12787704256817,1.321086654324028,7.364116244470004
4.0030437,D1_filtered_seed11,-0.0001,x,0.25,204.45488543693355,11.032073268043593,-308.9261250315487,90.13711178950021,1.31733344316011,7.361694056612443
4.0030437,D1_filtered_seed11,-1.0e-6,x,0.25,204.4461471778325,11.030468858742424,-308.91974877923997,90.13263703054383,1.3191910916418066,7.36289261961293
4.0030437,D2_filtered_seed2026,1.0e-8,x,0.25,204.4460566740372,11.03045259782093,-308.91967900366825,90.13259074270982,1.319210133517581,7.362904584712828
4.0030437,D2_filtered_seed2026,1.0e-7,x,0.25,204.44605153000361,11.030453887761325,-308.9196753800518,90.13259007122177,1.3192123991054632,7.362903680326348
4.0030437,D2_filtered_seed2026,1.0e-6,x,0.25,204.44600023411937,11.030464950017933,-308.9196317840483,90.13258293902146,1.3192352182293883,7.362893670042661
4.0030437,D2_filtered_seed2026,3.0e-6,x,0.25,204.44588497054633,11.030490048291743,-308.91953436234894,90.13256713526694,1.3192859456411024,7.362871457325387
4.0030437,D2_filtered_seed2026,1.0e-5,x,0.25,204.44548233136928,11.03057689748556,-308.919192409187,90.13251099112995,1.3194634681195865,7.362793486673251
4.0030437,D2_filtered_seed2026,3.0e-5,x,0.25,204.44431930313948,11.030825229316308,-308.91818676146084,90.13234429786118,1.3199705182513093,7.362569797006877
4.0030437,D2_filtered_seed2026,0.0001,x,0.25,204.44016372924222,11.031694449005734,-308.9144301882892,90.13170475720149,1.3217442369893684,7.361776718352694
4.0030437,D2_filtered_seed2026,-0.0001,x,0.25,204.45166551391998,11.029210274640004,-308.9241649051655,90.13329782213225,1.3166724700774752,7.364000912689775
4.0030437,D2_filtered_seed2026,-1.0e-6,x,0.25,204.44611509195352,11.030440128771286,-308.9197290429704,90.13259894672221,1.319184503934819,7.362915888834281
