snapshot_t,direction,eps,sign,variant,fx,fy,fz
3.021531,baseline,0,0,raw,93.26979475879352,-0.4859101164796386,-148.9007834976232
3.021531,baseline,0,0,reg,93.89422391768716,0.18508597818271683,-147.59452326577008
3.021531,D0_interface_offset,0p0005,minus,raw,93.64022239704572,-0.4896681702800476,-149.26774252544874
3.021531,D0_interface_offset,0p0005,minus,reg,94.02467572345722,0.12025138828694758,-147.75239708356304
3.021531,D0_interface_offset,0p0005,plus,raw,93.35644383451134,0.919244902205877,-148.95097420018658
3.021531,D0_interface_offset,0p0005,plus,reg,93.74804657022237,0.2494864173802291,-147.42123713107992
3.021531,D0_interface_offset,0p0010,minus,raw,93.76263236936063,-0.4842523470101542,-149.40537660450445
3.021531,D0_interface_offset,0p0010,minus,reg,94.139443053164,0.05500497861370227,-147.89487548748266
3.021531,D0_interface_offset,0p0010,plus,raw,93.19441238979476,0.9124830276948042,-148.77121878861288
3.021531,D0_interface_offset,0p0010,plus,reg,93.58611438514728,0.31343202415843363,-147.2325322166184
3.021531,D0_interface_offset,0p0025,minus,raw,94.02967213615187,-0.4700647995099161,-149.72208075282197
3.021531,D0_interface_offset,0p0025,minus,reg,94.39019746817706,-0.14297607122162612,-148.23026055272697
3.021531,D0_interface_offset,0p0025,plus,raw,92.58521596729568,0.8894343757479257,-148.10874717250144
3.021531,D0_interface_offset,0p0025,plus,reg,93.00564039120421,0.5023381327000627,-146.57396461843416
3.021531,D0_interface_offset,0p0050,minus,raw,94.13971312944525,-0.4543215846951629,-149.8811548188429
3.021531,D0_interface_offset,0p0050,minus,reg,94.50105902959339,-0.47893355953057987,-148.48576688730245
3.021531,D0_interface_offset,0p0050,plus,raw,91.32947835404252,0.8412544386738235,-146.76504396952095
3.021531,D0_interface_offset,0p0050,plus,reg,91.72350287371137,0.8063187496889875,-145.17038474292912
3.021531,D0_interface_offset,0p0100,minus,raw,93.36240858440163,-0.4492718158953326,-149.23870705303457
3.021531,D0_interface_offset,0p0100,minus,reg,93.6247999526029,-0.4679759630296818,-147.90173814839721
3.021531,D0_interface_offset,0p0100,plus,raw,87.54662801428877,0.7135908968740858,-142.7889165754517
3.021531,D0_interface_offset,0p0100,plus,reg,88.01256724455035,0.6736459475325389,-141.25756358288197
3.021531,D1_filtered_seed11,0p0005,minus,raw,93.17180220633793,0.9108030885580951,-147.15845725088553
3.021531,D1_filtered_seed11,0p0005,minus,reg,93.89393692810347,0.21490264154765049,-147.537449949904
3.021531,D1_filtered_seed11,0p0005,plus,raw,94.61312599786419,-0.5434422919384874,-148.03203984805364
3.021531,D1_filtered_seed11,0p0005,plus,reg,93.89281460944625,0.15496400683049938,-147.6497385882964
3.021531,D1_filtered_seed11,0p0010,minus,raw,93.18064986797754,0.9155197311212238,-147.11373307508907
3.021531,D1_filtered_seed11,0p0010,minus,reg,93.89195009278001,0.2444120164383481,-147.47852488732238
3.021531,D1_filtered_seed11,0p0010,plus,raw,94.60039864984637,-0.5507921673213358,-148.06981850128022
3.021531,D1_filtered_seed11,0p0010,plus,reg,93.88971162042535,0.12453978903272134,-147.703095778244
3.021531,D1_filtered_seed11,0p0025,minus,raw,93.19571630610531,0.9276507146760018,-146.97059658842792
3.021531,D1_filtered_seed11,0p0025,minus,reg,93.87576934542827,0.3310724686025246,-147.29068241957086
3.021531,D1_filtered_seed11,0p0025,plus,raw,94.55084400264684,-0.5747891625557848,-148.17356201822415
3.021531,D1_filtered_seed11,0p0025,plus,reg,93.87027515622765,0.03147759556148699,-147.85196891077587
3.021531,D1_filtered_seed11,0p0050,minus,raw,93.18610349655441,0.9419703402825164,-146.69666138399995
3.021531,D1_filtered_seed11,0p0050,minus,reg,93.8145939702002,0.4691672198575745,-146.941024925562
3.021531,D1_filtered_seed11,0p0050,plus,raw,94.4342412206646,-0.6202464625076587,-148.30882828276341
3.021531,D1_filtered_seed11,0p0050,plus,reg,93.80434965665006,-0.12941147054707614,-148.06258958752412
3.021531,D1_filtered_seed11,0p0100,minus,raw,93.0375218340323,0.9485811941271436,-146.01568737281147
3.021531,D1_filtered_seed11,0p0100,minus,reg,93.56344471288139,0.7209966251688797,-146.10736376103839
3.021531,D1_filtered_seed11,0p0100,plus,raw,94.07689085390689,-0.7301348862508377,-148.4365086139139
3.021531,D1_filtered_seed11,0p0100,plus,reg,93.54877226007034,-0.47140770133201215,-148.34242086797778
3.021531,D2_filtered_seed2026,0p0005,minus,raw,93.54148726320227,0.5445783318289195,-147.01635141913974
3.021531,D2_filtered_seed2026,0p0005,minus,reg,93.88280978914645,0.22862292283685193,-147.56195535505984
3.021531,D2_filtered_seed2026,0p0005,plus,raw,94.24235606093539,-0.17426877166510124,-148.17185987546208
3.021531,D2_filtered_seed2026,0p0005,plus,reg,93.90347261449638,0.14155658913930935,-147.6246509275881
3.021531,D2_filtered_seed2026,0p0010,minus,raw,93.54247300808626,0.5674002664088462,-146.99188964394878
3.021531,D2_filtered_seed2026,0p0010,minus,reg,93.8692386416578,0.2721587453267844,-147.52695240404253
3.021531,D2_filtered_seed2026,0p0010,plus,raw,94.23494804651463,-0.1965373630272751,-148.18703580004453
3.021531,D2_filtered_seed2026,0p0010,plus,reg,93.91054709469799,0.09804413985109761,-147.65233756857728
3.021531,D2_filtered_seed2026,0p0025,minus,raw,93.53179019425411,0.6356192172671626,-146.9055717938838
3.021531,D2_filtered_seed2026,0p0025,minus,reg,93.81567191940636,0.4026693620845663,-147.40736902348655
3.021531,D2_filtered_seed2026,0p0025,plus,raw,94.19847831957296,-0.26344503107513617,-148.21923582081715
3.021531,D2_filtered_seed2026,0p0025,plus,reg,93.91865610351843,-0.032312673601083475,-147.72072427471673
3.021531,D2_filtered_seed2026,0p0050,minus,raw,93.47199551870489,0.748581510589915,-146.71444607099076
3.021531,D2_filtered_seed2026,0p0050,minus,reg,93.68414845139176,0.6192737233011343,-147.15980131978833
3.021531,D2_filtered_seed2026,0p0050,plus,raw,94.09298357522846,-0.3745067283714718,-148.2242302346278
3.021531,D2_filtered_seed2026,0p0050,plus,reg,93.88807250562593,-0.2485120953740818,-147.78575166701214
3.021531,D2_filtered_seed2026,0p0100,minus,raw,93.20026192470897,0.9684635256439265,-146.155870059855
3.021531,D2_filtered_seed2026,0p0100,minus,reg,93.27196395686252,0.9025101164574494,-146.5009279757439
3.021531,D2_filtered_seed2026,0p0100,plus,raw,93.71463010807173,-0.5931164425530824,-148.05180964954954
3.021531,D2_filtered_seed2026,0p0100,plus,reg,93.65559999267833,-0.532214178994991,-147.71926246314135
8.015555,baseline,0,0,raw,91.42107146751603,-0.5258580150381991,-145.33827858701918
8.015555,baseline,0,0,reg,91.98126838153388,0.1037872242162168,-144.20878998475686
8.015555,D0_interface_offset,0p0005,minus,raw,91.77859513600089,-0.5295253373798908,-145.6954284275277
8.015555,D0_interface_offset,0p0005,minus,reg,92.11051007473175,0.04303140961450781,-144.36346740006618
8.015555,D0_interface_offset,0p0005,plus,raw,91.49878250384772,0.7868756650813571,-145.3828844685188
8.015555,D0_interface_offset,0p0005,plus,reg,91.83660401662192,0.16414181337892947,-144.03903713714303
8.015555,D0_interface_offset,0p0010,minus,raw,91.89908949148378,-0.5246087271418172,-145.83123342660267
8.015555,D0_interface_offset,0p0010,minus,reg,92.22436885554816,-0.018104839093603158,-144.50308542521395
8.015555,D0_interface_offset,0p0010,plus,raw,91.33889778788588,0.780720036144755,-145.20562174537835
8.015555,D0_interface_offset,0p0010,plus,reg,91.67648840708343,0.22407590820595336,-143.8542036097971
8.015555,D0_interface_offset,0p0025,minus,raw,92.16275446527209,-0.5117619880610611,-146.1448106968487
8.015555,D0_interface_offset,0p0025,minus,reg,92.47418809562703,-0.2035797334624789,-144.83189081878973
8.015555,D0_interface_offset,0p0025,plus,raw,90.7405211902483,0.7596655021793075,-144.55542329520767
8.015555,D0_interface_offset,0p0025,plus,reg,91.10329581813332,0.40116424485737523,-143.20928217626576
8.015555,D0_interface_offset,0p0050,minus,raw,92.27589649478696,-0.4975767369518566,-146.31157857612578
8.015555,D0_interface_offset,0p0050,minus,reg,92.58933505847548,-0.5182008473006876,-145.08298554481718
8.015555,D0_interface_offset,0p0050,plus,raw,89.50205089875827,0.715547922557763,-143.23285573898457
8.015555,D0_interface_offset,0p0050,plus,reg,89.83941033421058,0.6862350937065338,-141.8352148862863
8.015555,D0_interface_offset,0p0100,minus,raw,91.51596630561265,-0.493475450205563,-145.69520799336635
8.015555,D0_interface_offset,0p0100,minus,reg,91.74228360603098,-0.5091485899195984,-144.51348780929007
8.015555,D0_interface_offset,0p0100,plus,raw,85.78775539772337,0.5982486176271912,-139.34114312936305
8.015555,D0_interface_offset,0p0100,plus,reg,86.18742856166872,0.564724010392177,-138.00613620113182
8.015555,D1_filtered_seed11,0p0005,minus,raw,91.30331587225197,0.7985114653394407,-143.81935043596192
8.015555,D1_filtered_seed11,0p0005,minus,reg,91.98225394621528,0.1324993625609454,-144.15325895626844
8.015555,D1_filtered_seed11,0p0005,plus,raw,92.65604868413283,-0.5933529447039092,-144.59913712180816
8.015555,D1_filtered_seed11,0p0005,plus,reg,91.97862012676131,0.07478079615241029,-144.2625050778268
8.015555,D1_filtered_seed11,0p0010,minus,raw,91.31271957102373,0.8032472845704826,-143.77491072136397
8.015555,D1_filtered_seed11,0p0010,minus,reg,91.98157277265338,0.16091503439724253,-144.09591793438446
8.015555,D1_filtered_seed11,0p0010,plus,raw,92.64267898711438,-0.6004192293990878,-144.637023497234
8.015555,D1_filtered_seed11,0p0010,plus,reg,91.97431184511748,0.04548288569039638,-144.31440381449767
8.015555,D1_filtered_seed11,0p0025,minus,raw,91.32986018931848,0.8155213322931978,-143.63251366540393
8.015555,D1_filtered_seed11,0p0025,minus,reg,91.96950828364794,0.2443616001962674,-143.91307680939175
8.015555,D1_filtered_seed11,0p0025,plus,raw,92.59160295009431,-0.6234783032610416,-144.74103084447282
8.015555,D1_filtered_seed11,0p0025,plus,reg,91.95146175932248,-0.044137255986758106,-144.45915680609554
8.015555,D1_filtered_seed11,0p0050,minus,raw,91.32444850104466,0.830238052533737,-143.36046342524466
8.015555,D1_filtered_seed11,0p0050,minus,reg,91.91585452124954,0.37732904232593256,-143.5725768664092
8.015555,D1_filtered_seed11,0p0050,plus,raw,92.47321607194652,-0.6672154340395196,-144.8775563829556
8.015555,D1_filtered_seed11,0p0050,plus,reg,91.88052483058317,-0.1990848718942857,-144.66376668419318
8.015555,D1_filtered_seed11,0p0100,minus,raw,91.18679538927773,0.8382226122716503,-142.68612398140382
8.015555,D1_filtered_seed11,0p0100,minus,reg,91.68219690079951,0.6198013879124602,-142.76022867710114
8.015555,D1_filtered_seed11,0p0100,plus,raw,92.11494325692146,-0.7731737921636608,-145.01115511951045
8.015555,D1_filtered_seed11,0p0100,plus,reg,91.61751605538265,-0.5284800958030331,-144.9348469206261
8.015555,D2_filtered_seed2026,0p0005,minus,raw,91.67132011185966,0.4372311584003583,-143.67243080905027
8.015555,D2_filtered_seed2026,0p0005,minus,reg,91.97185444951249,0.14609516416866342,-144.17743314380309
8.015555,D2_filtered_seed2026,0p0005,plus,raw,92.28703568575335,-0.22953198812863285,-144.74411502536907
8.015555,D2_filtered_seed2026,0p0005,plus,reg,91.988556068105,0.06147971823238585,-144.23775879991547
8.015555,D2_filtered_seed2026,0p0010,minus,raw,91.67299442906165,0.4597012644382792,-143.64842014550507
8.015555,D2_filtered_seed2026,0p0010,minus,reg,91.96032234029076,0.18839526306348287,-144.1436940370227
8.015555,D2_filtered_seed2026,0p0010,plus,raw,92.27904987135749,-0.2515153752491077,-144.75931224971734
8.015555,D2_filtered_seed2026,0p0010,plus,reg,91.99370923186822,0.019182000991724735,-144.2643393685971
8.015555,D2_filtered_seed2026,0p0025,minus,raw,91.66473235669125,0.5268397950143857,-143.56351350493853
8.015555,D2_filtered_seed2026,0p0025,minus,reg,91.91309665566948,0.3151605053894322,-144.02821236735755
8.015555,D2_filtered_seed2026,0p0025,plus,raw,92.24125512926165,-0.3175809247336918,-144.79167041169805
8.015555,D2_filtered_seed2026,0p0025,plus,reg,91.99629862277632,-0.10757625071578225,-144.32972644621915
8.015555,D2_filtered_seed2026,0p0050,minus,raw,91.60966320176945,0.6378826756476279,-143.37562224233122
8.015555,D2_filtered_seed2026,0p0050,minus,reg,91.79285169522396,0.5254144056156598,-143.78850399370864
8.015555,D2_filtered_seed2026,0p0050,plus,raw,92.13446543933584,-0.4273382516074733,-144.79792528504865
8.015555,D2_filtered_seed2026,0p0050,plus,reg,91.95736488473247,-0.3179382345496222,-144.39082294770876
8.015555,D2_filtered_seed2026,0p0100,minus,raw,91.34959741312062,0.8536052912986776,-142.82702239549369
8.015555,D2_filtered_seed2026,0p0100,minus,reg,91.40533770973573,0.8041975355317987,-143.148177962154
8.015555,D2_filtered_seed2026,0p0100,plus,raw,91.756906328837,-0.6437259946756626,-144.63196643582475
8.015555,D2_filtered_seed2026,0p0100,plus,reg,91.71186494086355,-0.5990713036076727,-144.32137315168936
