t_end,window_start,direction,eps,sign,variant,fx,fy,fz
2.0,1.0,baseline,0,0,raw,98.45168643842707,-5.179665354698386,-112.76166139319949
2.0,1.0,baseline,0,0,reg,95.65434570099994,-6.095417802655768,-109.46649272945668
2.0,1.0,D0_interface_offset,0p0005,minus,raw,98.37820169442888,-5.218763707983226,-112.59924092031439
2.0,1.0,D0_interface_offset,0p0005,minus,reg,95.58995033436844,-6.137580992704125,-109.29673511288212
2.0,1.0,D0_interface_offset,0p0005,plus,raw,98.51779572242762,-5.143097745457152,-112.92997005927349
2.0,1.0,D0_interface_offset,0p0005,plus,reg,95.71431692396641,-6.05527804632922,-109.63532409054336
2.0,1.0,D0_interface_offset,0p0025,minus,raw,98.06771530284496,-5.383470433358213,-111.92087391461
2.0,1.0,D0_interface_offset,0p0025,minus,reg,95.32341455079282,-6.330627056944455,-108.59209647416635
2.0,1.0,D0_interface_offset,0p0025,plus,raw,98.78918736059443,-5.001287847240021,-113.53784798704321
2.0,1.0,D0_interface_offset,0p0025,plus,reg,95.95088123322196,-5.8987616904428055,-110.27172150348292
2.0,1.0,D0_interface_offset,0p0100,minus,raw,96.54358661754927,-6.155526781955118,-108.94005898597764
2.0,1.0,D0_interface_offset,0p0100,minus,reg,93.9448549805771,-7.1983831975640475,-105.4950533151394
2.0,1.0,D0_interface_offset,0p0100,plus,raw,99.68360828693098,-4.593290029868786,-115.48122816706521
2.0,1.0,D0_interface_offset,0p0100,plus,reg,96.73454472272836,-5.444838625646089,-112.32678581733448
2.0,1.0,D1_filtered_seed11,0p0005,minus,raw,98.45648290346031,-5.17998131517077,-112.7535525654898
2.0,1.0,D1_filtered_seed11,0p0005,minus,reg,95.66092652346353,-6.096100433274612,-109.45907779700708
2.0,1.0,D1_filtered_seed11,0p0005,plus,raw,98.44297612368935,-5.180642059458959,-112.77516504771916
2.0,1.0,D1_filtered_seed11,0p0005,plus,reg,95.64592235145614,-6.095613162491195,-109.47400937182296
2.0,1.0,D1_filtered_seed11,0p0025,minus,raw,98.47504673409496,-5.177083632861581,-112.72202018464273
2.0,1.0,D1_filtered_seed11,0p0025,minus,reg,95.69095793527049,-6.097289109212674,-109.4236945900166
2.0,1.0,D1_filtered_seed11,0p0025,plus,raw,98.41819020967546,-5.186955238442029,-112.81215537807768
2.0,1.0,D1_filtered_seed11,0p0025,plus,reg,95.62208505321503,-6.100912683601941,-109.52568983522411
2.0,1.0,D1_filtered_seed11,0p0100,minus,raw,98.50056851778737,-5.175570404010458,-112.62192766980557
2.0,1.0,D1_filtered_seed11,0p0100,minus,reg,95.75997929485668,-6.111292579433601,-109.31765501996372
2.0,1.0,D1_filtered_seed11,0p0100,plus,raw,98.29668733172174,-5.211991907327129,-112.91975512319664
2.0,1.0,D1_filtered_seed11,0p0100,plus,reg,95.45764997699929,-6.108588983640429,-109.61387452160781
2.0,1.0,D2_filtered_seed2026,0p0005,minus,raw,98.44804094013617,-5.184181852866678,-112.77644778758933
2.0,1.0,D2_filtered_seed2026,0p0005,minus,reg,95.65283934227458,-6.098540492268381,-109.47777675940029
2.0,1.0,D2_filtered_seed2026,0p0005,plus,raw,98.4507423605167,-5.176151361656726,-112.7532831977743
2.0,1.0,D2_filtered_seed2026,0p0005,plus,reg,95.65350767995211,-6.092546762860825,-109.45574379067716
2.0,1.0,D2_filtered_seed2026,0p0025,minus,raw,98.44734295028793,-5.19788476103892,-112.81199814497128
2.0,1.0,D2_filtered_seed2026,0p0025,minus,reg,95.64410183690546,-6.11395390072081,-109.51721680754129
2.0,1.0,D2_filtered_seed2026,0p0025,plus,raw,98.4446168725108,-5.1660201955866185,-112.71975390725287
2.0,1.0,D2_filtered_seed2026,0p0025,plus,reg,95.65714684499619,-6.079535035706312,-109.4132244193857
2.0,1.0,D2_filtered_seed2026,0p0100,minus,raw,98.42279164253699,-5.260020057715765,-112.91325161265863
2.0,1.0,D2_filtered_seed2026,0p0100,minus,reg,95.58982156474593,-6.1823197655668976,-109.63266529255993
2.0,1.0,D2_filtered_seed2026,0p0100,plus,raw,98.40229765301262,-5.123931287368343,-112.56947265696347
2.0,1.0,D2_filtered_seed2026,0p0100,plus,reg,95.64781923687738,-6.0383963157100435,-109.23295905271365
