baseline_A	/Users/sota/.codex/worktrees/kaggle-batch-migration/CFD2026_09/work/kaggle_sdf_directional_fd_v17_nfloor_remote_v1_2026_09/canonical_v17_phi_f4_fortran.raw	e3966d87c0ddb0d3ff9a6ee096c94221d0d4cccff77221ba84987ef5faa04431	02f48f6488be4f5d772c3ec515d4860b00e0e4a84d38aa56b187c82c1a615dcb		0	0
D0_interface_offset__eps_0p0005m__plus	/Users/sota/.codex/worktrees/kaggle-batch-migration/CFD2026_09/work/kaggle_sdf_directional_fd_v17_nfloor_remote_v1_2026_09/perturbations/D0_interface_offset__eps_0p0005m__plus.phi-f4-fortran.raw	cc546e55221ce81cc98de75f44e1bb30456f56bad5ada1bd8a659e0d56518de6	ef4f2b3a0a5978f50dd5c351bb78ccd891c767046807802099e31a56bb9978ef	D0_interface_offset	0.0005	1
D0_interface_offset__eps_0p0005m__minus	/Users/sota/.codex/worktrees/kaggle-batch-migration/CFD2026_09/work/kaggle_sdf_directional_fd_v17_nfloor_remote_v1_2026_09/perturbations/D0_interface_offset__eps_0p0005m__minus.phi-f4-fortran.raw	04feb2085c76623952d53de4426bc8d34ece265590afcce6c256810d1583a17d	fa95ca65e080700dbfef90af790f6c8556491cd640791d19be7d738e3ffe9866	D0_interface_offset	0.0005	-1
D0_interface_offset__eps_0p0010m__plus	/Users/sota/.codex/worktrees/kaggle-batch-migration/CFD2026_09/work/kaggle_sdf_directional_fd_v17_nfloor_remote_v1_2026_09/perturbations/D0_interface_offset__eps_0p0010m__plus.phi-f4-fortran.raw	c987912d624b6815dbde87e952fd8b76c91d22a255a46d6b39ef67576dc43bc6	4ba35afccf1c3f880c206a32103e3a22a9ddab6adc6765aafc45fd81e657e77b	D0_interface_offset	0.001	1
D0_interface_offset__eps_0p0010m__minus	/Users/sota/.codex/worktrees/kaggle-batch-migration/CFD2026_09/work/kaggle_sdf_directional_fd_v17_nfloor_remote_v1_2026_09/perturbations/D0_interface_offset__eps_0p0010m__minus.phi-f4-fortran.raw	ca8fed8f7e6d4c02b6550dd297a8561bceb9795b547010ea8d51b02fd680640a	10d78b5fdeff1921efb55898b8d72496da7df73a76f1ecea8687b8ce745a19cf	D0_interface_offset	0.001	-1
D0_interface_offset__eps_0p0025m__plus	/Users/sota/.codex/worktrees/kaggle-batch-migration/CFD2026_09/work/kaggle_sdf_directional_fd_v17_nfloor_remote_v1_2026_09/perturbations/D0_interface_offset__eps_0p0025m__plus.phi-f4-fortran.raw	bc5e7690047cbb4cb3dea7f643e798644fb844018211d02ebed761dea1dff0f6	a118c43350b3d77fb73e374087d260d151b973e17d537390c03555a63844d7d1	D0_interface_offset	0.0025	1
D0_interface_offset__eps_0p0025m__minus	/Users/sota/.codex/worktrees/kaggle-batch-migration/CFD2026_09/work/kaggle_sdf_directional_fd_v17_nfloor_remote_v1_2026_09/perturbations/D0_interface_offset__eps_0p0025m__minus.phi-f4-fortran.raw	ccca0b94c282e036edc420328a607aaaa550215bce076ca8974cdc62276fc139	b485eb52e9bbbeae58df68b4f357331ddc79d7092e3cdaf9f478d05f8f1d43ba	D0_interface_offset	0.0025	-1
D0_interface_offset__eps_0p0050m__plus	/Users/sota/.codex/worktrees/kaggle-batch-migration/CFD2026_09/work/kaggle_sdf_directional_fd_v17_nfloor_remote_v1_2026_09/perturbations/D0_interface_offset__eps_0p0050m__plus.phi-f4-fortran.raw	754389103d0e1ed1de58518394a6759bd65ec51a3e368dbac7208252a3fbc8ac	6f6cf11c43cf5910220086aaadf9e7cf43f892a4c8e38e14d29fee295c817dbb	D0_interface_offset	0.005	1
D0_interface_offset__eps_0p0050m__minus	/Users/sota/.codex/worktrees/kaggle-batch-migration/CFD2026_09/work/kaggle_sdf_directional_fd_v17_nfloor_remote_v1_2026_09/perturbations/D0_interface_offset__eps_0p0050m__minus.phi-f4-fortran.raw	74dd2d0f5dde097e0b66b8da490abd78f3acf2a3ab36f46ec7a76cc2bfe16989	3647a33b44652c9a630baa1726aa80ccc4a60dcc0c2c2b1a4092e7e159524693	D0_interface_offset	0.005	-1
D0_interface_offset__eps_0p0100m__plus	/Users/sota/.codex/worktrees/kaggle-batch-migration/CFD2026_09/work/kaggle_sdf_directional_fd_v17_nfloor_remote_v1_2026_09/perturbations/D0_interface_offset__eps_0p0100m__plus.phi-f4-fortran.raw	74652a5213abcbb5d26d72b8f2f2aa04a0dc7ec9c90d409f2e3fe65118840289	3952be3813a433acb37c07af9b531751a6b3758cc7c6500916c4ccd812dfb017	D0_interface_offset	0.01	1
D0_interface_offset__eps_0p0100m__minus	/Users/sota/.codex/worktrees/kaggle-batch-migration/CFD2026_09/work/kaggle_sdf_directional_fd_v17_nfloor_remote_v1_2026_09/perturbations/D0_interface_offset__eps_0p0100m__minus.phi-f4-fortran.raw	fd0a2da349001630bd30bb703d9789d48300d8da13984744e1cea3fbec7475a8	9c27e14939eebc87a791beb229dcb3e0c0b53d7809507b5109a49ec0f4c6066c	D0_interface_offset	0.01	-1
D1_filtered_seed11__eps_0p0005m__plus	/Users/sota/.codex/worktrees/kaggle-batch-migration/CFD2026_09/work/kaggle_sdf_directional_fd_v17_nfloor_remote_v1_2026_09/perturbations/D1_filtered_seed11__eps_0p0005m__plus.phi-f4-fortran.raw	6effc0af263b1ec6a83a1b8292739e952066870c6de22266096ede6f07d1a050	7d33d4e5322d323438b2d557b164eab3944e7450742e075a4bf5106cca2757ab	D1_filtered_seed11	0.0005	1
D1_filtered_seed11__eps_0p0005m__minus	/Users/sota/.codex/worktrees/kaggle-batch-migration/CFD2026_09/work/kaggle_sdf_directional_fd_v17_nfloor_remote_v1_2026_09/perturbations/D1_filtered_seed11__eps_0p0005m__minus.phi-f4-fortran.raw	ed4b3b48448c95793118cf1067a5b6ca71e01e3998b278e4b562abeb16133f27	f5afca9fe5179fabf6199b1191c35be8fe510ffde56fb73a7bece933bba08c17	D1_filtered_seed11	0.0005	-1
D1_filtered_seed11__eps_0p0010m__plus	/Users/sota/.codex/worktrees/kaggle-batch-migration/CFD2026_09/work/kaggle_sdf_directional_fd_v17_nfloor_remote_v1_2026_09/perturbations/D1_filtered_seed11__eps_0p0010m__plus.phi-f4-fortran.raw	05958084f1e205e5e2c42621bd686e67b20b25086a33512c12bcc0285c3d9346	6e24d8c5f117b372b567b6ed85e5abd9a0a9d56228b97390737a521e823c2007	D1_filtered_seed11	0.001	1
D1_filtered_seed11__eps_0p0010m__minus	/Users/sota/.codex/worktrees/kaggle-batch-migration/CFD2026_09/work/kaggle_sdf_directional_fd_v17_nfloor_remote_v1_2026_09/perturbations/D1_filtered_seed11__eps_0p0010m__minus.phi-f4-fortran.raw	78ac05db0d875da57adbb34e514a297c3220f8fb761b21836128c254cf6ac440	63d927b852d861f02983c6bfb012ca33df49ff5d8858455f51a19bb36b9946b3	D1_filtered_seed11	0.001	-1
D1_filtered_seed11__eps_0p0025m__plus	/Users/sota/.codex/worktrees/kaggle-batch-migration/CFD2026_09/work/kaggle_sdf_directional_fd_v17_nfloor_remote_v1_2026_09/perturbations/D1_filtered_seed11__eps_0p0025m__plus.phi-f4-fortran.raw	14d6531665d5d6b639893fcb2d0e1c7c04b7482d63dbe1171739121597aff280	501c943e5922a05f62459d48cc79829a2561f861447b4fe4fa787e288d018ef3	D1_filtered_seed11	0.0025	1
D1_filtered_seed11__eps_0p0025m__minus	/Users/sota/.codex/worktrees/kaggle-batch-migration/CFD2026_09/work/kaggle_sdf_directional_fd_v17_nfloor_remote_v1_2026_09/perturbations/D1_filtered_seed11__eps_0p0025m__minus.phi-f4-fortran.raw	5ee579986b7f207f377fb07985701fbc125007612d5a08cef002370629e4e7fa	a4d9ed2c2a8fdae2d06de73e3d8a0fe3fdd3351498f82ce876c3044bcd9504c6	D1_filtered_seed11	0.0025	-1
baseline_B	/Users/sota/.codex/worktrees/kaggle-batch-migration/CFD2026_09/work/kaggle_sdf_directional_fd_v17_nfloor_remote_v1_2026_09/canonical_v17_phi_f4_fortran.raw	e3966d87c0ddb0d3ff9a6ee096c94221d0d4cccff77221ba84987ef5faa04431	02f48f6488be4f5d772c3ec515d4860b00e0e4a84d38aa56b187c82c1a615dcb		0	0
D1_filtered_seed11__eps_0p0050m__plus	/Users/sota/.codex/worktrees/kaggle-batch-migration/CFD2026_09/work/kaggle_sdf_directional_fd_v17_nfloor_remote_v1_2026_09/perturbations/D1_filtered_seed11__eps_0p0050m__plus.phi-f4-fortran.raw	74304eb97b5ed77abb4317a286b8c0a0842dc1031f8f76ade2418b85e9b61fee	5b4dc6679c8025d2e899c1213f8b9f6fb8e2ec338e85024bebb99a38f50b77e3	D1_filtered_seed11	0.005	1
D1_filtered_seed11__eps_0p0050m__minus	/Users/sota/.codex/worktrees/kaggle-batch-migration/CFD2026_09/work/kaggle_sdf_directional_fd_v17_nfloor_remote_v1_2026_09/perturbations/D1_filtered_seed11__eps_0p0050m__minus.phi-f4-fortran.raw	4b676d2ad0c66b7741a75bb164ab82a4e2996187615c09c65bc441b01caa5840	9c602e20690e7863d61a6c54cc4864fb6ebc74c024cec79d045cf1417b893fc1	D1_filtered_seed11	0.005	-1
D1_filtered_seed11__eps_0p0100m__plus	/Users/sota/.codex/worktrees/kaggle-batch-migration/CFD2026_09/work/kaggle_sdf_directional_fd_v17_nfloor_remote_v1_2026_09/perturbations/D1_filtered_seed11__eps_0p0100m__plus.phi-f4-fortran.raw	11b5683a54e83a1faba74c3673b6b046553898cf329076052074b647d8b1261e	d4c1e96d365665477fe911dfba8ae3c1a3f50e0dc2c2d0c99a6a67d132f1188f	D1_filtered_seed11	0.01	1
D1_filtered_seed11__eps_0p0100m__minus	/Users/sota/.codex/worktrees/kaggle-batch-migration/CFD2026_09/work/kaggle_sdf_directional_fd_v17_nfloor_remote_v1_2026_09/perturbations/D1_filtered_seed11__eps_0p0100m__minus.phi-f4-fortran.raw	71322df31f88100bd9debacb58bc8e288aacc24e0dbc8e39d6fb5b943bdba236	d34135955c44e66112a66cfcd3fd1746ee4c6fa2d9e3fcecfa602b6f1ae4004a	D1_filtered_seed11	0.01	-1
D2_filtered_seed2026__eps_0p0005m__plus	/Users/sota/.codex/worktrees/kaggle-batch-migration/CFD2026_09/work/kaggle_sdf_directional_fd_v17_nfloor_remote_v1_2026_09/perturbations/D2_filtered_seed2026__eps_0p0005m__plus.phi-f4-fortran.raw	431408b4040169bcdef76f3188094e6ed0899b8e3d21ff6bccae4a498d32e506	65871fe7b987abf0857a450d8ec5cb907d83f7dbb9180e66cf20e76f93bb1a32	D2_filtered_seed2026	0.0005	1
D2_filtered_seed2026__eps_0p0005m__minus	/Users/sota/.codex/worktrees/kaggle-batch-migration/CFD2026_09/work/kaggle_sdf_directional_fd_v17_nfloor_remote_v1_2026_09/perturbations/D2_filtered_seed2026__eps_0p0005m__minus.phi-f4-fortran.raw	1fc0bca0903eeabd4f8b66b90d3fc431872921a2d35155e0f3e5375872efa1f8	939abe4281abe02d2457fa379f12dae8af567f6fb1e43f7e27c182434d68dfa7	D2_filtered_seed2026	0.0005	-1
D2_filtered_seed2026__eps_0p0010m__plus	/Users/sota/.codex/worktrees/kaggle-batch-migration/CFD2026_09/work/kaggle_sdf_directional_fd_v17_nfloor_remote_v1_2026_09/perturbations/D2_filtered_seed2026__eps_0p0010m__plus.phi-f4-fortran.raw	24403277bbcfe7f5867a07c9b60ef32e102c5fe45bb700f6a609286cf619dbb6	70483a9eebdee5fcc6f52c5ac2ba5321c969ad20949b9f7dcad72a579e4bdb54	D2_filtered_seed2026	0.001	1
D2_filtered_seed2026__eps_0p0010m__minus	/Users/sota/.codex/worktrees/kaggle-batch-migration/CFD2026_09/work/kaggle_sdf_directional_fd_v17_nfloor_remote_v1_2026_09/perturbations/D2_filtered_seed2026__eps_0p0010m__minus.phi-f4-fortran.raw	54609ad8d58cf4e827ea85552d161dacaeb81a16c32636b96ed4058cd0188f1d	ac65c119f60e7b6319a50431a800d4802f7d1fec009c171a56d67d539c66b9f3	D2_filtered_seed2026	0.001	-1
D2_filtered_seed2026__eps_0p0025m__plus	/Users/sota/.codex/worktrees/kaggle-batch-migration/CFD2026_09/work/kaggle_sdf_directional_fd_v17_nfloor_remote_v1_2026_09/perturbations/D2_filtered_seed2026__eps_0p0025m__plus.phi-f4-fortran.raw	eafcb3adbc6018fb844689e840f15045d253097882dba651c895e0fbb75e22e7	947e935f6648020a9f4ba27983647a8b61622dae46155f3d2f8c792e80bec8a1	D2_filtered_seed2026	0.0025	1
D2_filtered_seed2026__eps_0p0025m__minus	/Users/sota/.codex/worktrees/kaggle-batch-migration/CFD2026_09/work/kaggle_sdf_directional_fd_v17_nfloor_remote_v1_2026_09/perturbations/D2_filtered_seed2026__eps_0p0025m__minus.phi-f4-fortran.raw	d4520fac5225b43f110b37d415f57bd680839d26b16a3f52d3f26ea2ae708515	7a1686e041eab143515dd7ebc406f9e3fd2efca6b577b5e09535bb187ae4f114	D2_filtered_seed2026	0.0025	-1
D2_filtered_seed2026__eps_0p0050m__plus	/Users/sota/.codex/worktrees/kaggle-batch-migration/CFD2026_09/work/kaggle_sdf_directional_fd_v17_nfloor_remote_v1_2026_09/perturbations/D2_filtered_seed2026__eps_0p0050m__plus.phi-f4-fortran.raw	966a90e5dca081415669a567bb33e4fd9f45a4687adb3e2c172c5058d1a1a9f6	741e2c8bbbb23668a5dca1391a3bd002cbb0926bb8aa0e91058cbc7f003dab3a	D2_filtered_seed2026	0.005	1
D2_filtered_seed2026__eps_0p0050m__minus	/Users/sota/.codex/worktrees/kaggle-batch-migration/CFD2026_09/work/kaggle_sdf_directional_fd_v17_nfloor_remote_v1_2026_09/perturbations/D2_filtered_seed2026__eps_0p0050m__minus.phi-f4-fortran.raw	67a7abc7740ef8853f77eb6e7d6913c1d1d0bcb0b98f401d5825b46f515ff42e	7924db57acfd10f644db017e241e8d938422033b818c4b0932eafbba55425f58	D2_filtered_seed2026	0.005	-1
D2_filtered_seed2026__eps_0p0100m__plus	/Users/sota/.codex/worktrees/kaggle-batch-migration/CFD2026_09/work/kaggle_sdf_directional_fd_v17_nfloor_remote_v1_2026_09/perturbations/D2_filtered_seed2026__eps_0p0100m__plus.phi-f4-fortran.raw	8fabc0cbd64852dfde70f6b471ac7f83b82c4f2751e97a89127aaf3280378bd8	47a462ebd6ccb2b2f44fa0b3b6787d3aef16debc213246a67f8245fd71c59eb9	D2_filtered_seed2026	0.01	1
D2_filtered_seed2026__eps_0p0100m__minus	/Users/sota/.codex/worktrees/kaggle-batch-migration/CFD2026_09/work/kaggle_sdf_directional_fd_v17_nfloor_remote_v1_2026_09/perturbations/D2_filtered_seed2026__eps_0p0100m__minus.phi-f4-fortran.raw	bf1bb011a913997ac397dd797b08c95fcc462a8c6e598c31f82e714724c4fd0e	68972389287274dc9fe3a4668f07162d15cd3403c94939960a92545a1feb4d4b	D2_filtered_seed2026	0.01	-1
baseline_C	/Users/sota/.codex/worktrees/kaggle-batch-migration/CFD2026_09/work/kaggle_sdf_directional_fd_v17_nfloor_remote_v1_2026_09/canonical_v17_phi_f4_fortran.raw	e3966d87c0ddb0d3ff9a6ee096c94221d0d4cccff77221ba84987ef5faa04431	02f48f6488be4f5d772c3ec515d4860b00e0e4a84d38aa56b187c82c1a615dcb		0	0
