step,t_u_l,drag_solver,downforce_solver,pressure_fx_solver,pressure_fz_solver,viscous_fx_solver,viscous_fz_solver
8,0.09037294,550.0441358732365,304.3168908275562,333.5479580225813,-329.17271158511795,216.49617785065522,24.85582075756175
16,0.18701667,448.6285418042055,275.6903594382293,281.1600633809159,-296.79429884399434,167.46847842328958,21.103939405765043
24,0.28658044,415.4613137312839,288.7267219717003,271.3130685150828,-307.7355384128449,144.14824521620105,19.008816441144642
32,0.38886198,381.40026737283927,291.883361354243,251.26938931775547,-309.00068794210006,130.13087805508377,17.11732658785709
40,0.4926283,362.9855724477753,300.96666730154556,242.20370418240893,-316.3044937051261,120.78186826536637,15.337826403580571
48,0.59762615,351.19063987424056,308.645952488417,236.97893419207435,-322.3761616734139,114.2117056821662,13.730209184996902
56,0.7036395,343.14420549985414,316.0251020767712,233.74119986983172,-328.34560817339246,109.40300563002239,12.320506096621301
64,0.8103325,336.7831278410424,321.1619267802132,231.03033905482425,-332.25486734470127,105.75278878621819,11.092940564488053
72,0.9176677,330.6917515171707,323.91881557043195,227.83342918339667,-333.955137551731,102.85832233377405,10.036321981299078
80,1.0256027,325.61095893386823,326.00120042313205,225.11444232023996,-335.1298425142803,100.49651661362824,9.12864209114828
88,1.1339982,321.6645166842943,327.16366574373234,223.09189048759424,-335.52654544986115,98.5726261967001,8.362879706128796
96,1.2427503,318.9247600154006,328.0633441046667,221.87595650547107,-335.79465468687283,97.04880350992951,7.731310582206108
104,1.3517812,316.72616257164884,328.43021482025637,220.86853779378114,-335.6499840250628,95.85762477786767,7.219769204806411
112,1.461033,314.37239322434937,327.763924730554,219.47373144771416,-334.57762055308757,94.8986617766352,6.813695822533612
120,1.5704714,311.6258321875488,326.0663686753856,217.5488195697843,-332.5646917860108,94.07701261776447,6.498323110625199
128,1.6800715,309.0182045137618,324.04463990951047,215.66527870854077,-330.3057342501241,93.35292580522103,6.261094340613635
136,1.7898053,307.0109187424109,322.0462669949737,214.2706175037297,-328.14128433468943,92.74030123868123,6.095017339715756
144,1.8996423,305.68245234218625,320.31166844116586,213.4233623233254,-326.30514136753277,92.25909001886089,5.993472926366909
152,2.0095494,304.64982688454006,318.6616605804527,212.7558874056872,-324.60653648926194,91.8939394788529,5.944875908809264
160,2.1194966,303.42123173432844,316.7119716749994,211.82611997576947,-322.64731007384717,91.59511175855894,5.935338398847789
168,2.2294664,301.9049431496002,314.5132701650235,210.59095319483026,-320.4642070766645,91.31398995476991,5.95093691164098
176,2.3394544,300.45026095019097,312.4070086783961,209.4116066943434,-318.3892884229238,91.03865425584758,5.982279744527712
184,2.4494586,299.4034447564419,310.6667140452749,208.61188312772185,-316.69199787531863,90.79156162872005,6.025283830043748
192,2.5594728,298.805264161837,309.3604730995514,208.2084618010356,-315.4379504183212,90.59680236080138,6.077477318769737
200,2.669486,298.3614238040162,308.2641996690499,207.91064096817513,-314.3990701538871,90.4507828358411,6.134870484837231
208,2.7794898,297.7407535439993,307.10162998607655,207.41625630178822,-313.2935576277166,90.3244972422111,6.191927641640067
216,2.8894804,296.8992652919388,305.8632017328432,206.70941558442098,-312.10670402682746,90.18984970751778,6.243502293984266
224,2.9994612,296.08206721033235,304.74604203706156,206.03794449664295,-311.0336488775026,90.04412271368942,6.287606840441071
225,3.0132084,295.99564419719053,304.62490546788365,205.96961536462868,-310.91754731526737,90.02602883256186,6.292641847383712
