seed,amplitude_m,response,upstream_baseline_n,upstream_plus_n,upstream_minus_n,upstream_delta_plus_n,upstream_delta_minus_n,upstream_odd_n,upstream_even_n,no_sign_baseline_n,no_sign_plus_n,no_sign_minus_n,no_sign_delta_plus_n,no_sign_delta_minus_n,no_sign_odd_n,no_sign_even_n,no_sign_over_upstream_abs_delta_plus,no_sign_over_upstream_abs_delta_minus,no_sign_over_upstream_abs_odd,no_sign_over_upstream_abs_even
1,1e-08,drag,0.3343737666847799,0.33451829985234677,0.33472968272744663,0.00014453316756685153,0.00035591604266671517,-0.00010569143754993182,0.0002502246051168111,0.3343701087284555,0.3343700148898626,0.3343701599411348,-9.383859289613383e-08,5.121267926400108e-08,-7.252563608006746e-08,-2.131295684382195e-08,0.0006492530017563635,0.0001438897749039016,0.000686201623909261,8.517530413874579e-05
1,1e-08,downforce,0.34576017129791925,0.3464904390214303,0.3467371162940838,0.0007302677235110355,0.0009769449961645749,-0.00012333863632676967,0.0008536063598377774,0.3457572428540299,0.34575773818676764,0.3457571709039632,4.953327377155148e-07,-7.195006673788029e-08,2.8364140222669754e-07,2.1169133551657282e-07,0.0006782892379989316,7.364802217151607e-05,0.0022996962725875007,0.00024799643662074336
1,1e-08,pressure_fx,0.23250068995992376,0.23270748618141196,0.23288608125244997,0.00020679622148819798,0.0003853912925262104,-8.929753551900621e-05,0.0002960937570072042,0.23249642965340642,0.23249634050586498,0.2324964930214984,-8.91475414321885e-08,6.336809199591897e-08,-7.625781671405374e-08,-1.2889724704256977e-08,0.0004310888312689805,0.00016442533400416493,0.0008539744828436269,4.353257844589867e-05
1,1e-08,pressure_fz,-0.35351055400705805,-0.3542429209828619,-0.35443957815126875,-0.0007323669758038664,-0.0009290241442106995,9.83285842034165e-05,-0.0008306955600073107,-0.3535085755195924,-0.35350907118932245,-0.3535084997214577,-4.956697300384505e-07,7.579813471325636e-08,-2.8573393237585343e-07,-2.0993579769035264e-07,0.000676805135150161,8.158898257445675e-05,0.0029059091482975443,0.0002527229081235309
1,1e-08,viscous_fx,0.10187307672485617,0.1018108136709348,0.10184360147499663,-6.226305392137421e-05,-2.9475249859536867e-05,-1.6393902030918672e-05,-4.586915189046248e-05,0.10187367907504911,0.10187367438399764,0.10187366691963637,-4.691051477823116e-09,-1.215541274579568e-08,3.732180633986282e-09,-8.423232111809398e-09,7.534245724192996e-05,0.0004123938831298061,0.00022765663884946006,0.00018363609887369275
1,1e-08,viscous_fz,0.007750382709138828,0.00775248196143164,0.007702461857184908,2.0992522928127075e-06,-4.7920851953919645e-05,2.5010052123366176e-05,-2.291079983055347e-05,0.007751332665562489,0.007751333002554809,0.007751328817494531,3.369923194662672e-10,-3.8480679580288335e-09,2.0925301387475503e-09,-1.7555378192812832e-09,0.00016052968984244583,8.030049135455915e-05,8.366756408286567e-05,7.662490320133331e-05
1,1e-07,drag,0.3343737666847799,0.33458455353963357,0.33305693794228314,0.00021078685485365067,-0.0013168287424967784,0.0007638077986752145,-0.0005530209438215916,0.3343701087284555,0.33437015244139034,0.3343700650511894,4.371293482741123e-08,-4.367726613718759e-08,4.369510048229941e-08,1.7834345111822358e-11,0.0002073797953755756,3.316852429449036e-05,5.7206931584210476e-05,3.224895062487153e-08
1,1e-07,downforce,0.34576017129791925,0.3458034107616681,0.3453391219992324,4.323946374884535e-05,-0.0004210492986868597,0.00023214438121785252,-0.00018890491746903493,0.3457572428540299,0.3457571755296122,0.3457575261256984,-6.732441770740394e-08,2.832716684553205e-07,-1.752980430813622e-07,1.0797362537395827e-07,0.001557013243699206,0.0006727755380160213,0.000755125074153125,0.0005715765731278921
1,1e-07,pressure_fx,0.23250068995992376,0.23278275086186428,0.2321482054811028,0.0002820609019405229,-0.0003524844788209691,0.000317272690380746,-3.5211788440209224e-05,0.23249642965340642,0.2324964736447077,0.23249637703033593,4.399130129617568e-08,-5.2623070484481005e-08,4.830718589032834e-08,-4.3158845941526636e-09,0.0001559638397010159,0.00014929187991624693,0.00015225762366233558,0.0001225693094652428
1,1e-07,pressure_fz,-0.35351055400705805,-0.3533319865210508,-0.35208580428517666,0.0001785674860072528,0.001424749721881391,-0.0006230911179370691,0.0008016586039443219,-0.3535085755195924,-0.3535085226135191,-0.35350884362549817,5.290607330010744e-08,-2.681059057541013e-07,1.6050598952710438e-07,-1.0759991625475251e-07,0.0002962805518691044,0.00018817754559731782,0.00025759633688650195,0.0001342216196836649
1,1e-07,viscous_fx,0.10187307672485617,0.10180180267776925,0.10090873246118036,-7.127404708691387e-05,-0.0009643442636758093,0.0004465351082944477,-0.0005178091553813685,0.10187367907504911,0.10187367879668266,0.10187368802085342,-2.7836645488665823e-10,8.945804305660054e-09,-4.612085380273356e-09,4.333718925386698e-09,3.905579467757867e-06,9.276567137508718e-06,1.0328606406536173e-05,8.36933623198473e-06
1,1e-07,viscous_fz,0.007750382709138828,0.007528575759382686,0.006746682285944268,-0.00022180694975614153,-0.0010037004231945599,0.00039094673671920916,-0.0006127536864753511,0.007751332665562489,0.0077513470839069,0.00775131749979979,1.4418344410765949e-08,-1.5165762699484442e-08,1.4792053555125195e-08,-3.737091443592466e-10,6.500402456558611e-05,1.5109849860593983e-05,3.783649322477741e-05,6.098847752493768e-07
11,1e-08,drag,0.3343737666847799,0.33468870413942864,0.3346822029287883,0.0003149374546487227,0.0003084362440083921,3.2506053201653007e-06,0.00031168684932858515,0.3343701087284555,0.3343701023375818,0.3343700422397607,-6.390873719119838e-09,-6.648869482761555e-08,3.0048910554247854e-08,-3.643978430112327e-08,2.0292517211863986e-05,0.0002155670616511803,0.009244096897226451,0.00011691152315094268
11,1e-08,downforce,0.34576017129791925,0.3467255574686912,0.346442564881944,0.0009653861707719646,0.0006823935840247763,0.00014149629337359415,0.0008238898773983427,0.3457572428540299,0.34575732803931547,0.3457577220427754,8.518528554768423e-08,4.791887454613786e-07,-1.9700172995684717e-07,2.8218701547677583e-07,8.823959584957218e-05,0.0007022175423091027,0.0013922748452265207,0.0003425057440538757
11,1e-08,pressure_fx,0.23250068995992376,0.23284696618016337,0.23281048844084457,0.0003462762202396108,0.0003097984809208032,1.82388696594038e-05,0.000328037350580207,0.23249642965340642,0.2324964298405852,0.2324963575990917,1.8717877248164427e-10,-7.205431470924673e-08,3.6120746740864185e-08,-3.593356798226033e-08,5.405475789013847e-07,0.00023258446747408896,0.0019804268255319566,0.00010954108707043214
11,1e-08,pressure_fz,-0.35351055400705805,-0.3544677953919444,-0.35421462964077755,-0.0009572413848863426,-0.000704075633719492,-0.0001265828755834253,-0.0008306585093029173,-0.3535085755195924,-0.35350865928138997,-0.35350905468707083,-8.376179755353874e-08,-4.791674784176969e-07,1.9770284043207909e-07,-2.8146463798561783e-07,8.750331826019426e-05,0.0006805625070226477,0.0015618450720198856,0.0003388451870815372
11,1e-08,viscous_fx,0.10187307672485617,0.1018417379592653,0.10187171448794374,-3.133876559087423e-05,-1.3622369124249856e-06,-1.4988264339224622e-05,-1.6350501251649607e-05,0.10187367907504911,0.10187367249699661,0.101873684640669,-6.5780525054792705e-09,5.565619881631179e-09,-6.0718361935552245e-09,-5.06216304985152e-10,0.00020990145532071572,0.004085647533749135,0.00040510602536312986,3.096029272705506e-05
11,1e-08,viscous_fz,0.007750382709138828,0.007742237923253202,0.007772064758833531,-8.144785885625533e-06,2.1682049694703512e-05,-1.4913417790164522e-05,6.7686319045389895e-06,0.007751332665562489,0.007751331242074523,0.00775133264429546,-1.4234879663899136e-09,-2.1267028936511334e-11,-7.011104687267011e-10,-7.223774972295316e-10,0.00017477291439940503,9.80858785768139e-07,4.701205844237041e-05,0.00010672429929970208
11,1e-07,drag,0.3343737666847799,0.33341566621070995,0.3348543867775752,-0.0009581004740699672,0.00048062009279525864,-0.0007193602834326129,-0.0002387401906373543,0.3343701087284555,0.33437013079206557,0.33437009981179244,2.2063610050082616e-08,-8.916663074565179e-09,1.5490136562323897e-08,6.573473487758719e-09,2.3028492989213756e-05,1.8552414283610955e-05,2.153321071384247e-05,2.7534004518509442e-05
11,1e-07,downforce,0.34576017129791925,0.3451848174480934,0.34616407176595837,-0.000575353849825877,0.00040390046803912005,-0.0004896271589324985,-8.572669089335072e-05,0.3457572428540299,0.3457571364599142,0.3457574631606713,-1.0639411573976076e-07,2.2030664137417943e-07,-1.633503785569701e-07,5.6956262817209335e-08,0.00018491944700110982,0.0005454478486834571,0.0003336219725088617,0.0006643935771190146
11,1e-07,pressure_fx,0.23250068995992376,0.23205115343127675,0.23306558756392,-0.00044953652864701543,0.0005648976039962506,-0.000507217066321633,5.768053767460368e-05,0.23249642965340642,0.2324964540137899,0.23249640472960673,2.43603834881867e-08,-2.4923799690768078e-08,2.464209158947739e-08,-2.817081012906897e-10,5.4189997777277256e-05,4.412091592254923e-05,4.8582930712846944e-05,4.883936812099511e-06
11,1e-07,pressure_fz,-0.35351055400705805,-0.35228617729286615,-0.35391267895664774,0.0012243767141918993,-0.00040212494958968836,0.0008132508318907938,0.00041112588230113323,-0.3535085755195924,-0.3535084676161896,-0.3535087972007179,1.0790340282396116e-07,-2.216811254562856e-07,1.6479226414012338e-07,-5.6888861343917796e-08,8.812925104932142e-05,0.0005512742387222674,0.00020263399393884943,0.00013837333963384233
11,1e-07,viscous_fx,0.10187307672485617,0.10136451277943322,0.10178879921365518,-0.0005085639454229518,-8.427751120099192e-05,-0.00021214321711097994,-0.00029642072831197186,0.10187367907504911,0.10187367677827565,0.1018736950821857,-2.2967734658596584e-09,1.6007136588447324e-08,-9.151955027153491e-09,6.855181561293833e-09,4.516194052941614e-06,0.00018993366510636737,4.314045554596151e-05,2.3126525598705796e-05
11,1e-07,viscous_fz,0.007750382709138828,0.007101359844772808,0.007748607190689373,-0.0006490228643660197,-1.7755184494542414e-06,-0.00032362367295828273,-0.0003253991914077374,0.007751332665562489,0.007751331156275413,0.007751334040046587,-1.509287076394139e-09,1.3744840977186756e-09,-1.4418855870564073e-09,-6.740148977141258e-11,2.325475972049837e-06,0.0007741311266808657,4.455439164496091e-06,2.071347795297868e-07
2026,1e-08,drag,0.3343737666847799,0.33466682503426615,0.33470925296859017,0.00029305834948623044,0.00033548628381024903,-2.1213967162009295e-05,0.0003142723166482675,0.3343701087284555,0.33437003052432906,0.3343699622708175,-7.820412645243024e-08,-1.4645763801723888e-07,3.4126755782404317e-08,-1.1233088226259014e-07,0.0002668551385399266,0.00043655328126641175,0.001608692778761329,0.0003574316804629995
2026,1e-08,downforce,0.34576017129791925,0.34671610345946996,0.34681237950865124,0.0009559321615507099,0.0010522082107319863,-4.8138024590638206e-05,0.0010040701861413481,0.3457572428540299,0.34575771357534185,0.34575822139939294,4.7072131192926747e-07,9.785453630173357e-07,-2.5391202554403414e-07,7.246333375010572e-07,0.0004924212521165361,0.0009299921375224721,0.0052746664970837725,0.0007216959008471614
2026,1e-08,pressure_fx,0.23250068995992376,0.23285756124222207,0.2329341243458427,0.00035687128229830445,0.000433434385918946,-3.828155181032078e-05,0.00039515283410862523,0.23249642965340642,0.23249634621772095,0.23249627954160812,-8.34356854717555e-08,-1.5011179829715893e-07,3.333805641270171e-08,-1.1677374187057943e-07,0.00023379770132922215,0.00034633107841432415,0.000870864811799863,0.00029551538491175036
2026,1e-08,pressure_fz,-0.35351055400705805,-0.35447685335042556,-0.35454500742310396,-0.0009662993433675049,-0.0010344534160459107,3.407703633920289e-05,-0.00100037637970668,-0.3535085755195924,-0.35350904414867906,-0.3535095558338635,-4.6862908664735414e-07,-9.80314271092908e-07,2.5584259222277694e-07,-7.244716788701311e-07,0.0004849729950288543,0.0009476640087284512,0.007507771206278598,0.0007241991050234044
2026,1e-08,viscous_fx,0.10187307672485617,0.10180926379204411,0.10177512862274747,-6.381293281206013e-05,-9.794810210869698e-05,1.7067584648318423e-05,-8.088051746037161e-05,0.10187367907504911,0.1018736843066081,0.10187368272920938,5.231558991569685e-09,3.654160266042261e-09,7.886993627637118e-10,4.442859621867079e-09,8.198273862412045e-05,3.730710638973986e-05,4.621036772425898e-05,5.4931147343906546e-05
2026,1e-08,viscous_fz,0.007750382709138828,0.007760749890955592,0.007732627914452707,1.036718181676461e-05,-1.7754794686120762e-05,1.4060988251442686e-05,-3.6938064346785093e-06,0.007751332665562489,0.0077513305733371875,0.007751334434470574,-2.092225301862649e-09,1.7689080842459015e-09,-1.9305666930542753e-09,-1.6165860924205466e-10,0.00020181234773748675,9.962988114014567e-05,0.00013729950260474722,4.376477546965036e-05
2026,1e-07,drag,0.3343737666847799,0.3345389547562444,0.33446076141742664,0.00016518807146448378,8.699473264672797e-05,3.9096669408877904e-05,0.00012609140205560587,0.3343701087284555,0.3343700180095084,0.3343700134221266,-9.071894713219564e-08,-9.530632893994806e-08,2.293690903876211e-09,-9.301263803607185e-08,0.0005491858239394764,0.0010955413740619468,5.866716880377973e-05,0.000737660431399229
2026,1e-07,downforce,0.34576017129791925,0.3458980475785242,0.34527817611195133,0.00013787628060496493,-0.00048199518596792057,0.00030993573328644275,-0.00017205945268150558,0.3457572428540299,0.34575731527549586,0.3457580485599032,7.242146593533505e-08,8.057058732968692e-07,-3.6664220368076705e-07,4.3906366958834653e-07,0.0005252641398329623,0.0016716056441080168,0.0011829620282664088,0.002551813705935035
2026,1e-07,pressure_fx,0.23250068995992376,0.2326388421885228,0.23290562564372094,0.0001381522285990311,0.0004049356837971807,-0.0001333917275990748,0.0002715439561981059,0.23249642965340642,0.23249631952889308,0.23249635678575847,-1.1012451334169171e-07,-7.28676479433421e-08,-1.8628432699174802e-08,-9.149608062863912e-08,0.0007971244073182041,0.00017994869521017361,0.00013965208363718657,0.0003369475863491059
2026,1e-07,pressure_fz,-0.35351055400705805,-0.3537661098653591,-0.35280978949195135,-0.00025555585830105976,0.0007007645151066999,-0.00047816018670387983,0.00022260432840282007,-0.3535085755195924,-0.35350862781769077,-0.3535093998128452,-5.229809835194388e-08,-8.242932527657842e-07,3.859975772069202e-07,-4.3829567558661964e-07,0.00020464449024813064,0.0011762771016455872,0.0008072557856975343,0.0019689449829272372
2026,1e-07,viscous_fx,0.10187307672485617,0.1019001125677216,0.10155513577370573,2.703584286543881e-05,-0.00031794095115043886,0.00017248839700793883,-0.00014545255414250002,0.10187367907504911,0.10187369848061531,0.10187365663636808,1.9405566195618285e-08,-2.2438681038239316e-08,2.09221236169288e-08,-1.516557421310516e-09,0.0007177718221030695,7.057499500157844e-05,0.0001212958319507477,1.0426475012771127e-05
2026,1e-07,viscous_fz,0.007750382709138828,0.007868062286834877,0.007531613380000036,0.00011767957769604973,-0.00021876932913879148,0.0001682244534174206,-5.0544875721370876e-05,0.007751332665562489,0.007751312542194918,0.007751351252941955,-2.0123367571248107e-08,1.858737946544564e-08,-1.9355373518346874e-08,-7.67994052901233e-10,0.00017100135779909084,8.496337004193787e-05,0.0001150568370123919,1.5194300944269956e-05
