case,seed,sign,amplitude_m,upstream_mu0_max_abs_delta_vs_arm_baseline,upstream_mu0_count_abs_delta_gt_1e-3,no_sign_mu0_max_abs_delta_vs_arm_baseline,no_sign_mu0_count_abs_delta_gt_1e-3,ab_mu0_max_abs_delta,ab_mu0_count_abs_delta_gt_1e-3,upstream_sign_flip_face_count,upstream_sign_flip_decision_changed_faces,no_sign_sign_flip_face_count,no_sign_sign_flip_decision_changed_faces,same_phi_sha256,same_initialized_velocity_sha256
seed_1_minus_1e-08,1,minus,1e-08,0.8183113634586334,57,9.5367431640625e-07,0,0.8183115422725677,56,56,57,56,57,true,true
seed_1_plus_1e-08,1,plus,1e-08,0.8183112740516663,56,9.5367431640625e-07,0,0.818311333656311,57,57,56,57,56,true,true
seed_1_minus_1e-07,1,minus,1e-07,0.8183135390281677,136,9.298324584960938e-06,0,0.8183146715164185,135,135,136,135,136,true,true
seed_1_plus_1e-07,1,plus,1e-07,0.81831294298172,112,9.298324584960938e-06,0,0.8183146715164185,111,111,112,111,112,true,true
seed_11_minus_1e-08,11,minus,1e-08,0.8183113038539886,53,8.344650268554688e-07,0,0.8183113634586334,54,54,53,54,53,true,true
seed_11_plus_1e-08,11,plus,1e-08,0.8183113932609558,68,8.344650268554688e-07,0,0.8183115720748901,67,67,68,67,68,true,true
seed_11_minus_1e-07,11,minus,1e-07,0.8183136284351349,102,8.58306884765625e-06,0,0.8183160722255707,103,103,102,103,102,true,true
seed_11_plus_1e-07,11,plus,1e-07,0.8183142840862274,129,8.58306884765625e-06,0,0.818315178155899,128,128,129,128,129,true,true
seed_2026_minus_1e-08,2026,minus,1e-08,0.818311333656311,70,9.5367431640625e-07,0,0.8183114528656006,69,69,70,69,70,true,true
seed_2026_plus_1e-08,2026,plus,1e-08,0.818311333656311,51,9.5367431640625e-07,0,0.8183114528656006,52,52,51,52,51,true,true
seed_2026_minus_1e-07,2026,minus,1e-07,0.8183135986328125,121,9.298324584960938e-06,0,0.818315178155899,120,120,121,120,121,true,true
seed_2026_plus_1e-07,2026,plus,1e-07,0.8183125555515289,100,9.298324584960938e-06,0,0.8183139264583588,101,101,100,101,100,true,true
