1.1577024320648681e-9,1.1577023765537165e-9,-0.4499999997707298
-7.569422701091798e-10,-0.15000000068786382,-0.3999999993044539
-0.09999999643716788,-0.09999999643716788,-0.4059734251642638
-0.05000000367525314,-0.10000000628450716,-0.42332891522922095
-1.4473272893103784e-10,-0.10000000079350743,-0.4289073036782981
0.05000000367525314,-0.10000000628450716,-0.42332891522922095
0.09999999643716789,-0.09999999643716789,-0.4059734251642639
-0.10000000628450716,-0.05000000367525314,-0.42332891522922095
-0.04999999728945218,-0.04999999728945218,-0.43971421124087107
1.157702426940279e-9,-1.1577029320917765e-9,-0.44999999977072974
2.920372859130895e-10,-0.050000001604447945,-0.4449268310130457
0.04999999728945218,-0.04999999728945218,-0.4397142112408711
0.10000000628450716,-0.05000000367525314,-0.42332891522922095
-0.15000000068786384,-7.569423204874593e-10,-0.3999999993044539
-0.10000000079350743,-1.447327843822475e-10,-0.4289073036782981
-1.15770284882505e-9,1.1577023714291277e-9,-0.44999999977072974
-0.050000001604447945,2.920372303422779e-10,-0.4449268310130457
1.1577029598473525e-9,1.1577023714291277e-9,-0.44999999977072974
1.157702426940279e-9,1.1577029320373546e-9,-0.44999999977072974
0.050000001604447945,2.920372303422779e-10,-0.4449268310130457
0.10000000079350743,-1.4473278438224738e-10,-0.4289073036782981
-0.10000000628450716,0.05000000367525314,-0.42332891522922095
-0.04999999728945218,0.04999999728945218,-0.43971421124087107
2.920372859130895e-10,0.050000001604447945,-0.4449268310130457
0.04999999728945218,0.04999999728945218,-0.4397142112408711
0.10000000628450716,0.05000000367525314,-0.42332891522922095
-0.09999999643716788,0.09999999643716788,-0.4059734251642638
-0.05000000367525314,0.10000000628450716,-0.42332891522922095
-1.4473272893103787e-10,0.10000000079350743,-0.4289073036782981
0.05000000367525314,0.10000000628450716,-0.42332891522922095
0.0999999964371679,0.0999999964371679,-0.4059734251642639
-7.56942264416906e-10,0.1500000006878638,-0.3999999993044539
-7.569422701091798e-10,-0.15000000068786382,-0.3999999993044539
6.775970294027505e-11,-0.20000000354885766,-0.3499999944007561
-0.09999999844752605,-0.11038909538774347,-0.40000000059294344
-0.0999999972971836,-0.15000000009283637,-0.3722802934789162
7.569420413442988e-10,-0.15000000068786387,-0.39999999930445396
-0.049999999656661236,-0.1404133270799054,-0.40000000285895004
-0.05000000081291851,-0.15000000611331576,-0.3933105768491987
-7.569419303219964e-10,-0.15000000068786387,-0.39999999930445396
0.049999999656661236,-0.1404133270799054,-0.40000000285895004
0.05000000081291851,-0.15000000611331576,-0.3933105768491987
0.09999999844752605,-0.11038909538774347,-0.40000000059294344
0.0999999972971836,-0.15000000009283637,-0.3722802934789162
-0.11038909538774347,-0.09999999844752605,-0.40000000059294344
-0.1500000000928364,-0.0999999972971836,-0.3722802934789162
0.11038909538774351,-0.09999999844752606,-0.4000000005929435
0.15000000009283648,-0.09999999729718365,-0.3722802934789163
-0.1404133270799054,-0.049999999656661236,-0.40000000285895004
-0.15000000068786393,7.569415114947579e-10,-0.399999999304454
-0.15000000611331576,-0.05000000081291851,-0.3933105768491987
0.1404133270799054,-0.049999999656661236,-0.40000000285895004
0.15000000611331576,-0.05000000081291851,-0.3933105768491987
-0.15000000068786384,-7.569423204874593e-10,-0.3999999993044539
-0.20000000354885766,6.775964742912387e-11,-0.3499999944007561
-0.15000000068786393,-7.569415096589218e-10,-0.399999999304454
0.15000000068786384,-7.56942345139673e-10,-0.39999999930445396
0.15000000068786384,-7.56942345139673e-10,-0.39999999930445396
-0.1404133270799054,0.049999999656661236,-0.40000000285895004
-0.15000000611331576,0.05000000081291851,-0.3933105768491987
0.1404133270799054,0.049999999656661236,-0.40000000285895004
0.15000000611331576,0.05000000081291851,-0.3933105768491987
-0.11038909538774347,0.09999999844752605,-0.40000000059294344
-0.15000000009283637,0.0999999972971836,-0.3722802934789162
-0.09999999844752605,0.11038909538774347,-0.40000000059294344
-0.049999999656661236,0.1404133270799054,-0.40000000285895004
0.049999999656661236,0.1404133270799054,-0.40000000285895004
0.11038909538774351,0.09999999844752606,-0.4000000005929435
0.09999999844752605,0.11038909538774347,-0.40000000059294344
0.15000000009283646,0.09999999729718363,-0.3722802934789163
-0.0999999972971836,0.15000000009283637,-0.3722802934789162
7.569420413442988e-10,0.15000000068786387,-0.39999999930445396
-0.05000000081291851,0.15000000611331576,-0.3933105768491987
-7.569419303219964e-10,0.15000000068786387,-0.39999999930445396
-7.56942264416906e-10,0.1500000006878638,-0.3999999993044539
0.05000000081291851,0.15000000611331576,-0.3933105768491987
0.0999999972971836,0.15000000009283637,-0.3722802934789162
6.775970294027505e-11,0.20000000354885766,-0.3499999944007561
6.775970294027505e-11,-0.20000000354885766,-0.3499999944007561
-0.10000000122307373,-0.17228029629600747,-0.3499999937434278
-0.0999999988519337,-0.1999999983194417,-0.3103890987678749
-6.776011948748332e-11,-0.2000000035488576,-0.349999994400756
-0.050000000267567665,-0.1933105873888682,-0.3499999931736123
-0.049999999919576425,-0.2000000006279255,-0.34041333052522543
6.776023050978579e-11,-0.2000000035488576,-0.349999994400756
0.050000000267567665,-0.1933105873888682,-0.3499999931736123
0.049999999919576425,-0.2000000006279255,-0.34041333052522543
0.10000000122307373,-0.17228029629600747,-0.3499999937434278
0.0999999988519337,-0.1999999983194417,-0.3103890987678749
-0.13060726040336995,-0.15000000355278398,-0.34999999210176624
-0.15000000355278398,-0.13060726040336995,-0.34999999210176624
-0.14999999865095143,-0.14999999865095143,-0.3306072595804647
0.13060726040336995,-0.15000000355278398,-0.34999999210176624
0.15000000355278398,-0.13060726040336995,-0.34999999210176624
0.14999999865095148,-0.14999999865095148,-0.3306072595804648
-0.17228029629600747,-0.10000000122307373,-0.3499999937434278
-0.19999999831944165,-0.09999999885193367,-0.31038909876787485
0.17228029629600747,-0.10000000122307373,-0.3499999937434278
0.19999999831944176,-0.09999999885193372,-0.3103890987678749
-0.1933105873888682,-0.050000000267567665,-0.3499999931736123
-0.2000000035488576,-6.776020275421016e-11,-0.349999994400756
-0.2000000006279255,-0.049999999919576425,-0.34041333052522543
0.1933105873888682,-0.050000000267567665,-0.3499999931736123
0.2000000006279255,-0.049999999919576425,-0.34041333052522543
-0.20000000354885766,6.775964742912387e-11,-0.3499999944007561
-0.2000000035488576,6.776020269978829e-11,-0.349999994400756
0.2000000035488575,6.775963058407869e-11,-0.34999999440075596
0.2000000035488575,6.775963058407869e-11,-0.34999999440075596
-0.1933105873888682,0.050000000267567665,-0.3499999931736123
-0.2000000006279255,0.049999999919576425,-0.34041333052522543
0.1933105873888682,0.050000000267567665,-0.3499999931736123
0.2000000006279255,0.049999999919576425,-0.34041333052522543
-0.17228029629600747,0.10000000122307373,-0.3499999937434278
-0.19999999831944165,0.09999999885193367,-0.31038909876787485
-0.15000000355278398,0.13060726040336995,-0.34999999210176624
0.17228029629600747,0.10000000122307373,-0.3499999937434278
0.15000000355278398,0.13060726040336995,-0.34999999210176624
0.19999999831944176,0.09999999885193372,-0.3103890987678749
-0.13060726040336995,0.15000000355278398,-0.34999999210176624
-0.14999999865095145,0.14999999865095145,-0.3306072595804648
-0.10000000122307373,0.17228029629600747,-0.3499999937434278
-0.050000000267567665,0.1933105873888682,-0.3499999931736123
0.050000000267567665,0.1933105873888682,-0.3499999931736123
0.13060726040336995,0.15000000355278398,-0.34999999210176624
0.10000000122307373,0.17228029629600747,-0.3499999937434278
0.1499999986509515,0.1499999986509515,-0.33060725958046483
-0.09999999885193367,0.19999999831944165,-0.31038909876787485
-6.776011948748332e-11,0.2000000035488576,-0.349999994400756
-0.049999999919576425,0.2000000006279255,-0.34041333052522543
6.776023050978579e-11,0.2000000035488576,-0.349999994400756
6.775970294027505e-11,0.20000000354885766,-0.3499999944007561
0.049999999919576425,0.2000000006279255,-0.34041333052522543
0.09999999885193367,0.19999999831944165,-0.31038909876787485
-0.1000000009366037,-0.20597341558821727,-0.30000001136741655
-0.049999999557211364,-0.22332891459793314,-0.3000000099773718
-3.5748675180266444e-10,-0.2289072987519407,-0.3000000102003207
0.049999999557211364,-0.22332891459793314,-0.3000000099773718
0.1000000009366037,-0.20597341558821727,-0.30000001136741655
-0.1103890943167862,-0.19999999580073802,-0.30000000778532365
-0.1499999986014817,-0.1722802889040304,-0.3000000065571893
0.1103890943167862,-0.19999999580073802,-0.30000000778532365
0.14999999860148175,-0.17228028890403047,-0.3000000065571893
-0.1722802889040304,-0.1499999986014817,-0.3000000065571892
-0.19999999580073802,-0.1103890943167862,-0.30000000778532365
0.1722802889040305,-0.14999999860148178,-0.30000000655718934
0.19999999580073802,-0.1103890943167862,-0.30000000778532365
-0.20597341558821727,-0.1000000009366037,-0.30000001136741655
0.20597341558821727,-0.1000000009366037,-0.30000001136741655
-0.22332891459793314,-0.049999999557211364,-0.3000000099773718
0.22332891459793314,-0.049999999557211364,-0.3000000099773718
-0.2289072987519407,-3.5748680713536247e-10,-0.3000000102003207
0.2289072987519407,-3.5748680713536355e-10,-0.3000000102003207
-0.22332891459793314,0.049999999557211364,-0.3000000099773718
0.22332891459793314,0.049999999557211364,-0.3000000099773718
-0.20597341558821727,0.1000000009366037,-0.30000001136741655
-0.19999999580073802,0.1103890943167862,-0.30000000778532365
0.20597341558821727,0.1000000009366037,-0.30000001136741655
0.19999999580073802,0.1103890943167862,-0.30000000778532365
-0.17228028890403038,0.14999999860148167,-0.3000000065571892
-0.14999999860148175,0.17228028890403047,-0.3000000065571893
0.17228028890403047,0.14999999860148175,-0.3000000065571893
0.14999999860148178,0.17228028890403052,-0.30000000655718934
-0.1103890943167862,0.19999999580073802,-0.30000000778532365
-0.1000000009366037,0.20597341558821727,-0.30000001136741655
-0.049999999557211364,0.22332891459793314,-0.3000000099773718
-3.5748675180266444e-10,0.2289072987519407,-0.3000000102003207
0.049999999557211364,0.22332891459793314,-0.3000000099773718
0.1103890943167862,0.19999999580073802,-0.30000000778532365
0.1000000009366037,0.20597341558821727,-0.30000001136741655
-0.10000000179392049,-0.22332891878457403,-0.2500000001856766
-0.05000000208148922,-0.23971420961150225,-0.2500000013364312
5.886248793197525e-10,-0.2449268309445513,-0.2500000017321703
0.05000000208148922,-0.23971420961150225,-0.2500000013364312
0.10000000179392049,-0.22332891878457403,-0.2500000001856766
-0.14041332841390927,-0.2000000020276582,-0.24999999966571862
-0.15000000051174323,-0.19331058247134142,-0.2499999976651506
-0.1500000019876727,-0.19999999796475684,-0.20000000238134152
0.14041332841390927,-0.2000000020276582,-0.24999999966571862
0.1500000005117433,-0.1933105824713415,-0.2499999976651506
-0.19331058247134142,-0.15000000051174323,-0.2499999976651506
-0.2000000020276582,-0.14041332841390927,-0.24999999966571862
-0.1999999979647568,-0.15000000198767266,-0.20000000238134152
0.1933105824713415,-0.1500000005117433,-0.2499999976651506
0.2000000020276582,-0.14041332841390927,-0.24999999966571862
-0.22332891878457403,-0.10000000179392049,-0.2500000001856766
0.22332891878457403,-0.10000000179392049,-0.2500000001856766
-0.23971420961150225,-0.05000000208148922,-0.2500000013364312
0.23971420961150225,-0.05000000208148922,-0.2500000013364312
-0.2449268309445513,5.886248238104673e-10,-0.2500000017321703
0.2449268309445513,5.886248238104673e-10,-0.2500000017321703
-0.23971420961150225,0.05000000208148922,-0.2500000013364312
0.23971420961150225,0.05000000208148922,-0.2500000013364312
-0.22332891878457403,0.10000000179392049,-0.2500000001856766
-0.2000000020276582,0.14041332841390927,-0.24999999966571862
0.22332891878457403,0.10000000179392049,-0.2500000001856766
0.2000000020276582,0.14041332841390927,-0.24999999966571862
-0.19331058247134145,0.15000000051174328,-0.2499999976651506
-0.19999999796475684,0.1500000019876727,-0.20000000238134152
-0.1500000005117432,0.19331058247134136,-0.2499999976651506
0.19331058247134156,0.15000000051174336,-0.2499999976651506
0.15000000051174328,0.19331058247134145,-0.2499999976651506
-0.14041332841390927,0.2000000020276582,-0.24999999966571862
-0.1500000019876727,0.19999999796475684,-0.20000000238134152
-0.10000000179392049,0.22332891878457403,-0.2500000001856766
-0.05000000208148922,0.23971420961150225,-0.2500000013364312
5.886248793197525e-10,0.2449268309445513,-0.2500000017321703
0.05000000208148922,0.23971420961150225,-0.2500000013364312
0.14041332841390927,0.2000000020276582,-0.24999999966571862
0.10000000179392049,0.22332891878457403,-0.2500000001856766
-0.1500000019876727,-0.19999999796475684,-0.20000000238134152
-0.10000000187721235,-0.228907302757662,-0.20000000306065832
-0.050000002333681445,-0.24492683046565536,-0.20000000352007705
-2.8658723566837148e-11,-0.2499999997105744,-0.20000000295157347
0.050000002333681445,-0.24492683046565536,-0.20000000352007705
0.10000000187721235,-0.228907302757662,-0.20000000306065832
-0.1500000019876727,-0.19999999796475684,-0.20000000238134152
-0.1999999979647568,-0.15000000198767266,-0.20000000238134152
-0.1500000019876727,-0.19999999796475684,-0.20000000238134152
0.1500000019876727,-0.19999999796475681,-0.2000000023813415
0.1500000019876727,-0.19999999796475681,-0.2000000023813415
-0.1999999979647568,-0.15000000198767266,-0.20000000238134152
-0.1999999979647568,-0.15000000198767266,-0.20000000238134152
0.19999999796475665,-0.15000000198767255,-0.2000000023813415
0.19999999796475665,-0.15000000198767255,-0.2000000023813415
-0.228907302757662,-0.10000000187721235,-0.20000000306065832
0.228907302757662,-0.10000000187721235,-0.20000000306065832
-0.24492683046565536,-0.050000002333681445,-0.20000000352007705
0.24492683046565536,-0.050000002333681445,-0.20000000352007705
-0.2499999997105744,-2.865877907798838e-11,-0.20000000295157347
0.2499999997105744,-2.8658779051755305e-11,-0.20000000295157347
-0.24492683046565536,0.050000002333681445,-0.20000000352007705
0.24492683046565536,0.050000002333681445,-0.20000000352007705
-0.228907302757662,0.10000000187721235,-0.20000000306065832
0.228907302757662,0.10000000187721235,-0.20000000306065832
0.19999999796475665,0.15000000198767255,-0.2000000023813415
-0.19999999796475684,0.1500000019876727,-0.20000000238134152
-0.19999999796475684,0.1500000019876727,-0.20000000238134152
-0.19999999796475684,0.1500000019876727,-0.20000000238134152
0.19999999796475665,0.15000000198767255,-0.2000000023813415
0.1500000019876727,0.19999999796475681,-0.2000000023813415
-0.1500000019876727,0.19999999796475684,-0.20000000238134152
-0.1500000019876727,0.19999999796475684,-0.20000000238134152
-0.1500000019876727,0.19999999796475684,-0.20000000238134152
-0.10000000187721235,0.228907302757662,-0.20000000306065832
-0.050000002333681445,0.24492683046565536,-0.20000000352007705
-2.8658723540604074e-11,0.2499999997105744,-0.20000000295157347
0.050000002333681445,0.24492683046565536,-0.20000000352007705
0.1500000019876727,0.19999999796475681,-0.2000000023813415
0.10000000187721235,0.228907302757662,-0.20000000306065832
-0.10000000209601519,-0.22332891934735047,-0.15000000583194678
-0.050000002358799485,-0.2397142105133947,-0.15000000540045635
6.959957705912621e-10,-0.2449268319986611,-0.15000000525006332
0.050000002358799485,-0.2397142105133947,-0.15000000540045635
0.10000000209601519,-0.22332891934735047,-0.15000000583194678
-0.1404133286896386,-0.20000000247182925,-0.15000000602231417
-0.15000000081210835,-0.19331058280909222,-0.15000000675302652
0.1404133286896386,-0.20000000247182925,-0.15000000602231417
0.15000000081210835,-0.19331058280909222,-0.15000000675302652
-0.19331058280909222,-0.15000000081210835,-0.15000000675302652
-0.20000000247182925,-0.1404133286896386,-0.15000000602231417
0.19331058280909222,-0.15000000081210835,-0.15000000675302652
0.20000000247182925,-0.1404133286896386,-0.15000000602231417
-0.22332891934735047,-0.10000000209601519,-0.15000000583194678
0.22332891934735047,-0.10000000209601519,-0.15000000583194678
-0.2397142105133947,-0.050000002358799485,-0.15000000540045635
0.2397142105133947,-0.050000002358799485,-0.15000000540045635
-0.2449268319986611,6.95995715079598e-10,-0.15000000525006332
0.2449268319986611,6.95995715079598e-10,-0.15000000525006332
-0.2397142105133947,0.050000002358799485,-0.15000000540045635
0.2397142105133947,0.050000002358799485,-0.15000000540045635
-0.22332891934735047,0.10000000209601519,-0.15000000583194678
-0.20000000247182925,0.1404133286896386,-0.15000000602231417
0.22332891934735047,0.10000000209601519,-0.15000000583194678
0.20000000247182925,0.1404133286896386,-0.15000000602231417
-0.19331058280909222,0.15000000081210835,-0.15000000675302652
-0.15000000081210835,0.19331058280909222,-0.15000000675302652
0.19331058280909222,0.15000000081210835,-0.15000000675302652
0.15000000081210835,0.19331058280909222,-0.15000000675302652
-0.1404133286896386,0.20000000247182925,-0.15000000602231417
-0.10000000209601519,0.22332891934735047,-0.15000000583194678
-0.050000002358799485,0.2397142105133947,-0.15000000540045635
6.959957705912621e-10,0.2449268319986611,-0.15000000525006332
0.050000002358799485,0.2397142105133947,-0.15000000540045635
0.1404133286896386,0.20000000247182925,-0.15000000602231417
0.10000000209601519,0.22332891934735047,-0.15000000583194678
-0.10000000370035073,-0.20597342047462952,-0.10000000005497697
-0.050000001242884444,-0.22332891973603897,-0.10000000096012973
2.4864192072874437e-10,-0.22890730429638237,-0.10000000071123007
0.050000001242884444,-0.22332891973603897,-0.10000000096012973
0.10000000370035073,-0.20597342047462952,-0.10000000005497697
-0.11038909684956909,-0.20000000011370578,-0.10000000255883129
-0.15000000175403835,-0.17228029224963262,-0.10000000347673253
-0.1000000001452034,-0.20000000063883625,-0.08961090582372558
-0.05000000024235917,-0.2000000015477328,-0.05958667113895734
-2.1071192994723e-10,-0.2000000012119794,-0.05000000186834461
0.05000000024235917,-0.2000000015477328,-0.05958667113895734
0.11038909684956909,-0.20000000011370578,-0.10000000255883129
0.1000000001452034,-0.20000000063883625,-0.08961090582372558
0.15000000175403835,-0.17228029224963262,-0.10000000347673253
-0.17228029224963262,-0.15000000175403835,-0.10000000347673253
-0.20000000011370578,-0.11038909684956909,-0.10000000255883129
-0.15000000061178836,-0.15000000061178836,-0.06939274483712592
0.17228029224963262,-0.15000000175403835,-0.10000000347673253
0.15000000061178836,-0.15000000061178836,-0.06939274483712592
0.20000000011370578,-0.11038909684956909,-0.10000000255883129
-0.20597342047462952,-0.10000000370035073,-0.10000000005497697
-0.20000000063883625,-0.1000000001452034,-0.08961090582372558
0.20597342047462952,-0.10000000370035073,-0.10000000005497697
0.20000000063883625,-0.1000000001452034,-0.08961090582372558
-0.22332891973603897,-0.050000001242884444,-0.10000000096012973
-0.2000000015477328,-0.05000000024235917,-0.05958667113895734
0.22332891973603897,-0.050000001242884444,-0.10000000096012973
0.2000000015477328,-0.05000000024235917,-0.05958667113895734
-0.22890730429638237,2.48641865507349e-10,-0.10000000071123007
-0.2000000012119794,-2.1071198545838122e-10,-0.05000000186834461
0.22890730429638237,2.48641865507349e-10,-0.10000000071123007
0.20000000121197925,-2.1071200230341961e-10,-0.0500000018683447
-0.22332891973603897,0.050000001242884444,-0.10000000096012973
-0.2000000015477328,0.05000000024235917,-0.05958667113895734
0.22332891973603897,0.050000001242884444,-0.10000000096012973
0.2000000015477328,0.05000000024235917,-0.05958667113895734
-0.20597342047462952,0.10000000370035073,-0.10000000005497697
-0.20000000011370578,0.11038909684956909,-0.10000000255883129
-0.20000000063883625,0.1000000001452034,-0.08961090582372558
0.20597342047462952,0.10000000370035073,-0.10000000005497697
0.20000000011370578,0.11038909684956909,-0.10000000255883129
0.20000000063883625,0.1000000001452034,-0.08961090582372558
-0.17228029224963262,0.15000000175403835,-0.10000000347673253
-0.15000000175403835,0.17228029224963262,-0.10000000347673253
-0.15000000061178836,0.15000000061178836,-0.06939274483712592
0.17228029224963262,0.15000000175403835,-0.10000000347673253
0.15000000175403835,0.17228029224963262,-0.10000000347673253
0.15000000061178836,0.15000000061178836,-0.06939274483712592
-0.11038909684956909,0.20000000011370578,-0.10000000255883129
-0.10000000370035073,0.20597342047462952,-0.10000000005497697
-0.1000000001452034,0.20000000063883625,-0.08961090582372558
-0.050000001242884444,0.22332891973603897,-0.10000000096012973
-0.05000000024235917,0.2000000015477328,-0.05958667113895734
2.4864192072874437e-10,0.22890730429638237,-0.10000000071123007
-2.1071192994723e-10,0.2000000012119794,-0.05000000186834461
0.050000001242884444,0.22332891973603897,-0.10000000096012973
0.05000000024235917,0.2000000015477328,-0.05958667113895734
0.11038909684956909,0.20000000011370578,-0.10000000255883129
0.10000000370035073,0.20597342047462952,-0.10000000005497697
0.1000000001452034,0.20000000063883625,-0.08961090582372558
-0.09999999988842954,-0.1722802943603109,-0.05000000252107489
-0.049999999369741754,-0.1933105850470854,-0.05000000328770728
0.049999999369741754,-0.19331058504708543,-0.05000000328770727
0.09999999988842954,-0.1722802943603109,-0.05000000252107489
-0.13060725896218778,-0.15000000167755567,-0.050000004192064094
-0.15000000167755567,-0.13060725896218778,-0.050000004192064094
-0.0999999997001852,-0.15000000349750603,-0.027719710755585988
-0.049999999566300864,-0.1500000033053899,-0.00668942016149364
-3.820019674428739e-10,-0.15000000342642206,-2.9217757841796022e-9
0.049999999566300864,-0.1500000033053899,-0.00668942016149364
0.13060725896218778,-0.15000000167755567,-0.050000004192064094
0.0999999997001852,-0.15000000349750603,-0.027719710755585988
0.15000000167755567,-0.13060725896218778,-0.050000004192064094
-0.1722802943603109,-0.09999999988842954,-0.05000000252107489
-0.15000000349750603,-0.0999999997001852,-0.027719710755585988
0.1722802943603109,-0.09999999988842954,-0.05000000252107489
0.15000000349750603,-0.0999999997001852,-0.027719710755585988
-0.19331058504708534,-0.04999999936974175,-0.050000003287707324
-0.1500000033053899,-0.049999999566300864,-0.00668942016149364
0.19331058504708534,-0.04999999936974175,-0.050000003287707324
0.1500000033053899,-0.049999999566300864,-0.00668942016149364
-0.15000000342642203,-3.82002024101051e-10,-2.921775720788196e-9
0.20000000121197925,-2.1071200230341961e-10,-0.0500000018683447
0.150000003426422,-3.8200202837024675e-10,-2.9217759033216916e-9
-0.19331058504708534,0.04999999936974175,-0.050000003287707324
-0.1500000033053899,0.049999999566300864,-0.00668942016149364
0.19331058504708534,0.04999999936974175,-0.050000003287707324
0.1500000033053899,0.049999999566300864,-0.00668942016149364
-0.1722802943603109,0.09999999988842954,-0.05000000252107489
-0.15000000167755567,0.13060725896218778,-0.050000004192064094
-0.15000000349750603,0.0999999997001852,-0.027719710755585988
0.1722802943603109,0.09999999988842954,-0.05000000252107489
0.15000000167755567,0.13060725896218778,-0.050000004192064094
0.15000000349750603,0.0999999997001852,-0.027719710755585988
-0.13060725896218778,0.15000000167755567,-0.050000004192064094
-0.09999999988842954,0.1722802943603109,-0.05000000252107489
-0.0999999997001852,0.15000000349750603,-0.027719710755585988
-0.04999999936974175,0.19331058504708534,-0.050000003287707324
-0.049999999566300864,0.1500000033053899,-0.00668942016149364
-3.820019674428739e-10,0.15000000342642206,-2.9217757841796022e-9
0.04999999936974175,0.19331058504708534,-0.05000000328770731
0.049999999566300864,0.1500000033053899,-0.00668942016149364
0.13060725896218778,0.15000000167755567,-0.050000004192064094
0.09999999988842954,0.1722802943603109,-0.05000000252107489
0.0999999997001852,0.15000000349750603,-0.027719710755585988
-0.10000000051723841,-0.11038909753507772,-1.6855630492051626e-9
-0.05000000104324554,-0.14041332953272465,8.497202527947959e-10
-3.152885103058653e-10,-0.15000000350731094,-3.083096386621715e-9
0.05000000104324554,-0.14041332953272465,8.497202527947959e-10
0.1000000005172385,-0.11038909753507781,-1.6855629258570195e-9
-0.11038909753507775,-0.10000000051723842,-1.6855630182582597e-9
-0.10000000094775116,-0.10000000094775116,0.005973421475258609
-0.05000000069815824,-0.10000000141337854,0.023328918820715246
-1.1313335942023994e-10,-0.10000000094559733,0.02890730359481804
0.05000000069815824,-0.10000000141337854,0.023328918820715246
0.11038909753507775,-0.10000000051723842,-1.6855630182582597e-9
0.10000000094775116,-0.10000000094775116,0.005973421475258609
-0.14041332953272465,-0.05000000104324554,8.497202530968929e-10
-0.10000000141337854,-0.05000000069815824,0.023328918820715246
-0.05000000086629763,-0.05000000086629763,0.039714210129699355
-1.908082753940422e-10,-0.050000000183558595,0.04492683148813337
0.05000000086629763,-0.05000000086629763,0.039714210129699355
0.14041332953272465,-0.05000000104324554,8.497202530968929e-10
0.10000000141337854,-0.05000000069815824,0.023328918820715246
-0.150000003507311,-3.1528856723451316e-10,-3.083096297874438e-9
-0.10000000094559733,-1.1313341494795448e-10,0.02890730359481804
-0.050000000183558595,-1.908083309347791e-10,0.04492683148813337
-7.235633538164272e-11,-7.235639089279395e-11,0.05000000001432942
0.050000000183558595,-1.908083309347791e-10,0.04492683148813337
0.15000000350731105,-3.1528859062676104e-10,-3.083096274767662e-9
0.10000000094559733,-1.1313341494795438e-10,0.02890730359481804
-0.14041332953272465,0.05000000104324554,8.497202530968929e-10
-0.10000000141337854,0.05000000069815824,0.023328918820715246
-0.05000000086629763,0.05000000086629763,0.039714210129699355
-1.908082753940422e-10,0.050000000183558595,0.04492683148813337
0.05000000086629763,0.05000000086629763,0.039714210129699355
0.14041332953272465,0.05000000104324554,8.497202530968929e-10
0.10000000141337854,0.05000000069815824,0.023328918820715246
-0.11038909753507777,0.10000000051723845,-1.685562987310002e-9
-0.10000000051723841,0.11038909753507772,-1.6855630492051626e-9
-0.10000000094775116,0.10000000094775116,0.005973421475258609
-0.05000000104324554,0.14041332953272465,8.497202527947959e-10
-0.05000000069815824,0.10000000141337854,0.023328918820715246
-3.152885103058653e-10,0.15000000350731094,-3.083096386621715e-9
-1.1313335942023994e-10,0.10000000094559733,0.02890730359481804
0.05000000104324554,0.14041332953272465,8.497202527947959e-10
0.05000000069815824,0.10000000141337854,0.023328918820715246
0.11038909753507777,0.10000000051723845,-1.685562987310002e-9
0.1000000005172385,0.11038909753507781,-1.6855629258570195e-9
0.10000000094775116,0.10000000094775116,0.005973421475258609
