variant,eps,step,gmax,imax,bmax,l2_int,l2_box,argmax,argmax_box,u_xor,u_sum
FD/A,1.0e-5,0,0.998377799987793,0.998377799987793,0.998377799987793,2.079137668881088,2.080049066116847,6;4;51;1,6;4;3;1,856436641,3416176170918275
FD/A,1.0e-5,1,0.5602836608886719,0.5602836608886719,0.5602836608886719,1.3146158441433349,1.311721321608585,6;4;51;1,6;4;3;1,822408515,3416059404347009
FD/A,1.0e-5,2,0.30100345611572266,0.30100345611572266,0.30100345611572266,0.8964339805659303,0.8387561513439032,6;4;51;1,6;4;3;1,85520123,3416168655014499
FD/A,1.0e-5,3,0.1609325408935547,0.1609325408935547,0.1609325408935547,0.9266462557000251,0.5257409374537878,6;4;51;1,6;4;3;1,820726745,3416207485549305
FD/A,1.0e-5,4,0.0864267349243164,0.0864267349243164,0.0864267349243164,1.2771483852367287,0.3439282623817717,6;4;51;1,6;4;3;1,452087336,3416196848931932
FD/A,1.0e-5,5,0.0476837158203125,0.0476837158203125,0.0476837158203125,1.6349546630995528,0.23176668678612392,8;4;51;1,8;4;3;1,2840071343,3416222339275591
FD/A,1.0e-5,6,0.029802322387695312,0.029802322387695312,0.029802322387695312,1.9023254226754982,0.16926677601506773,9;4;51;1,9;4;3;1,2382956278,3416162740063412
FD/A,1.0e-5,7,0.02384185791015625,0.02384185791015625,0.02384185791015625,2.088981845435692,0.1359448735447959,76;12;1;1,10;5;3;1,2294632060,3416210153521700
FD/A,1.0e-5,8,0.02384185791015625,0.02384185791015625,0.017881393432617188,2.218450373355806,0.1199707007641158,79;6;1;1,10;5;3;1,2945946913,3416182095264991
FD/A,1.0e-5,9,0.02384185791015625,0.02384185791015625,0.02384185791015625,2.3072958190234663,0.1107745336797759,14;6;1;1,8;1;5;1,88367769,3416187331535641
FD/A,1.0e-5,10,0.08940696716308594,0.08940696716308594,0.011920928955078125,2.379070846184611,0.10281195512195918,147;20;53;2,11;4;1;1,740511986,3416164554903252
FD/A,1.0e-5,11,0.0476837158203125,0.04582107067108154,0.011920928955078125,2.5366758705691828,0.10062665821370075,147;24;56;1,11;4;1;1,873096519,3416156725817353
FD/A,1.0e-5,12,0.04544854164123535,0.04544854164123535,0.011920928955078125,2.540464896793913,0.09567675986577097,148;24;51;2,11;4;1;1,906195672,3416171174245124
FD/A,1.0e-5,13,0.05848705768585205,0.05848705768585205,0.011920928955078125,2.5819908577347723,0.09359447104063297,148;24;51;2,11;4;1;1,323439023,3416192625620195
FD/A,1.0e-5,14,0.07748603820800781,0.07748603820800781,0.011920928955078125,2.637430322696702,0.0960623206835145,147;25;55;2,11;4;1;1,3095374163,3416159134014413
FD/A,1.0e-5,15,0.077858567237854,0.077858567237854,0.011920928955078125,2.682114675678785,0.09519291140466818,148;24;51;2,11;4;1;1,166657657,3416192188140207
FD/A,1.0e-5,16,0.09350478649139404,0.09350478649139404,0.011920928955078125,2.657521513726683,0.09369011815744006,148;24;51;2,11;4;1;1,584793986,3416197394951802
FD/A,1.0e-5,17,0.16354024410247803,0.16354024410247803,0.011920928955078125,2.7855538621601466,0.08949276204352324,147;25;55;2,12;5;1;1,710652014,3416189978341878
FD/A,1.0e-5,18,0.1650303602218628,0.1650303602218628,0.011920928955078125,2.8275026278325397,0.08914366663852658,148;25;55;2,12;5;1;1,228551895,3416206290335309
FD/A,1.0e-5,19,0.17173588275909424,0.17173588275909424,0.011920928955078125,2.80129482584437,0.08906474090995863,148;25;55;2,12;5;1;1,2841169060,3416209132003724
FD/A,1.0e-5,20,0.15720725059509277,0.15720725059509277,0.011920928955078125,2.767500423975323,0.09513579192890105,148;25;55;2,12;5;1;1,2456026984,3416214365127936
FD/A,1.0e-5,21,0.13671815395355225,0.13671815395355225,0.011920928955078125,2.746883070721883,0.09335547820043802,148;24;51;2,12;5;1;1,2505983977,3416202567064523
FD/A,1.0e-5,22,0.14044344425201416,0.14044344425201416,0.02384185791015625,2.7483123048069555,0.10432647610162372,148;24;51;2,10;1;7;1,678398407,3416184915617513
FD/A,1.0e-5,23,0.1519918441772461,0.1519918441772461,0.02384185791015625,2.7904662615992364,0.10479966569773451,148;24;51;2,10;1;7;1,3030853970,3416164244003632
FD/A,1.0e-5,24,0.1601874828338623,0.1601874828338623,0.011920928955078125,2.7702981236922937,0.09258486478817048,148;24;51;2,7;1;1;1,2815264359,3416138702554815
FD/A,1.0e-5,25,0.1642853021621704,0.1642853021621704,0.011920928955078125,2.783319487269684,0.09421528035054683,148;24;51;2,9;1;1;1,666159500,3416169480378182
FD/A,1.0e-5,26,0.1776963472366333,0.1776963472366333,0.011920928955078125,2.8073185555117908,0.08065292621844088,148;24;51;2,7;1;1;1,803029042,3416155743669364
FD/A,1.0e-5,27,0.1866370439529419,0.1866370439529419,0.011920928955078125,2.8047455617464503,0.08061033855195211,148;24;51;2,7;1;1;1,2512797997,3416145650748209
FD/A,1.0e-5,28,0.19408762454986572,0.19408762454986572,0.011920928955078125,2.83424856863484,0.08024164567998014,148;24;51;2,12;3;1;1,3155872183,3416138767538729
FD/A,1.0e-5,29,0.2034008502960205,0.2034008502960205,0.011920928955078125,2.8365546696240354,0.07752272652687241,148;24;51;2,11;3;1;1,1049198815,3416164227931483
FD/A,1.0e-5,30,0.2127140760421753,0.2127140760421753,0.011920928955078125,2.8526347170437725,0.07998099306285068,148;24;51;2,12;1;2;1,506083339,3416183565937341
FD/A,1.0e-5,31,0.21569430828094482,0.21569430828094482,0.011920928955078125,2.853223517973332,0.0770929257537399,148;24;51;2,7;1;1;1,191931512,3416155826337066
FD/A,1.0e-5,32,0.2212822437286377,0.2212822437286377,0.011920928955078125,2.851825962458336,0.07425147598317654,148;24;51;2,7;1;1;1,725492493,3416147537623061
FD/A,1.0e-5,33,0.2298504114151001,0.2298504114151001,0.011920928955078125,2.8482026569017593,0.07034419837062597,148;24;51;2,12;1;2;1,2271168758,3416156656608496
FD/A,1.0e-5,34,0.23581087589263916,0.23581087589263916,0.011920928955078125,2.8608826147869815,0.06962948102302446,148;24;51;2,12;1;1;1,964711849,3416118990600289
FD/A,1.0e-5,35,0.2518296241760254,0.2518296241760254,0.02384185791015625,2.879335274847967,0.07079780628488341,148;24;51;2,11;1;6;1,3154239889,3416130745656133
FD/A,1.0e-5,36,0.24586915969848633,0.24586915969848633,0.011920928955078125,2.8968785814012876,0.07513537927644721,148;24;51;2,7;5;1;1,846195854,3416123957080166
FD/A,1.0e-5,37,0.2548098564147949,0.2548098564147949,0.011920928955078125,2.917649482918711,0.0850170178949577,148;24;51;2,11;1;1;1,215777661,3416147583045889
FD/A,1.0e-5,38,0.2641230821609497,0.2641230821609497,0.02384185791015625,2.977354861975967,0.08673646244732512,148;24;51;2,7;1;4;1,942568377,3416169382628989
FD/A,1.0e-5,39,0.26635825634002686,0.26635825634002686,0.02384185791015625,3.0462142766948044,0.09463194863761008,148;24;51;2,7;1;4;1,258120938,3416132843680056
FD/A,1.0e-5,40,0.2738088369369507,0.2738088369369507,0.02384185791015625,3.013737723805313,0.08749983747531483,148;24;51;2,7;1;4;1,2374811141,3416145301708123
