mode,case_id,phi_sha256,sigma_sha256,mu0_sha256,mu1_sha256,body_velocity_sha256,raw_face_distance_sha256,raw_face_normal_sha256,raw_face_velocity_sha256,branch_face_count,sign_disagree_face_count,threshold_faces_changed_vs_baseline,disagreement_faces_changed_vs_baseline
UPSTREAM,baseline,e3966d87c0ddb0d3ff9a6ee096c94221d0d4cccff77221ba84987ef5faa04431,5da8dc60ef542fee8b2a7271bb00ce3731bee08a1fcef54e840df95532d303f4,73356700fc0cea335eb2aea28606f08599e6fc56e9f8af4eec398d54ad1804cc,e478e1cadab7a84ed244323012d6cfb5e972b34997c726ae0fa3be7a8bdcff49,a9e0e4758f3a96330b9d6c2a4ff4101e1c5301f11b862ef9e755cfc292c4631d,f6241f320bc16aeb40466c99ca5f72a18c2d1e745fc0c90074e286bdf34fa16f,2f4990120d769e6dcf970be780872b0c9407d4c1404a217d7adb56b0042ee1f5,cedb6555f133dd26a743a7a7f554870b0e894d121ff03376feb254aebffdb0c2,96324,1,0,0
NO_SIGN_CORRECTION,baseline,e3966d87c0ddb0d3ff9a6ee096c94221d0d4cccff77221ba84987ef5faa04431,5da8dc60ef542fee8b2a7271bb00ce3731bee08a1fcef54e840df95532d303f4,1eaccdab90b517fef811127e35150730fea56d93cd9766adf0de258d0bc37fa9,e478e1cadab7a84ed244323012d6cfb5e972b34997c726ae0fa3be7a8bdcff49,a9e0e4758f3a96330b9d6c2a4ff4101e1c5301f11b862ef9e755cfc292c4631d,f6241f320bc16aeb40466c99ca5f72a18c2d1e745fc0c90074e286bdf34fa16f,2f4990120d769e6dcf970be780872b0c9407d4c1404a217d7adb56b0042ee1f5,cedb6555f133dd26a743a7a7f554870b0e894d121ff03376feb254aebffdb0c2,96324,1,0,0
A_THRESHOLD,baseline,e3966d87c0ddb0d3ff9a6ee096c94221d0d4cccff77221ba84987ef5faa04431,5da8dc60ef542fee8b2a7271bb00ce3731bee08a1fcef54e840df95532d303f4,23ff3eaac36670dfc0d7b9e362567874f5c9d36bcd38406428a12f4068dad38c,e1a434d50bb1ffc35a5cdce8faec37cb1d0eeff2d9454cdfa92e6962838cee02,a9e0e4758f3a96330b9d6c2a4ff4101e1c5301f11b862ef9e755cfc292c4631d,f6241f320bc16aeb40466c99ca5f72a18c2d1e745fc0c90074e286bdf34fa16f,2f4990120d769e6dcf970be780872b0c9407d4c1404a217d7adb56b0042ee1f5,cedb6555f133dd26a743a7a7f554870b0e894d121ff03376feb254aebffdb0c2,96324,1,0,0
B_CENTER_SIGN,baseline,e3966d87c0ddb0d3ff9a6ee096c94221d0d4cccff77221ba84987ef5faa04431,5da8dc60ef542fee8b2a7271bb00ce3731bee08a1fcef54e840df95532d303f4,49919f8b9b1b49a10bd4484665ad08050f1146f7752c4745713906528e4aab74,bdbc5646d0a8f4aea88fb535b7bcd266d98083bbe6ca51886f1579338a6904cc,a9e0e4758f3a96330b9d6c2a4ff4101e1c5301f11b862ef9e755cfc292c4631d,f6241f320bc16aeb40466c99ca5f72a18c2d1e745fc0c90074e286bdf34fa16f,2f4990120d769e6dcf970be780872b0c9407d4c1404a217d7adb56b0042ee1f5,cedb6555f133dd26a743a7a7f554870b0e894d121ff03376feb254aebffdb0c2,96324,1,0,0
C_MOMENT_BLEND,baseline,e3966d87c0ddb0d3ff9a6ee096c94221d0d4cccff77221ba84987ef5faa04431,5da8dc60ef542fee8b2a7271bb00ce3731bee08a1fcef54e840df95532d303f4,1eaccdab90b517fef811127e35150730fea56d93cd9766adf0de258d0bc37fa9,e478e1cadab7a84ed244323012d6cfb5e972b34997c726ae0fa3be7a8bdcff49,a9e0e4758f3a96330b9d6c2a4ff4101e1c5301f11b862ef9e755cfc292c4631d,f6241f320bc16aeb40466c99ca5f72a18c2d1e745fc0c90074e286bdf34fa16f,2f4990120d769e6dcf970be780872b0c9407d4c1404a217d7adb56b0042ee1f5,cedb6555f133dd26a743a7a7f554870b0e894d121ff03376feb254aebffdb0c2,96324,1,0,0
UPSTREAM,seed_1_plus_1e-08,dcc1015335f9ebff63712256c4a1e66450e98794d57d0e43e06cb494944b6074,10d115fe1bfbd8621e8fa006e868d378a0add9a47d069d3b7e188f816cb8af02,f022bad5c850a3ce4c5e06c61a4b14e83941cbc4a4616bf86c851b786406aeb3,bbff269e3401189f71d6cbc59afb829f795fbce40bc80a412635d3ee6d2b2c47,a9e0e4758f3a96330b9d6c2a4ff4101e1c5301f11b862ef9e755cfc292c4631d,b80c5d7023bf1bb7edb13051ad2051b1f48c31ce96c4d55726ead79f305651b1,fc232256201643f9b85b6767c207229adcbdf586a97d8065c214dc46590744ee,cedb6555f133dd26a743a7a7f554870b0e894d121ff03376feb254aebffdb0c2,96328,57,32,56
NO_SIGN_CORRECTION,seed_1_plus_1e-08,dcc1015335f9ebff63712256c4a1e66450e98794d57d0e43e06cb494944b6074,10d115fe1bfbd8621e8fa006e868d378a0add9a47d069d3b7e188f816cb8af02,f90837e07692825f6c96c0d41661952398dfb5174606dd27129ee0dba9d227cd,bbff269e3401189f71d6cbc59afb829f795fbce40bc80a412635d3ee6d2b2c47,a9e0e4758f3a96330b9d6c2a4ff4101e1c5301f11b862ef9e755cfc292c4631d,b80c5d7023bf1bb7edb13051ad2051b1f48c31ce96c4d55726ead79f305651b1,fc232256201643f9b85b6767c207229adcbdf586a97d8065c214dc46590744ee,cedb6555f133dd26a743a7a7f554870b0e894d121ff03376feb254aebffdb0c2,96328,57,32,56
A_THRESHOLD,seed_1_plus_1e-08,dcc1015335f9ebff63712256c4a1e66450e98794d57d0e43e06cb494944b6074,10d115fe1bfbd8621e8fa006e868d378a0add9a47d069d3b7e188f816cb8af02,d090e065eee8cc099b4e33d9372cd2c17e793dea697f1e62fee5ff0a1103d1b7,2f205f9a20d541691377d3c067232b32c199a344301920859bcd8848e90e3a86,a9e0e4758f3a96330b9d6c2a4ff4101e1c5301f11b862ef9e755cfc292c4631d,b80c5d7023bf1bb7edb13051ad2051b1f48c31ce96c4d55726ead79f305651b1,fc232256201643f9b85b6767c207229adcbdf586a97d8065c214dc46590744ee,cedb6555f133dd26a743a7a7f554870b0e894d121ff03376feb254aebffdb0c2,96328,57,32,56
B_CENTER_SIGN,seed_1_plus_1e-08,dcc1015335f9ebff63712256c4a1e66450e98794d57d0e43e06cb494944b6074,10d115fe1bfbd8621e8fa006e868d378a0add9a47d069d3b7e188f816cb8af02,81b9b0e82901678f2fb98c61af2e3eca98a96f3a60dec4e68ece8707f51f6a3c,2904d841eb7d6e0668e8bb21c1a73996e2d7c2fdbf929d9714a54d2b6df3dadb,a9e0e4758f3a96330b9d6c2a4ff4101e1c5301f11b862ef9e755cfc292c4631d,b80c5d7023bf1bb7edb13051ad2051b1f48c31ce96c4d55726ead79f305651b1,fc232256201643f9b85b6767c207229adcbdf586a97d8065c214dc46590744ee,cedb6555f133dd26a743a7a7f554870b0e894d121ff03376feb254aebffdb0c2,96328,57,32,56
C_MOMENT_BLEND,seed_1_plus_1e-08,dcc1015335f9ebff63712256c4a1e66450e98794d57d0e43e06cb494944b6074,10d115fe1bfbd8621e8fa006e868d378a0add9a47d069d3b7e188f816cb8af02,f90837e07692825f6c96c0d41661952398dfb5174606dd27129ee0dba9d227cd,bbff269e3401189f71d6cbc59afb829f795fbce40bc80a412635d3ee6d2b2c47,a9e0e4758f3a96330b9d6c2a4ff4101e1c5301f11b862ef9e755cfc292c4631d,b80c5d7023bf1bb7edb13051ad2051b1f48c31ce96c4d55726ead79f305651b1,fc232256201643f9b85b6767c207229adcbdf586a97d8065c214dc46590744ee,cedb6555f133dd26a743a7a7f554870b0e894d121ff03376feb254aebffdb0c2,96328,57,32,56
UPSTREAM,seed_1_minus_1e-08,b710e98de5a33e42a806537143d6579ce2ed60c61c1ff4da3b3e5bee148a6b74,865fbc045553d37a3567bd70ab5dffe23c5f15f5f0b255abe1e8d7ad345be17e,ed32c7c7eafe36f947b7727e19e78aa222cc5a07da3adf7f7443fa5fe2d52a12,5d9837905c111a0de0c03af10edfb9d1dabb899138f44b8e0b468a7f3d570e30,a9e0e4758f3a96330b9d6c2a4ff4101e1c5301f11b862ef9e755cfc292c4631d,7843fbc33463419433301cc9d646e9f63a8d87b0f2f7636f719a9fb848bd24d8,d5b2ba0095326f6936176f45693875f9ddca3dca550882768048b693e3a30241,cedb6555f133dd26a743a7a7f554870b0e894d121ff03376feb254aebffdb0c2,96329,56,31,57
NO_SIGN_CORRECTION,seed_1_minus_1e-08,b710e98de5a33e42a806537143d6579ce2ed60c61c1ff4da3b3e5bee148a6b74,865fbc045553d37a3567bd70ab5dffe23c5f15f5f0b255abe1e8d7ad345be17e,171361cd8965e7e65db16f463b2bfcc4fddd118e7f550280b5d367847be21b3d,5d9837905c111a0de0c03af10edfb9d1dabb899138f44b8e0b468a7f3d570e30,a9e0e4758f3a96330b9d6c2a4ff4101e1c5301f11b862ef9e755cfc292c4631d,7843fbc33463419433301cc9d646e9f63a8d87b0f2f7636f719a9fb848bd24d8,d5b2ba0095326f6936176f45693875f9ddca3dca550882768048b693e3a30241,cedb6555f133dd26a743a7a7f554870b0e894d121ff03376feb254aebffdb0c2,96329,56,31,57
A_THRESHOLD,seed_1_minus_1e-08,b710e98de5a33e42a806537143d6579ce2ed60c61c1ff4da3b3e5bee148a6b74,865fbc045553d37a3567bd70ab5dffe23c5f15f5f0b255abe1e8d7ad345be17e,4a5b3651eba73b7e73d4d9ff025608e58360dcc82a13a3562c49150cef837a91,a1ac151463ae3e539696f6fcbac8d8320e456d1d15e20b97c78f4e065e8ec0ce,a9e0e4758f3a96330b9d6c2a4ff4101e1c5301f11b862ef9e755cfc292c4631d,7843fbc33463419433301cc9d646e9f63a8d87b0f2f7636f719a9fb848bd24d8,d5b2ba0095326f6936176f45693875f9ddca3dca550882768048b693e3a30241,cedb6555f133dd26a743a7a7f554870b0e894d121ff03376feb254aebffdb0c2,96329,56,31,57
B_CENTER_SIGN,seed_1_minus_1e-08,b710e98de5a33e42a806537143d6579ce2ed60c61c1ff4da3b3e5bee148a6b74,865fbc045553d37a3567bd70ab5dffe23c5f15f5f0b255abe1e8d7ad345be17e,5f9c8ae13e9d9a46294b4ed5133eb78c402d9b7e7755aa41a03244996bb79019,32d16e72b047dac46e4a44355207ebd3c5985b737cebcfec9f659bb202b4dbd3,a9e0e4758f3a96330b9d6c2a4ff4101e1c5301f11b862ef9e755cfc292c4631d,7843fbc33463419433301cc9d646e9f63a8d87b0f2f7636f719a9fb848bd24d8,d5b2ba0095326f6936176f45693875f9ddca3dca550882768048b693e3a30241,cedb6555f133dd26a743a7a7f554870b0e894d121ff03376feb254aebffdb0c2,96329,56,31,57
C_MOMENT_BLEND,seed_1_minus_1e-08,b710e98de5a33e42a806537143d6579ce2ed60c61c1ff4da3b3e5bee148a6b74,865fbc045553d37a3567bd70ab5dffe23c5f15f5f0b255abe1e8d7ad345be17e,171361cd8965e7e65db16f463b2bfcc4fddd118e7f550280b5d367847be21b3d,5d9837905c111a0de0c03af10edfb9d1dabb899138f44b8e0b468a7f3d570e30,a9e0e4758f3a96330b9d6c2a4ff4101e1c5301f11b862ef9e755cfc292c4631d,7843fbc33463419433301cc9d646e9f63a8d87b0f2f7636f719a9fb848bd24d8,d5b2ba0095326f6936176f45693875f9ddca3dca550882768048b693e3a30241,cedb6555f133dd26a743a7a7f554870b0e894d121ff03376feb254aebffdb0c2,96329,56,31,57
UPSTREAM,seed_1_plus_1e-07,a31980e5c816d3b2db512014eb57684274439882333ec801671fe9c3416e04b8,022d97fe07d441cc687608c1a49aeaa9a24152e893fedf23c7277ef3d4b64fe2,a92741d4d2321843dbc3e3ef5b18afcd71fdc609d2f760342263deb075696b5a,0b90c9c7062ee58a3a5c1cbccad89ccd9e97c27f114d04fe9c3addbf5f811783,a9e0e4758f3a96330b9d6c2a4ff4101e1c5301f11b862ef9e755cfc292c4631d,0789f4206f7260d28d05683b84d97f9c10b65426eb09396f7dc0441ad35e424a,5f60a86d710d75278cd5dc2e5a6a11f67b14d5f45167b868384f4fe8268b77e9,cedb6555f133dd26a743a7a7f554870b0e894d121ff03376feb254aebffdb0c2,96392,111,1334,112
NO_SIGN_CORRECTION,seed_1_plus_1e-07,a31980e5c816d3b2db512014eb57684274439882333ec801671fe9c3416e04b8,022d97fe07d441cc687608c1a49aeaa9a24152e893fedf23c7277ef3d4b64fe2,063ac6d7e7041f56925b6d6053c3ff4bcf0ddb7bd99e0e5a8a01ad2060c969da,0b90c9c7062ee58a3a5c1cbccad89ccd9e97c27f114d04fe9c3addbf5f811783,a9e0e4758f3a96330b9d6c2a4ff4101e1c5301f11b862ef9e755cfc292c4631d,0789f4206f7260d28d05683b84d97f9c10b65426eb09396f7dc0441ad35e424a,5f60a86d710d75278cd5dc2e5a6a11f67b14d5f45167b868384f4fe8268b77e9,cedb6555f133dd26a743a7a7f554870b0e894d121ff03376feb254aebffdb0c2,96392,111,1334,112
A_THRESHOLD,seed_1_plus_1e-07,a31980e5c816d3b2db512014eb57684274439882333ec801671fe9c3416e04b8,022d97fe07d441cc687608c1a49aeaa9a24152e893fedf23c7277ef3d4b64fe2,d9cf7c5e231f4858c6372bbb0fc996a7cacd000a7f4f9bc85be8341e5f8495f6,d87d0d95b354a83b00b005717085ee5d6ee2f2a3aecb7a6e15bb4d06a4b9d733,a9e0e4758f3a96330b9d6c2a4ff4101e1c5301f11b862ef9e755cfc292c4631d,0789f4206f7260d28d05683b84d97f9c10b65426eb09396f7dc0441ad35e424a,5f60a86d710d75278cd5dc2e5a6a11f67b14d5f45167b868384f4fe8268b77e9,cedb6555f133dd26a743a7a7f554870b0e894d121ff03376feb254aebffdb0c2,96392,111,1334,112
B_CENTER_SIGN,seed_1_plus_1e-07,a31980e5c816d3b2db512014eb57684274439882333ec801671fe9c3416e04b8,022d97fe07d441cc687608c1a49aeaa9a24152e893fedf23c7277ef3d4b64fe2,75ce0faa25c531f74ded5503320ff22e135b42fb25031bac185c765ddce0f3eb,1f5fb003a6cbb80def9bd3d1cb8e52eb6fac329255821d3301093921b9f26658,a9e0e4758f3a96330b9d6c2a4ff4101e1c5301f11b862ef9e755cfc292c4631d,0789f4206f7260d28d05683b84d97f9c10b65426eb09396f7dc0441ad35e424a,5f60a86d710d75278cd5dc2e5a6a11f67b14d5f45167b868384f4fe8268b77e9,cedb6555f133dd26a743a7a7f554870b0e894d121ff03376feb254aebffdb0c2,96392,111,1334,112
C_MOMENT_BLEND,seed_1_plus_1e-07,a31980e5c816d3b2db512014eb57684274439882333ec801671fe9c3416e04b8,022d97fe07d441cc687608c1a49aeaa9a24152e893fedf23c7277ef3d4b64fe2,7533add1249f009bb7bd653b2409e4f567e8f09e70ac9ddf07b830b309bdb015,0b90c9c7062ee58a3a5c1cbccad89ccd9e97c27f114d04fe9c3addbf5f811783,a9e0e4758f3a96330b9d6c2a4ff4101e1c5301f11b862ef9e755cfc292c4631d,0789f4206f7260d28d05683b84d97f9c10b65426eb09396f7dc0441ad35e424a,5f60a86d710d75278cd5dc2e5a6a11f67b14d5f45167b868384f4fe8268b77e9,cedb6555f133dd26a743a7a7f554870b0e894d121ff03376feb254aebffdb0c2,96392,111,1334,112
UPSTREAM,seed_1_minus_1e-07,cc877f534a1e494d664e08a9780a12c0698446a7acfdd97561fb4babfc1212ad,6bc189280f32b86c0f3ad5195f2a37f12cbbd7a6bedf87032314ad803002e709,f04c4d4c7c37f2b44fdd6643711a07d768baf9314601153e313a6103e08d6d56,df9b244c590064fad6ec3b024858fcb1126b8f50146db84657c7bfc91dcdaad9,a9e0e4758f3a96330b9d6c2a4ff4101e1c5301f11b862ef9e755cfc292c4631d,8c872f97aa6f3398c7a3f67feb6fe2f23be84973b27dc1f67121c30adf4c31d6,8cef3afe99954b895908953bb1c58484a703644ed471ceb079aa54cb725e9fd4,cedb6555f133dd26a743a7a7f554870b0e894d121ff03376feb254aebffdb0c2,96303,135,1391,136
NO_SIGN_CORRECTION,seed_1_minus_1e-07,cc877f534a1e494d664e08a9780a12c0698446a7acfdd97561fb4babfc1212ad,6bc189280f32b86c0f3ad5195f2a37f12cbbd7a6bedf87032314ad803002e709,f9bbcef7bd00de9085b651b7b05d47b10bb7325de1838f0c731f79bd955c9cec,df9b244c590064fad6ec3b024858fcb1126b8f50146db84657c7bfc91dcdaad9,a9e0e4758f3a96330b9d6c2a4ff4101e1c5301f11b862ef9e755cfc292c4631d,8c872f97aa6f3398c7a3f67feb6fe2f23be84973b27dc1f67121c30adf4c31d6,8cef3afe99954b895908953bb1c58484a703644ed471ceb079aa54cb725e9fd4,cedb6555f133dd26a743a7a7f554870b0e894d121ff03376feb254aebffdb0c2,96303,135,1391,136
A_THRESHOLD,seed_1_minus_1e-07,cc877f534a1e494d664e08a9780a12c0698446a7acfdd97561fb4babfc1212ad,6bc189280f32b86c0f3ad5195f2a37f12cbbd7a6bedf87032314ad803002e709,5659c6d6986a1f958626827587457fa6496d2bad6c0211a3926a8fc18422d40d,e2c07417ad5816c83e81feaaf274d6a30db20a0c3afb419e3248fd81dd1c6229,a9e0e4758f3a96330b9d6c2a4ff4101e1c5301f11b862ef9e755cfc292c4631d,8c872f97aa6f3398c7a3f67feb6fe2f23be84973b27dc1f67121c30adf4c31d6,8cef3afe99954b895908953bb1c58484a703644ed471ceb079aa54cb725e9fd4,cedb6555f133dd26a743a7a7f554870b0e894d121ff03376feb254aebffdb0c2,96303,135,1391,136
B_CENTER_SIGN,seed_1_minus_1e-07,cc877f534a1e494d664e08a9780a12c0698446a7acfdd97561fb4babfc1212ad,6bc189280f32b86c0f3ad5195f2a37f12cbbd7a6bedf87032314ad803002e709,fd50a8c593ccf64ee900fffeb665625f68f58d99d32d33ab9b9c373ccd74aad8,a01bb76f3228eb4708e43677d6b9cf895cfbfa297873758c42390b2ad4e630c6,a9e0e4758f3a96330b9d6c2a4ff4101e1c5301f11b862ef9e755cfc292c4631d,8c872f97aa6f3398c7a3f67feb6fe2f23be84973b27dc1f67121c30adf4c31d6,8cef3afe99954b895908953bb1c58484a703644ed471ceb079aa54cb725e9fd4,cedb6555f133dd26a743a7a7f554870b0e894d121ff03376feb254aebffdb0c2,96303,135,1391,136
C_MOMENT_BLEND,seed_1_minus_1e-07,cc877f534a1e494d664e08a9780a12c0698446a7acfdd97561fb4babfc1212ad,6bc189280f32b86c0f3ad5195f2a37f12cbbd7a6bedf87032314ad803002e709,2ea532b3cc74be5b929f186db0477c7d0ef19017e9a3477ea025fa3756ee3aa5,df9b244c590064fad6ec3b024858fcb1126b8f50146db84657c7bfc91dcdaad9,a9e0e4758f3a96330b9d6c2a4ff4101e1c5301f11b862ef9e755cfc292c4631d,8c872f97aa6f3398c7a3f67feb6fe2f23be84973b27dc1f67121c30adf4c31d6,8cef3afe99954b895908953bb1c58484a703644ed471ceb079aa54cb725e9fd4,cedb6555f133dd26a743a7a7f554870b0e894d121ff03376feb254aebffdb0c2,96303,135,1391,136
UPSTREAM,seed_11_plus_1e-08,e884faf96a328a3deefa1880705f3aec2ff59a45fa2722ff5a139c5c5f7714a2,5ba52c01d2a300b3b7ac2404b6ded098e1434a6754a4d508bd87a2c93d57f13d,c6bee7c39e77ed1131cf5b7fb1bb1662285bbdd9538823a673243ac914459fa9,96ce70600a121af6e31f948f79e48b02650276edd7b90c6024d88e8600984306,a9e0e4758f3a96330b9d6c2a4ff4101e1c5301f11b862ef9e755cfc292c4631d,f10d8525d9e201e3bb660c1108ef5992a8b85e7fae554da89efa898f20deee92,1d6a5ab08bf70696b3393b06fa2f73b591375c3bd3aeb7d31991d3a07202aacb,cedb6555f133dd26a743a7a7f554870b0e894d121ff03376feb254aebffdb0c2,96311,67,33,68
NO_SIGN_CORRECTION,seed_11_plus_1e-08,e884faf96a328a3deefa1880705f3aec2ff59a45fa2722ff5a139c5c5f7714a2,5ba52c01d2a300b3b7ac2404b6ded098e1434a6754a4d508bd87a2c93d57f13d,973a028f176cbdda4dfa34760e82a77cc04b7ad0b14eb0bb848b250f30d01474,96ce70600a121af6e31f948f79e48b02650276edd7b90c6024d88e8600984306,a9e0e4758f3a96330b9d6c2a4ff4101e1c5301f11b862ef9e755cfc292c4631d,f10d8525d9e201e3bb660c1108ef5992a8b85e7fae554da89efa898f20deee92,1d6a5ab08bf70696b3393b06fa2f73b591375c3bd3aeb7d31991d3a07202aacb,cedb6555f133dd26a743a7a7f554870b0e894d121ff03376feb254aebffdb0c2,96311,67,33,68
A_THRESHOLD,seed_11_plus_1e-08,e884faf96a328a3deefa1880705f3aec2ff59a45fa2722ff5a139c5c5f7714a2,5ba52c01d2a300b3b7ac2404b6ded098e1434a6754a4d508bd87a2c93d57f13d,0b3c9c1eb8d2358f05a5b1b2a0c49f37f8f5d83ec13c2239ae1d76e572e94099,9d7221151877240281b892f53a97074ea2727f171795b941edaf0cf404f5f417,a9e0e4758f3a96330b9d6c2a4ff4101e1c5301f11b862ef9e755cfc292c4631d,f10d8525d9e201e3bb660c1108ef5992a8b85e7fae554da89efa898f20deee92,1d6a5ab08bf70696b3393b06fa2f73b591375c3bd3aeb7d31991d3a07202aacb,cedb6555f133dd26a743a7a7f554870b0e894d121ff03376feb254aebffdb0c2,96311,67,33,68
B_CENTER_SIGN,seed_11_plus_1e-08,e884faf96a328a3deefa1880705f3aec2ff59a45fa2722ff5a139c5c5f7714a2,5ba52c01d2a300b3b7ac2404b6ded098e1434a6754a4d508bd87a2c93d57f13d,2a188baeda4d7e7a7a939355507b4f091419a35f0a0f7f8271e5cd120d8db053,fc25d13f33cd403a8c2b95e2d62dd22df72f1d6659e7ac78b90ae5b57dc470d4,a9e0e4758f3a96330b9d6c2a4ff4101e1c5301f11b862ef9e755cfc292c4631d,f10d8525d9e201e3bb660c1108ef5992a8b85e7fae554da89efa898f20deee92,1d6a5ab08bf70696b3393b06fa2f73b591375c3bd3aeb7d31991d3a07202aacb,cedb6555f133dd26a743a7a7f554870b0e894d121ff03376feb254aebffdb0c2,96311,67,33,68
C_MOMENT_BLEND,seed_11_plus_1e-08,e884faf96a328a3deefa1880705f3aec2ff59a45fa2722ff5a139c5c5f7714a2,5ba52c01d2a300b3b7ac2404b6ded098e1434a6754a4d508bd87a2c93d57f13d,973a028f176cbdda4dfa34760e82a77cc04b7ad0b14eb0bb848b250f30d01474,96ce70600a121af6e31f948f79e48b02650276edd7b90c6024d88e8600984306,a9e0e4758f3a96330b9d6c2a4ff4101e1c5301f11b862ef9e755cfc292c4631d,f10d8525d9e201e3bb660c1108ef5992a8b85e7fae554da89efa898f20deee92,1d6a5ab08bf70696b3393b06fa2f73b591375c3bd3aeb7d31991d3a07202aacb,cedb6555f133dd26a743a7a7f554870b0e894d121ff03376feb254aebffdb0c2,96311,67,33,68
UPSTREAM,seed_11_minus_1e-08,c35396c1afe17915f94d2545546eb8ccf60c22b9783dd6e8f4f0c8d881bbd514,556b3cf68b6024677c575831ebde088011c03557f6899cc390f41b1981b5a32b,b5fa44981ef7658a8b8a7e3589267d47b65856fcce80fb4acbe0ae55c2c39566,f646001d28435277e617f4aeed87ab79ecbe1057e2f7eb25f3179cf4f980d397,a9e0e4758f3a96330b9d6c2a4ff4101e1c5301f11b862ef9e755cfc292c4631d,b7f35fb5804b07144c0fa669b5b4f687ad5421230d487604b77a57282f11ac35,d7289aa03d03e4f111b22fa096c09b3fecc20869de7137cb89b73b180fcecece,cedb6555f133dd26a743a7a7f554870b0e894d121ff03376feb254aebffdb0c2,96327,54,21,53
NO_SIGN_CORRECTION,seed_11_minus_1e-08,c35396c1afe17915f94d2545546eb8ccf60c22b9783dd6e8f4f0c8d881bbd514,556b3cf68b6024677c575831ebde088011c03557f6899cc390f41b1981b5a32b,99fe5768498a225d89c5a6ad453073cc15c96a59bd5b4dd6046cf7ea220969eb,f646001d28435277e617f4aeed87ab79ecbe1057e2f7eb25f3179cf4f980d397,a9e0e4758f3a96330b9d6c2a4ff4101e1c5301f11b862ef9e755cfc292c4631d,b7f35fb5804b07144c0fa669b5b4f687ad5421230d487604b77a57282f11ac35,d7289aa03d03e4f111b22fa096c09b3fecc20869de7137cb89b73b180fcecece,cedb6555f133dd26a743a7a7f554870b0e894d121ff03376feb254aebffdb0c2,96327,54,21,53
A_THRESHOLD,seed_11_minus_1e-08,c35396c1afe17915f94d2545546eb8ccf60c22b9783dd6e8f4f0c8d881bbd514,556b3cf68b6024677c575831ebde088011c03557f6899cc390f41b1981b5a32b,e4ad3656fa95db6e1b34894140ed1f170f1f417b04e743a9a6d222c85f371c14,8e673dc6d2c36da336ae37a377609442d68c5f6b207d216f457dbd571f6b0dd9,a9e0e4758f3a96330b9d6c2a4ff4101e1c5301f11b862ef9e755cfc292c4631d,b7f35fb5804b07144c0fa669b5b4f687ad5421230d487604b77a57282f11ac35,d7289aa03d03e4f111b22fa096c09b3fecc20869de7137cb89b73b180fcecece,cedb6555f133dd26a743a7a7f554870b0e894d121ff03376feb254aebffdb0c2,96327,54,21,53
B_CENTER_SIGN,seed_11_minus_1e-08,c35396c1afe17915f94d2545546eb8ccf60c22b9783dd6e8f4f0c8d881bbd514,556b3cf68b6024677c575831ebde088011c03557f6899cc390f41b1981b5a32b,3e350cf5f099b2963068290fc0d031b2d5b200209f076ceb03cfac421309323c,49082a6888050bf7fd05ef3a4e6393c3e694a14833eaaa979a77cc638c3ab3b3,a9e0e4758f3a96330b9d6c2a4ff4101e1c5301f11b862ef9e755cfc292c4631d,b7f35fb5804b07144c0fa669b5b4f687ad5421230d487604b77a57282f11ac35,d7289aa03d03e4f111b22fa096c09b3fecc20869de7137cb89b73b180fcecece,cedb6555f133dd26a743a7a7f554870b0e894d121ff03376feb254aebffdb0c2,96327,54,21,53
C_MOMENT_BLEND,seed_11_minus_1e-08,c35396c1afe17915f94d2545546eb8ccf60c22b9783dd6e8f4f0c8d881bbd514,556b3cf68b6024677c575831ebde088011c03557f6899cc390f41b1981b5a32b,99fe5768498a225d89c5a6ad453073cc15c96a59bd5b4dd6046cf7ea220969eb,f646001d28435277e617f4aeed87ab79ecbe1057e2f7eb25f3179cf4f980d397,a9e0e4758f3a96330b9d6c2a4ff4101e1c5301f11b862ef9e755cfc292c4631d,b7f35fb5804b07144c0fa669b5b4f687ad5421230d487604b77a57282f11ac35,d7289aa03d03e4f111b22fa096c09b3fecc20869de7137cb89b73b180fcecece,cedb6555f133dd26a743a7a7f554870b0e894d121ff03376feb254aebffdb0c2,96327,54,21,53
UPSTREAM,seed_11_plus_1e-07,16a13eaf34159c086c5fb4ce6fe0f36a8462915b47ee8183cfbe7cc36f4d767f,e47e61b47554ed3b576406c07377582023de45e5e4bbb70f5e2cb955c6593fdb,b8ee396613516d405bb2447e8a2d7b9f247e4eef51d85e7c3c4363a04661db40,c95347d406b839812a3a44d19b32bf73a1ea12bb8b8735b18977f3633a041897,a9e0e4758f3a96330b9d6c2a4ff4101e1c5301f11b862ef9e755cfc292c4631d,43c30d49937b86c748651f624687b7e974a18d83dbf3f325f0d6590cbc1d1f35,c548e33018efd0c986d95cd0c744e0bb2b3bd6fdf3eff02af4f2418a2d9a9803,cedb6555f133dd26a743a7a7f554870b0e894d121ff03376feb254aebffdb0c2,96282,128,1412,129
NO_SIGN_CORRECTION,seed_11_plus_1e-07,16a13eaf34159c086c5fb4ce6fe0f36a8462915b47ee8183cfbe7cc36f4d767f,e47e61b47554ed3b576406c07377582023de45e5e4bbb70f5e2cb955c6593fdb,9a0ceebaad9a1d8c63c5a61fc15520b9a7f7c24d8b2b7bf367c464a8c3eda2cf,c95347d406b839812a3a44d19b32bf73a1ea12bb8b8735b18977f3633a041897,a9e0e4758f3a96330b9d6c2a4ff4101e1c5301f11b862ef9e755cfc292c4631d,43c30d49937b86c748651f624687b7e974a18d83dbf3f325f0d6590cbc1d1f35,c548e33018efd0c986d95cd0c744e0bb2b3bd6fdf3eff02af4f2418a2d9a9803,cedb6555f133dd26a743a7a7f554870b0e894d121ff03376feb254aebffdb0c2,96282,128,1412,129
A_THRESHOLD,seed_11_plus_1e-07,16a13eaf34159c086c5fb4ce6fe0f36a8462915b47ee8183cfbe7cc36f4d767f,e47e61b47554ed3b576406c07377582023de45e5e4bbb70f5e2cb955c6593fdb,a94fb532e9010c59bd31e919c97322a5b222cd83ba9e01feb39fb3b4fdff1cec,059940f72b46c31cdb8e54cc76925f618a6f56cd5d7c1dcb8159a3ca2fea6ffd,a9e0e4758f3a96330b9d6c2a4ff4101e1c5301f11b862ef9e755cfc292c4631d,43c30d49937b86c748651f624687b7e974a18d83dbf3f325f0d6590cbc1d1f35,c548e33018efd0c986d95cd0c744e0bb2b3bd6fdf3eff02af4f2418a2d9a9803,cedb6555f133dd26a743a7a7f554870b0e894d121ff03376feb254aebffdb0c2,96282,128,1412,129
B_CENTER_SIGN,seed_11_plus_1e-07,16a13eaf34159c086c5fb4ce6fe0f36a8462915b47ee8183cfbe7cc36f4d767f,e47e61b47554ed3b576406c07377582023de45e5e4bbb70f5e2cb955c6593fdb,e11b33387e1543c05fff61f6e0a4bafb47e462d040cbd585a78469aa518bc399,d3559c06355976f06406651da70330af6faaa2e5d3c28ad8c2f4b3b2e3978128,a9e0e4758f3a96330b9d6c2a4ff4101e1c5301f11b862ef9e755cfc292c4631d,43c30d49937b86c748651f624687b7e974a18d83dbf3f325f0d6590cbc1d1f35,c548e33018efd0c986d95cd0c744e0bb2b3bd6fdf3eff02af4f2418a2d9a9803,cedb6555f133dd26a743a7a7f554870b0e894d121ff03376feb254aebffdb0c2,96282,128,1412,129
C_MOMENT_BLEND,seed_11_plus_1e-07,16a13eaf34159c086c5fb4ce6fe0f36a8462915b47ee8183cfbe7cc36f4d767f,e47e61b47554ed3b576406c07377582023de45e5e4bbb70f5e2cb955c6593fdb,80b086d43d43e7d7dcc5eeda258b3269e81e199f5689908a0bb2b34a7b45d8c9,c95347d406b839812a3a44d19b32bf73a1ea12bb8b8735b18977f3633a041897,a9e0e4758f3a96330b9d6c2a4ff4101e1c5301f11b862ef9e755cfc292c4631d,43c30d49937b86c748651f624687b7e974a18d83dbf3f325f0d6590cbc1d1f35,c548e33018efd0c986d95cd0c744e0bb2b3bd6fdf3eff02af4f2418a2d9a9803,cedb6555f133dd26a743a7a7f554870b0e894d121ff03376feb254aebffdb0c2,96282,128,1412,129
UPSTREAM,seed_11_minus_1e-07,b3bfa415f10bfc36135d816556d66ba1941ec6de9230d712ac467eb48b0642e1,6ef7bc742a1387bdca61d616c24d17d0a2fd90fc359a006f200b1c12e36cb9e8,ee5243854b4f272df410f4a803bd7ad97074f1788566296bdd67fd765a3b35c3,901848aa2691fd38c5df6c632d27d389fdb02f97882682d47a36b0dfa797d8da,a9e0e4758f3a96330b9d6c2a4ff4101e1c5301f11b862ef9e755cfc292c4631d,b5223fbb4851ddb9255c4c3e597a2d30181359d6e2568f2ae44bf64cc7871817,4a2a4a0a940e714fde5f5bdec4ef2ea92862aac4d9fb6c7984f78ff6809aff8e,cedb6555f133dd26a743a7a7f554870b0e894d121ff03376feb254aebffdb0c2,96414,103,1336,102
NO_SIGN_CORRECTION,seed_11_minus_1e-07,b3bfa415f10bfc36135d816556d66ba1941ec6de9230d712ac467eb48b0642e1,6ef7bc742a1387bdca61d616c24d17d0a2fd90fc359a006f200b1c12e36cb9e8,867cee2e734bb8352897224fa996ec0f46b1cbfa20fd514ee137c0cffd33535d,901848aa2691fd38c5df6c632d27d389fdb02f97882682d47a36b0dfa797d8da,a9e0e4758f3a96330b9d6c2a4ff4101e1c5301f11b862ef9e755cfc292c4631d,b5223fbb4851ddb9255c4c3e597a2d30181359d6e2568f2ae44bf64cc7871817,4a2a4a0a940e714fde5f5bdec4ef2ea92862aac4d9fb6c7984f78ff6809aff8e,cedb6555f133dd26a743a7a7f554870b0e894d121ff03376feb254aebffdb0c2,96414,103,1336,102
A_THRESHOLD,seed_11_minus_1e-07,b3bfa415f10bfc36135d816556d66ba1941ec6de9230d712ac467eb48b0642e1,6ef7bc742a1387bdca61d616c24d17d0a2fd90fc359a006f200b1c12e36cb9e8,4f60668dd10dc484241d2eb5080dfed9ec9754fbaeabf00cf704eb15ad54c0e6,2584d06001d13da6b211b40eafde73fea8a90950386f2fe7ebf2e7356e04dbae,a9e0e4758f3a96330b9d6c2a4ff4101e1c5301f11b862ef9e755cfc292c4631d,b5223fbb4851ddb9255c4c3e597a2d30181359d6e2568f2ae44bf64cc7871817,4a2a4a0a940e714fde5f5bdec4ef2ea92862aac4d9fb6c7984f78ff6809aff8e,cedb6555f133dd26a743a7a7f554870b0e894d121ff03376feb254aebffdb0c2,96414,103,1336,102
B_CENTER_SIGN,seed_11_minus_1e-07,b3bfa415f10bfc36135d816556d66ba1941ec6de9230d712ac467eb48b0642e1,6ef7bc742a1387bdca61d616c24d17d0a2fd90fc359a006f200b1c12e36cb9e8,b83fd6544dadb35bf3795a27e88fddbd5a95aee42b165c5948a947a0a8ac15e9,eaaa2596525dd3495c9b7978080882b1c0814b51d8b359a486158f4a2ee3fc6d,a9e0e4758f3a96330b9d6c2a4ff4101e1c5301f11b862ef9e755cfc292c4631d,b5223fbb4851ddb9255c4c3e597a2d30181359d6e2568f2ae44bf64cc7871817,4a2a4a0a940e714fde5f5bdec4ef2ea92862aac4d9fb6c7984f78ff6809aff8e,cedb6555f133dd26a743a7a7f554870b0e894d121ff03376feb254aebffdb0c2,96414,103,1336,102
C_MOMENT_BLEND,seed_11_minus_1e-07,b3bfa415f10bfc36135d816556d66ba1941ec6de9230d712ac467eb48b0642e1,6ef7bc742a1387bdca61d616c24d17d0a2fd90fc359a006f200b1c12e36cb9e8,ba6de86b76f8314b51f9b309ead22959c53609f3d1b83d9e066573a53b59430f,901848aa2691fd38c5df6c632d27d389fdb02f97882682d47a36b0dfa797d8da,a9e0e4758f3a96330b9d6c2a4ff4101e1c5301f11b862ef9e755cfc292c4631d,b5223fbb4851ddb9255c4c3e597a2d30181359d6e2568f2ae44bf64cc7871817,4a2a4a0a940e714fde5f5bdec4ef2ea92862aac4d9fb6c7984f78ff6809aff8e,cedb6555f133dd26a743a7a7f554870b0e894d121ff03376feb254aebffdb0c2,96414,103,1336,102
UPSTREAM,seed_2026_plus_1e-08,dc0175c7174358be38a4135159bff7a94546b617e03e342c47e1c60c83ddd965,a590a31ca4302138069c1f858244b2efc45bee3b9756be9373bda3bc17540f4e,d852ca72398f4e0af3c45a697423f04f4c2becf6a5c60e6df39b5ce8427c16d1,341d4bf334f42c5cbb4db1ba244ba536aa97f2b6f70af83b68d12a4be50b462e,a9e0e4758f3a96330b9d6c2a4ff4101e1c5301f11b862ef9e755cfc292c4631d,1ffa92ff5841e61be31da929a84eed76eca2926f785c10ddd2eafdecb771ceae,832ae9ff09ad9b674ef2cbd758a6930df0ee8b7e513233387ae10fd43f35b941,cedb6555f133dd26a743a7a7f554870b0e894d121ff03376feb254aebffdb0c2,96328,52,38,51
NO_SIGN_CORRECTION,seed_2026_plus_1e-08,dc0175c7174358be38a4135159bff7a94546b617e03e342c47e1c60c83ddd965,a590a31ca4302138069c1f858244b2efc45bee3b9756be9373bda3bc17540f4e,f772c85cfbac8928c244fadd08fd08097438e828a3acdfda8aba37a26e0a2ed0,341d4bf334f42c5cbb4db1ba244ba536aa97f2b6f70af83b68d12a4be50b462e,a9e0e4758f3a96330b9d6c2a4ff4101e1c5301f11b862ef9e755cfc292c4631d,1ffa92ff5841e61be31da929a84eed76eca2926f785c10ddd2eafdecb771ceae,832ae9ff09ad9b674ef2cbd758a6930df0ee8b7e513233387ae10fd43f35b941,cedb6555f133dd26a743a7a7f554870b0e894d121ff03376feb254aebffdb0c2,96328,52,38,51
A_THRESHOLD,seed_2026_plus_1e-08,dc0175c7174358be38a4135159bff7a94546b617e03e342c47e1c60c83ddd965,a590a31ca4302138069c1f858244b2efc45bee3b9756be9373bda3bc17540f4e,87975440c809666f194b8042af0c3ea3bf9656422662eb8856994368a6cc0c39,886d07bed3ba3ac2a0be0ce7c5d4f663227f244dae184f1c173718c7ae0e2929,a9e0e4758f3a96330b9d6c2a4ff4101e1c5301f11b862ef9e755cfc292c4631d,1ffa92ff5841e61be31da929a84eed76eca2926f785c10ddd2eafdecb771ceae,832ae9ff09ad9b674ef2cbd758a6930df0ee8b7e513233387ae10fd43f35b941,cedb6555f133dd26a743a7a7f554870b0e894d121ff03376feb254aebffdb0c2,96328,52,38,51
B_CENTER_SIGN,seed_2026_plus_1e-08,dc0175c7174358be38a4135159bff7a94546b617e03e342c47e1c60c83ddd965,a590a31ca4302138069c1f858244b2efc45bee3b9756be9373bda3bc17540f4e,0b4b00d7e98919e024b0882e1f248474f60c60227542ee4780243e63d4dd360b,f8a365dfad0b0ff0e40a5f33b476c4040da47cdae4005b15a655e0afb3615983,a9e0e4758f3a96330b9d6c2a4ff4101e1c5301f11b862ef9e755cfc292c4631d,1ffa92ff5841e61be31da929a84eed76eca2926f785c10ddd2eafdecb771ceae,832ae9ff09ad9b674ef2cbd758a6930df0ee8b7e513233387ae10fd43f35b941,cedb6555f133dd26a743a7a7f554870b0e894d121ff03376feb254aebffdb0c2,96328,52,38,51
C_MOMENT_BLEND,seed_2026_plus_1e-08,dc0175c7174358be38a4135159bff7a94546b617e03e342c47e1c60c83ddd965,a590a31ca4302138069c1f858244b2efc45bee3b9756be9373bda3bc17540f4e,f772c85cfbac8928c244fadd08fd08097438e828a3acdfda8aba37a26e0a2ed0,341d4bf334f42c5cbb4db1ba244ba536aa97f2b6f70af83b68d12a4be50b462e,a9e0e4758f3a96330b9d6c2a4ff4101e1c5301f11b862ef9e755cfc292c4631d,1ffa92ff5841e61be31da929a84eed76eca2926f785c10ddd2eafdecb771ceae,832ae9ff09ad9b674ef2cbd758a6930df0ee8b7e513233387ae10fd43f35b941,cedb6555f133dd26a743a7a7f554870b0e894d121ff03376feb254aebffdb0c2,96328,52,38,51
UPSTREAM,seed_2026_minus_1e-08,b29d4a64eda21db4ca085fb52fc0252610e1e09ffdd08723f2621c91b0ded1de,603cf2d024e64101fa68ec0bc9b5dd7b56e0b8c80110e6fb92a2048932434b65,6b5463dd68dee22c0eeccc04a1d33821ea09cca4197f45f33ae7b6be02b0afda,25455911557618a3201abaa47e9f844f03049d6520edda479c80594cc0e0f409,a9e0e4758f3a96330b9d6c2a4ff4101e1c5301f11b862ef9e755cfc292c4631d,042fd0d893411c9e1601a6bae34fc74b981047544e186762847a7158239bf220,a3c81073e688fb9d6f281535835da632b3e7980df80381a471c9796bd21a0a07,cedb6555f133dd26a743a7a7f554870b0e894d121ff03376feb254aebffdb0c2,96328,69,36,70
NO_SIGN_CORRECTION,seed_2026_minus_1e-08,b29d4a64eda21db4ca085fb52fc0252610e1e09ffdd08723f2621c91b0ded1de,603cf2d024e64101fa68ec0bc9b5dd7b56e0b8c80110e6fb92a2048932434b65,c6f889433fea32cf77d3e6208f920dc94bb2b4eeb459ddcc55350bc94b675511,25455911557618a3201abaa47e9f844f03049d6520edda479c80594cc0e0f409,a9e0e4758f3a96330b9d6c2a4ff4101e1c5301f11b862ef9e755cfc292c4631d,042fd0d893411c9e1601a6bae34fc74b981047544e186762847a7158239bf220,a3c81073e688fb9d6f281535835da632b3e7980df80381a471c9796bd21a0a07,cedb6555f133dd26a743a7a7f554870b0e894d121ff03376feb254aebffdb0c2,96328,69,36,70
A_THRESHOLD,seed_2026_minus_1e-08,b29d4a64eda21db4ca085fb52fc0252610e1e09ffdd08723f2621c91b0ded1de,603cf2d024e64101fa68ec0bc9b5dd7b56e0b8c80110e6fb92a2048932434b65,c0c0d25438bff4a2ebd3f6318550bef822acd956f3e32a129fa1beb0b5b72bf6,e60d231dabd5436e4daf12fb4d5a1289dd1ca167766d1ae5a4d1895583b45ae8,a9e0e4758f3a96330b9d6c2a4ff4101e1c5301f11b862ef9e755cfc292c4631d,042fd0d893411c9e1601a6bae34fc74b981047544e186762847a7158239bf220,a3c81073e688fb9d6f281535835da632b3e7980df80381a471c9796bd21a0a07,cedb6555f133dd26a743a7a7f554870b0e894d121ff03376feb254aebffdb0c2,96328,69,36,70
B_CENTER_SIGN,seed_2026_minus_1e-08,b29d4a64eda21db4ca085fb52fc0252610e1e09ffdd08723f2621c91b0ded1de,603cf2d024e64101fa68ec0bc9b5dd7b56e0b8c80110e6fb92a2048932434b65,f5fb7eb1ba69c90d09fa18e6aff9c476203f37c2cebe7b8622a68ffdd7461810,34ca420c15d1dfc66fe91b16e6708e29be3271ddd0cb7c32af7bff5cb010c2b0,a9e0e4758f3a96330b9d6c2a4ff4101e1c5301f11b862ef9e755cfc292c4631d,042fd0d893411c9e1601a6bae34fc74b981047544e186762847a7158239bf220,a3c81073e688fb9d6f281535835da632b3e7980df80381a471c9796bd21a0a07,cedb6555f133dd26a743a7a7f554870b0e894d121ff03376feb254aebffdb0c2,96328,69,36,70
C_MOMENT_BLEND,seed_2026_minus_1e-08,b29d4a64eda21db4ca085fb52fc0252610e1e09ffdd08723f2621c91b0ded1de,603cf2d024e64101fa68ec0bc9b5dd7b56e0b8c80110e6fb92a2048932434b65,c6f889433fea32cf77d3e6208f920dc94bb2b4eeb459ddcc55350bc94b675511,25455911557618a3201abaa47e9f844f03049d6520edda479c80594cc0e0f409,a9e0e4758f3a96330b9d6c2a4ff4101e1c5301f11b862ef9e755cfc292c4631d,042fd0d893411c9e1601a6bae34fc74b981047544e186762847a7158239bf220,a3c81073e688fb9d6f281535835da632b3e7980df80381a471c9796bd21a0a07,cedb6555f133dd26a743a7a7f554870b0e894d121ff03376feb254aebffdb0c2,96328,69,36,70
UPSTREAM,seed_2026_plus_1e-07,b1a4e33d7458e0e017ca0fd697d20e8a1d3c4f6d84688432beb5b3d6cbda6086,796e3a33e1daed054bbe624b69721c5bce622b326101badce0b594c8e6d53da7,8ed7b9550d5ad142664f2e00ddaf88d9859a6e94d623be562420387150f60352,ce1b263bd004e35e3818623fde21af6b0f3799363d88ed4558b9f7deeb85d575,a9e0e4758f3a96330b9d6c2a4ff4101e1c5301f11b862ef9e755cfc292c4631d,9c880d77a44b8df0211135034c9ae01a0a03c952dc43c97866d6852ac7715aa7,206c693469c9ec668b372171c8f0ebd669467177572dff53f6d9f5be8af11514,cedb6555f133dd26a743a7a7f554870b0e894d121ff03376feb254aebffdb0c2,96387,101,1357,100
NO_SIGN_CORRECTION,seed_2026_plus_1e-07,b1a4e33d7458e0e017ca0fd697d20e8a1d3c4f6d84688432beb5b3d6cbda6086,796e3a33e1daed054bbe624b69721c5bce622b326101badce0b594c8e6d53da7,f7626ca85f39c6f299f3a08faf55b2ae0ed259045a65684ebe6536bd9530f12d,ce1b263bd004e35e3818623fde21af6b0f3799363d88ed4558b9f7deeb85d575,a9e0e4758f3a96330b9d6c2a4ff4101e1c5301f11b862ef9e755cfc292c4631d,9c880d77a44b8df0211135034c9ae01a0a03c952dc43c97866d6852ac7715aa7,206c693469c9ec668b372171c8f0ebd669467177572dff53f6d9f5be8af11514,cedb6555f133dd26a743a7a7f554870b0e894d121ff03376feb254aebffdb0c2,96387,101,1357,100
A_THRESHOLD,seed_2026_plus_1e-07,b1a4e33d7458e0e017ca0fd697d20e8a1d3c4f6d84688432beb5b3d6cbda6086,796e3a33e1daed054bbe624b69721c5bce622b326101badce0b594c8e6d53da7,3872e63fb2759c7ef8e3233e168b5522d7a97531dd2facea5c4805d9bdbe6b86,816c6b262ae8166904ae4432e2435fd15560721850c9af999b33f2934b42240f,a9e0e4758f3a96330b9d6c2a4ff4101e1c5301f11b862ef9e755cfc292c4631d,9c880d77a44b8df0211135034c9ae01a0a03c952dc43c97866d6852ac7715aa7,206c693469c9ec668b372171c8f0ebd669467177572dff53f6d9f5be8af11514,cedb6555f133dd26a743a7a7f554870b0e894d121ff03376feb254aebffdb0c2,96387,101,1357,100
B_CENTER_SIGN,seed_2026_plus_1e-07,b1a4e33d7458e0e017ca0fd697d20e8a1d3c4f6d84688432beb5b3d6cbda6086,796e3a33e1daed054bbe624b69721c5bce622b326101badce0b594c8e6d53da7,76503a6badbef9641af89fff2852b1af81671bdffb2f2c679c297f560a0ddef6,f103520414c019fa9ea1528227fd5f66c5a4f08989c64f4e912fa99066275577,a9e0e4758f3a96330b9d6c2a4ff4101e1c5301f11b862ef9e755cfc292c4631d,9c880d77a44b8df0211135034c9ae01a0a03c952dc43c97866d6852ac7715aa7,206c693469c9ec668b372171c8f0ebd669467177572dff53f6d9f5be8af11514,cedb6555f133dd26a743a7a7f554870b0e894d121ff03376feb254aebffdb0c2,96387,101,1357,100
C_MOMENT_BLEND,seed_2026_plus_1e-07,b1a4e33d7458e0e017ca0fd697d20e8a1d3c4f6d84688432beb5b3d6cbda6086,796e3a33e1daed054bbe624b69721c5bce622b326101badce0b594c8e6d53da7,c76bcbded65a849545153fd35640d39d535e39a68f0256c275f700a56fff3048,ce1b263bd004e35e3818623fde21af6b0f3799363d88ed4558b9f7deeb85d575,a9e0e4758f3a96330b9d6c2a4ff4101e1c5301f11b862ef9e755cfc292c4631d,9c880d77a44b8df0211135034c9ae01a0a03c952dc43c97866d6852ac7715aa7,206c693469c9ec668b372171c8f0ebd669467177572dff53f6d9f5be8af11514,cedb6555f133dd26a743a7a7f554870b0e894d121ff03376feb254aebffdb0c2,96387,101,1357,100
UPSTREAM,seed_2026_minus_1e-07,0b5eae4f6ad50dbd7934b863075b0955dd80b69617634f5e56d51141fadff61c,4ad29153be01be099b3d20546b30341e7de6f4613c7eaeafe115ce86f97aaa27,49129f6906eaa9f4128bf04d3d71aaafe60111f8917753d1439960bbae6a086f,8c547d4f36ee352280b23fa8def5bc42136752e6f0d71f9cd92722801bfbc951,a9e0e4758f3a96330b9d6c2a4ff4101e1c5301f11b862ef9e755cfc292c4631d,ebcf74feefc506699d80ee380b1b367c720d81d3fd6675e98442bba9fd1469e7,f674ab3704ed89c117665df62de56967d5382a5f1fc020ba289f37a998f3f799,cedb6555f133dd26a743a7a7f554870b0e894d121ff03376feb254aebffdb0c2,96417,120,1439,121
NO_SIGN_CORRECTION,seed_2026_minus_1e-07,0b5eae4f6ad50dbd7934b863075b0955dd80b69617634f5e56d51141fadff61c,4ad29153be01be099b3d20546b30341e7de6f4613c7eaeafe115ce86f97aaa27,d68510ef0dcc30e4c01cd4533cc2e28b22095c5cb927f452bffa429b51e4fe3d,8c547d4f36ee352280b23fa8def5bc42136752e6f0d71f9cd92722801bfbc951,a9e0e4758f3a96330b9d6c2a4ff4101e1c5301f11b862ef9e755cfc292c4631d,ebcf74feefc506699d80ee380b1b367c720d81d3fd6675e98442bba9fd1469e7,f674ab3704ed89c117665df62de56967d5382a5f1fc020ba289f37a998f3f799,cedb6555f133dd26a743a7a7f554870b0e894d121ff03376feb254aebffdb0c2,96417,120,1439,121
A_THRESHOLD,seed_2026_minus_1e-07,0b5eae4f6ad50dbd7934b863075b0955dd80b69617634f5e56d51141fadff61c,4ad29153be01be099b3d20546b30341e7de6f4613c7eaeafe115ce86f97aaa27,f1c2b222e7113765b186c9db3e39fcc51e99b97b1b5b52b2601d1d961adfca1d,cbdc651293ebc969574c86927e3848df2e9f04547828d4c1f061db99f2e8579f,a9e0e4758f3a96330b9d6c2a4ff4101e1c5301f11b862ef9e755cfc292c4631d,ebcf74feefc506699d80ee380b1b367c720d81d3fd6675e98442bba9fd1469e7,f674ab3704ed89c117665df62de56967d5382a5f1fc020ba289f37a998f3f799,cedb6555f133dd26a743a7a7f554870b0e894d121ff03376feb254aebffdb0c2,96417,120,1439,121
B_CENTER_SIGN,seed_2026_minus_1e-07,0b5eae4f6ad50dbd7934b863075b0955dd80b69617634f5e56d51141fadff61c,4ad29153be01be099b3d20546b30341e7de6f4613c7eaeafe115ce86f97aaa27,128eb16b0e03f2d374ae9fd70a379f930bc2fdcffb794927a93cb883c3fefa97,16984d6ea271f5e8dd05b701f29342854d866303bcd9f52cb82ea5dc2001d73f,a9e0e4758f3a96330b9d6c2a4ff4101e1c5301f11b862ef9e755cfc292c4631d,ebcf74feefc506699d80ee380b1b367c720d81d3fd6675e98442bba9fd1469e7,f674ab3704ed89c117665df62de56967d5382a5f1fc020ba289f37a998f3f799,cedb6555f133dd26a743a7a7f554870b0e894d121ff03376feb254aebffdb0c2,96417,120,1439,121
C_MOMENT_BLEND,seed_2026_minus_1e-07,0b5eae4f6ad50dbd7934b863075b0955dd80b69617634f5e56d51141fadff61c,4ad29153be01be099b3d20546b30341e7de6f4613c7eaeafe115ce86f97aaa27,a09ffeb1b1a741162e031970b8547a54cb15402c07e221ecf4eff39074616500,8c547d4f36ee352280b23fa8def5bc42136752e6f0d71f9cd92722801bfbc951,a9e0e4758f3a96330b9d6c2a4ff4101e1c5301f11b862ef9e755cfc292c4631d,ebcf74feefc506699d80ee380b1b367c720d81d3fd6675e98442bba9fd1469e7,f674ab3704ed89c117665df62de56967d5382a5f1fc020ba289f37a998f3f799,cedb6555f133dd26a743a7a7f554870b0e894d121ff03376feb254aebffdb0c2,96417,120,1439,121
