mode,case_id,branch_face_count,sign_disagree_face_count,mu0_max_abs_vs_mode_baseline,mu0_l2_vs_mode_baseline,mu0_count_gt_1e-3_vs_mode_baseline,mu1_max_abs_vs_mode_baseline,mu1_l2_vs_mode_baseline,mu1_count_gt_1e-3_vs_mode_baseline,mu0_max_abs_vs_upstream_same_case,mu0_l2_vs_upstream_same_case,mu0_count_gt_1e-3_vs_upstream_same_case,mu1_max_abs_vs_upstream_same_case,mu1_l2_vs_upstream_same_case,mu1_count_gt_1e-3_vs_upstream_same_case,mu0_support_changes_vs_mode_baseline,mu1_support_changes_vs_mode_baseline,mu0_support_changes_vs_upstream_same_case,mu1_support_changes_vs_upstream_same_case,nonfinite_count,threshold_faces_changed_vs_baseline,disagreement_faces_changed_vs_baseline
UPSTREAM,baseline,96324,1,0.0,0.0,0,0.0,0.0,0,0.0,0.0,0,0.0,0.0,0,0,0,0,0,0,0,0
NO_SIGN_CORRECTION,baseline,96324,1,0.0,0.0,0,0.0,0.0,0,0.8183106184005737,0.8183106184049725,1,0.0,0.0,0,0,0,95,0,0,0,0
A_THRESHOLD,baseline,96324,1,0.0,0.0,0,0.0,0.0,0,0.40446794033050537,12.379160072232258,987,0.09140606597065926,2.867365611272028,990,0,0,0,0,0,0,0
B_CENTER_SIGN,baseline,96324,1,0.0,0.0,0,0.0,0.0,0,0.6444792747497559,6.4103516821472075,1421,0.06337381526827812,2.332528711231856,1677,0,0,0,0,0,0,0
C_MOMENT_BLEND,baseline,96324,1,0.0,0.0,0,0.0,0.0,0,0.8183106184005737,0.8183106184049725,1,0.0,0.0,0,0,0,95,0,0,0,0
UPSTREAM,seed_1_plus_1e-08,96328,57,0.8183112740516663,6.12368006990588,56,1.005534016940146e-6,1.0708913972657204e-5,0,0.0,0.0,0,0.0,0.0,0,0,16640,0,0,0,32,56
NO_SIGN_CORRECTION,seed_1_plus_1e-08,96328,57,9.5367431640625e-7,1.671954502617421e-5,0,1.005534016940146e-6,1.0708913972657204e-5,0,0.818311333656311,6.178113423749908,57,0.0,0.0,0,334,16640,295,0,0,32,56
A_THRESHOLD,seed_1_plus_1e-08,96328,57,0.4185294210910797,3.3806480245691617,349,0.09141352772712708,0.7477088325802996,68,0.4066157191991806,12.727331052861047,1042,0.09141355380415916,2.9462613227992156,1044,0,16640,0,0,0,32,56
B_CENTER_SIGN,seed_1_plus_1e-08,96328,57,0.002655625343322754,0.021085771508036085,95,0.0006729289889335632,0.005352127120282635,0,0.6439948081970215,7.905765968847226,1421,0.06382138654589653,2.33243300730738,1677,0,16640,0,0,0,32,56
C_MOMENT_BLEND,seed_1_plus_1e-08,96328,57,9.5367431640625e-7,1.671954502617421e-5,0,1.005534016940146e-6,1.0708913972657204e-5,0,0.818311333656311,6.178113423749908,57,0.0,0.0,0,334,16640,295,0,0,32,56
UPSTREAM,seed_1_minus_1e-08,96329,56,0.8183113634586334,6.178113786933559,57,1.005533874831599e-6,1.0704373268617504e-5,0,0.0,0.0,0,0.0,0.0,0,0,16673,0,0,0,31,57
NO_SIGN_CORRECTION,seed_1_minus_1e-08,96329,56,9.5367431640625e-7,1.6729558533170562e-5,0,1.005533874831599e-6,1.0704373268617504e-5,0,0.8183115422725677,6.123679727388765,56,0.0,0.0,0,365,16673,324,0,0,31,57
A_THRESHOLD,seed_1_minus_1e-08,96329,56,0.4197008013725281,3.4091241393237146,342,0.09140614420175552,0.753463464992363,70,0.4032954275608063,12.689644710267746,1035,0.09139948710799217,2.936446845488296,1036,0,16673,0,0,0,31,57
B_CENTER_SIGN,seed_1_minus_1e-08,96329,56,0.002769291400909424,0.02105498025088954,98,0.0006928965449333191,0.005340099636161901,0,0.6436706483364105,7.882731531263662,1421,0.06374216452240944,2.332695697853359,1677,0,16673,0,0,0,31,57
C_MOMENT_BLEND,seed_1_minus_1e-08,96329,56,9.5367431640625e-7,1.6729558533170562e-5,0,1.005533874831599e-6,1.0704373268617504e-5,0,0.8183115422725677,6.123679727388765,56,0.0,0.0,0,365,16673,324,0,0,31,57
UPSTREAM,seed_1_plus_1e-07,96392,111,0.81831294298172,8.660183649766095,112,1.0055339373593597e-5,0.00010672154800885217,0,0.0,0.0,0,0.0,0.0,0,0,18108,0,0,0,1334,112
NO_SIGN_CORRECTION,seed_1_plus_1e-07,96392,111,9.298324584960938e-6,0.00016294458882714778,0,1.0055339373593597e-5,0.00010672154800885217,0,0.8183146715164185,8.621441682656718,111,0.0,0.0,0,428,18108,381,0,0,1334,112
A_THRESHOLD,seed_1_plus_1e-07,96392,111,0.44036272168159485,6.90675533428181,1044,0.09141718596220016,1.576008307311346,334,0.4091549515724182,12.088375900105058,951,0.0914168693125248,2.812467100023773,985,0,18108,0,0,0,1334,112
B_CENTER_SIGN,seed_1_plus_1e-07,96392,111,0.02554374933242798,0.20900110576703193,1230,0.006821237504482269,0.053228798145583005,726,0.6459961831569672,9.082460471939804,1421,0.06801239773631096,2.330880414005068,1677,0,18108,0,0,0,1334,112
C_MOMENT_BLEND,seed_1_plus_1e-07,96392,111,9.298324584960938e-6,0.00016305603678502757,0,1.0055339373593597e-5,0.00010672154800885217,0,0.8183146715164185,8.621438564711854,111,0.0,0.0,0,428,18108,381,0,0,1334,112
UPSTREAM,seed_1_minus_1e-07,96303,135,0.8183135390281677,9.543055731969217,136,1.005533925990676e-5,0.00010671247578225899,0,0.0,0.0,0,0.0,0.0,0,0,17894,0,0,0,1391,136
NO_SIGN_CORRECTION,seed_1_minus_1e-07,96303,135,9.298324584960938e-6,0.00016294736873586553,0,1.005533925990676e-5,0.00010671247578225899,0,0.8183146715164185,9.507914837728832,135,0.0,0.0,0,391,17894,338,0,0,1391,136
A_THRESHOLD,seed_1_minus_1e-07,96303,135,0.4403633773326874,6.860099001062997,1028,0.09141718596220016,1.5653519222583714,338,0.4091549515724182,11.998687256940697,933,0.0914168693125248,2.7860615704465634,975,0,17894,0,0,0,1391,136
B_CENTER_SIGN,seed_1_minus_1e-07,96303,135,0.028544366359710693,0.21055651524266286,1232,0.006716646254062653,0.05318991928185736,727,0.6454072296619415,9.571049593708846,1421,0.06881982460618019,2.333607474228458,1677,0,17894,0,0,0,1391,136
C_MOMENT_BLEND,seed_1_minus_1e-07,96303,135,9.298324584960938e-6,0.00016302610425860086,0,1.005533925990676e-5,0.00010671247578225899,0,0.8183128535747528,9.507911640488247,135,0.0,0.0,0,391,17894,338,0,0,1391,136
UPSTREAM,seed_11_plus_1e-08,96311,67,0.8183113932609558,6.747966814726222,68,9.25312192650836e-7,1.0774613002889627e-5,0,0.0,0.0,0,0.0,0.0,0,0,16635,0,0,0,33,68
NO_SIGN_CORRECTION,seed_11_plus_1e-08,96311,67,8.344650268554688e-7,1.69871535326064e-5,0,9.25312192650836e-7,1.0774613002889627e-5,0,0.8183115720748901,6.698165439493331,67,0.0,0.0,0,367,16635,326,0,0,33,68
A_THRESHOLD,seed_11_plus_1e-08,96311,67,0.4200912415981293,3.699527395488972,350,0.09140752255916595,0.8171226539602647,82,0.404857873916626,12.79919844358113,1053,0.09140747413039207,2.961862838367749,1056,0,16635,0,0,0,33,68
B_CENTER_SIGN,seed_11_plus_1e-08,96311,67,0.0020885467529296875,0.021336315119333135,117,0.0004692971706390381,0.005400050218950794,0,0.6438222527503967,8.143176633028212,1421,0.06378654018044472,2.332405628159737,1677,0,16635,0,0,0,33,68
C_MOMENT_BLEND,seed_11_plus_1e-08,96311,67,8.344650268554688e-7,1.69871535326064e-5,0,9.25312192650836e-7,1.0774613002889627e-5,0,0.8183115720748901,6.698165439493331,67,0.0,0.0,0,367,16635,326,0,0,33,68
UPSTREAM,seed_11_minus_1e-08,96327,54,0.8183113038539886,5.957395233241608,53,9.253122219502071e-7,1.0771398597474057e-5,0,0.0,0.0,0,0.0,0.0,0,0,16639,0,0,0,21,53
NO_SIGN_CORRECTION,seed_11_minus_1e-08,96327,54,8.344650268554688e-7,1.6917649035693287e-5,0,9.253122219502071e-7,1.0771398597474057e-5,0,0.8183113634586334,6.013334020183843,54,0.0,0.0,0,367,16639,326,0,0,21,53
A_THRESHOLD,seed_11_minus_1e-08,96327,54,0.4189198911190033,3.2832303316651914,339,0.09139766544103622,0.7252407746955948,63,0.40446794033050537,12.68139048836271,1034,0.09140606597065926,2.9349916268915015,1037,0,16639,0,0,0,21,53
B_CENTER_SIGN,seed_11_minus_1e-08,96327,54,0.0020741820335388184,0.021184725365583454,117,0.00046899914741516113,0.0053630830603067425,0,0.6438421010971069,7.833701574423349,1421,0.06373364850878716,2.3327453202941024,1677,0,16639,0,0,0,21,53
C_MOMENT_BLEND,seed_11_minus_1e-08,96327,54,8.344650268554688e-7,1.6917649035693287e-5,0,9.253122219502071e-7,1.0771398597474057e-5,0,0.8183113634586334,6.013334020183843,54,0.0,0.0,0,367,16639,326,0,0,21,53
UPSTREAM,seed_11_plus_1e-07,96282,128,0.8183142840862274,9.294221361807665,129,9.253122427837753e-6,0.00010736251326163432,0,0.0,0.0,0,0.0,0.0,0,0,18042,0,0,0,1412,129
NO_SIGN_CORRECTION,seed_11_plus_1e-07,96282,128,8.58306884765625e-6,0.00016499887023824667,0,9.253122427837753e-6,0.00010736251326163432,0,0.818315178155899,9.258132766274237,128,0.0,0.0,0,418,18042,353,0,0,1412,129
A_THRESHOLD,seed_11_plus_1e-07,96282,128,0.44386330246925354,7.49622185134694,1069,0.09141718596220016,1.7122751594429177,405,0.4091549515724182,11.974247203320605,933,0.0914168693125248,2.785510239378241,980,0,18042,0,0,0,1412,129
B_CENTER_SIGN,seed_11_plus_1e-07,96282,128,0.021521031856536865,0.21084411288021676,1198,0.004656732082366943,0.053378498008243645,684,0.6452988982200623,9.423870304118358,1421,0.06749038025736809,2.330297561044382,1677,0,18042,0,0,0,1412,129
C_MOMENT_BLEND,seed_11_plus_1e-07,96282,128,8.58306884765625e-6,0.0001650329365033307,0,9.253122427837753e-6,0.00010736251326163432,0,0.8183150589466095,9.258130176218351,128,0.0,0.0,0,418,18042,353,0,0,1412,129
UPSTREAM,seed_11_minus_1e-07,96414,103,0.8183136284351349,8.264530302280802,102,9.253122059233192e-6,0.00010736041916879886,0,0.0,0.0,0,0.0,0.0,0,0,18028,0,0,0,1336,102
NO_SIGN_CORRECTION,seed_11_minus_1e-07,96414,103,8.58306884765625e-6,0.00016485189314375428,0,9.253122059233192e-6,0.00010736041916879886,0,0.8183160722255707,8.304950583832484,103,0.0,0.0,0,389,18028,330,0,0,1336,102
A_THRESHOLD,seed_11_minus_1e-07,96414,103,0.4492984414100647,6.582736580634155,1024,0.09141718596220016,1.5028583069122161,307,0.4091549515724182,11.933609416677822,926,0.0914168693125248,2.7751616262639436,961,0,18028,0,0,0,1336,102
B_CENTER_SIGN,seed_11_minus_1e-07,96414,103,0.021006211638450623,0.21097218779579407,1200,0.004606254398822784,0.053399450166644054,681,0.6458876132965088,8.91351179069064,1421,0.06740168109536171,2.3338632235366963,1677,0,18028,0,0,0,1336,102
C_MOMENT_BLEND,seed_11_minus_1e-07,96414,103,8.58306884765625e-6,0.00016483459642637903,0,9.253122059233192e-6,0.00010736041916879886,0,0.8183157742023468,8.304947661270282,103,0.0,0.0,0,389,18028,330,0,0,1336,102
UPSTREAM,seed_2026_plus_1e-08,96328,52,0.818311333656311,5.8439106739766435,51,1.054941204614579e-6,1.1032976232881948e-5,0,0.0,0.0,0,0.0,0.0,0,0,16639,0,0,0,38,51
NO_SIGN_CORRECTION,seed_2026_plus_1e-08,96328,52,9.5367431640625e-7,1.6831041279052468e-5,0,1.054941204614579e-6,1.1032976232881948e-5,0,0.8183114528656006,5.900925461893784,52,0.0,0.0,0,357,16639,306,0,0,38,51
A_THRESHOLD,seed_2026_plus_1e-08,96328,52,0.4193103611469269,3.2529444087580646,332,0.0914105772972107,0.7193422157646934,66,0.405639111995697,12.673784040568552,1033,0.0914105586707592,2.9335378391792823,1036,0,16639,0,0,0,38,51
B_CENTER_SIGN,seed_2026_plus_1e-08,96328,52,0.002423405647277832,0.021273268426686868,109,0.0005540028214454651,0.005388979522066787,0,0.6440842151641846,7.784316719001015,1421,0.0637982077896595,2.3324460029440206,1677,0,16639,0,0,0,38,51
C_MOMENT_BLEND,seed_2026_plus_1e-08,96328,52,9.5367431640625e-7,1.6831041279052468e-5,0,1.054941204614579e-6,1.1032976232881948e-5,0,0.8183114528656006,5.900925461893784,52,0.0,0.0,0,357,16639,306,0,0,38,51
UPSTREAM,seed_2026_minus_1e-08,96328,69,0.818311333656311,6.846482218393994,70,1.0549412117200063e-6,1.10366701137499e-5,0,0.0,0.0,0,0.0,0.0,0,0,16654,0,0,0,36,70
NO_SIGN_CORRECTION,seed_2026_minus_1e-08,96328,69,9.5367431640625e-7,1.688886308987425e-5,0,1.0549412117200063e-6,1.10366701137499e-5,0,0.8183114528656006,6.797402370535004,69,0.0,0.0,0,373,16654,334,0,0,36,70
A_THRESHOLD,seed_2026_minus_1e-08,96328,69,0.4193103611469269,3.8022022214925593,351,0.09140602499246597,0.8422556064665119,86,0.40368685126304626,12.793675340072147,1052,0.09140213206410408,2.960456014364228,1054,0,16654,0,0,0,36,70
B_CENTER_SIGN,seed_2026_minus_1e-08,96328,69,0.0025691986083984375,0.021343687523372703,116,0.0005807578563690186,0.005405321597095489,0,0.6438371241092682,8.192239200637621,1421,0.06388429179787636,2.3326841761447348,1677,0,16654,0,0,0,36,70
C_MOMENT_BLEND,seed_2026_minus_1e-08,96328,69,9.5367431640625e-7,1.688886308987425e-5,0,1.0549412117200063e-6,1.10366701137499e-5,0,0.8183114528656006,6.797402370535004,69,0.0,0.0,0,373,16654,334,0,0,36,70
UPSTREAM,seed_2026_plus_1e-07,96387,101,0.8183125555515289,8.183104139722003,100,1.0549410941251836e-5,0.00011001676315346436,0,0.0,0.0,0,0.0,0.0,0,0,17986,0,0,0,1357,100
NO_SIGN_CORRECTION,seed_2026_plus_1e-07,96387,101,9.298324584960938e-6,0.0001641045701783236,0,1.0549410941251836e-5,0.00011001676315346436,0,0.8183139264583588,8.223924704287878,101,0.0,0.0,0,438,17986,367,0,0,1357,100
A_THRESHOLD,seed_2026_plus_1e-07,96387,101,0.4353022873401642,6.632281796265678,1014,0.09141718596220016,1.5140918274278161,307,0.4091549515724182,11.857786819616704,914,0.0914168693125248,2.7572591994455813,945,0,17986,0,0,0,1357,100
B_CENTER_SIGN,seed_2026_plus_1e-07,96387,101,0.025159597396850586,0.21204023971299782,1213,0.006048724055290222,0.053826762408361845,694,0.6461198627948761,8.868434001742354,1421,0.06808338686823845,2.3309264761942634,1677,0,17986,0,0,0,1357,100
C_MOMENT_BLEND,seed_2026_plus_1e-07,96387,101,9.298324584960938e-6,0.00016418012449584762,0,1.0549410941251836e-5,0.00011001676315346436,0,0.8183139264583588,8.223921579454274,101,0.0,0.0,0,438,17986,367,0,0,1357,100
UPSTREAM,seed_2026_minus_1e-07,96417,120,0.8183135986328125,9.001414139308055,121,1.0549411857851965e-5,0.00011002272459333437,0,0.0,0.0,0,0.0,0.0,0,0,18036,0,0,0,1439,121
NO_SIGN_CORRECTION,seed_2026_minus_1e-07,96417,120,9.298324584960938e-6,0.00016419060857908617,0,1.0549411857851965e-5,0.00011002272459333437,0,0.818315178155899,8.964147773018222,120,0.0,0.0,0,404,18036,345,0,0,1439,121
A_THRESHOLD,seed_2026_minus_1e-07,96417,120,0.4438621699810028,7.135294216021379,1052,0.09141718596220016,1.6256397088182528,359,0.4091549515724182,12.096535470411679,948,0.0914168693125248,2.808357805551911,988,0,18036,0,0,0,1439,121
B_CENTER_SIGN,seed_2026_minus_1e-07,96417,120,0.025067567825317383,0.2124310892162075,1219,0.005382359027862549,0.053692151791228306,703,0.6460842490196228,9.269980791916854,1421,0.0683167539536953,2.3334620795829455,1677,0,18036,0,0,0,1439,121
C_MOMENT_BLEND,seed_2026_minus_1e-07,96417,120,9.298324584960938e-6,0.00016416047813546598,0,1.0549411857851965e-5,0.00011002272459333437,0,0.8183141648769379,8.964145582279363,120,0.0,0.0,0,404,18036,345,0,0,1439,121
