mode,seed,amplitude_m,quantity,plus_delta_n,minus_delta_n,odd_n,even_n
UPSTREAM,1,1e-08,drag,0.00014453316756685153,0.00035591604266671517,-0.00010569143754993182,0.0002502246051168111
UPSTREAM,1,1e-08,downforce,0.0007302677235110355,0.0009769449961646304,-0.00012333863632679742,0.000853606359837833
UPSTREAM,1,1e-08,pressure_fx,0.00020679622148819798,0.00038539129252623816,-8.929753551902009e-05,0.0002960937570072042
UPSTREAM,1,1e-08,pressure_fz,-0.0007323669758038664,-0.000929024144210755,9.832858420344426e-05,-0.0008306955600073107
UPSTREAM,1,1e-08,viscous_fx,-6.226305392134646e-05,-2.947524985952299e-05,-1.6393902030911733e-05,-4.586915189043472e-05
UPSTREAM,1,1e-08,viscous_fz,2.099252292813575e-06,-4.792085195391878e-05,2.5010052123366176e-05,-2.29107998305526e-05
UPSTREAM,1,1e-07,drag,0.00021078685485365067,-0.0013168287424967784,0.0007638077986752145,-0.0005530209438215916
UPSTREAM,1,1e-07,downforce,4.323946374884535e-05,-0.0004210492986869152,0.00023214438121788028,-0.00018890491746903493
UPSTREAM,1,1e-07,pressure_fx,0.0002820609019405229,-0.0003524844788209691,0.000317272690380746,-3.5211788440209224e-05
UPSTREAM,1,1e-07,pressure_fz,0.0001785674860072528,0.0014247497218814464,-0.0006230911179370968,0.0008016586039443774
UPSTREAM,1,1e-07,viscous_fx,-7.127404708688612e-05,-0.0009643442636757815,0.0004465351082944477,-0.0005178091553813408
UPSTREAM,1,1e-07,viscous_fz,-0.00022180694975614153,-0.0010037004231945599,0.00039094673671920916,-0.0006127536864753511
UPSTREAM,11,1e-08,drag,0.0003149374546487227,0.0003084362440085031,3.2506053201097895e-06,0.00031168684932858515
UPSTREAM,11,1e-08,downforce,0.0009653861707719646,0.0006823935840247763,0.00014149629337359415,0.0008238898773983427
UPSTREAM,11,1e-08,pressure_fx,0.00034627622023958304,0.0003097984809208587,1.8238869659362167e-05,0.000328037350580207
UPSTREAM,11,1e-08,pressure_fz,-0.0009572413848863426,-0.000704075633719492,-0.0001265828755834253,-0.0008306585093029173
UPSTREAM,11,1e-08,viscous_fx,-3.1338765590846474e-05,-1.3622369123555966e-06,-1.4988264339245438e-05,-1.6350501251607974e-05
UPSTREAM,11,1e-08,viscous_fz,-8.144785885625533e-06,2.1682049694703512e-05,-1.4913417790164522e-05,6.7686319045389895e-06
UPSTREAM,11,1e-07,drag,-0.0009581004740699672,0.00048062009279525864,-0.0007193602834326129,-0.0002387401906373543
UPSTREAM,11,1e-07,downforce,-0.000575353849825877,0.00040390046803912005,-0.0004896271589324985,-8.572669089335072e-05
UPSTREAM,11,1e-07,pressure_fx,-0.00044953652864701543,0.0005648976039962506,-0.000507217066321633,5.768053767460368e-05
UPSTREAM,11,1e-07,pressure_fz,0.0012243767141918993,-0.00040212494958968836,0.0008132508318907938,0.00041112588230113323
UPSTREAM,11,1e-07,viscous_fx,-0.0005085639454229102,-8.427751120095028e-05,-0.00021214321711097994,-0.0002964207283119302
UPSTREAM,11,1e-07,viscous_fz,-0.0006490228643660197,-1.7755184494551088e-06,-0.0003236236729582823,-0.0003253991914077374
UPSTREAM,2026,1e-08,drag,0.00029305834948623044,0.00033548628381024903,-2.1213967162009295e-05,0.0003142723166482675
UPSTREAM,2026,1e-08,downforce,0.0009559321615507099,0.0010522082107319863,-4.8138024590638206e-05,0.0010040701861413481
UPSTREAM,2026,1e-08,pressure_fx,0.0003568712822982767,0.000433434385918946,-3.828155181033466e-05,0.00039515283410859747
UPSTREAM,2026,1e-08,pressure_fz,-0.0009662993433675049,-0.0010344534160459107,3.407703633920289e-05,-0.00100037637970668
UPSTREAM,2026,1e-08,viscous_fx,-6.381293281203237e-05,-9.794810210866922e-05,1.7067584648318423e-05,-8.088051746034386e-05
UPSTREAM,2026,1e-08,viscous_fz,1.036718181676461e-05,-1.7754794686119894e-05,1.4060988251442252e-05,-3.693806434677642e-06
UPSTREAM,2026,1e-07,drag,0.00016518807146442827,8.699473264678348e-05,3.909666940882239e-05,0.00012609140205560587
UPSTREAM,2026,1e-07,downforce,0.00013787628060496493,-0.00048199518596786506,0.000309935733286415,-0.00017205945268145006
UPSTREAM,2026,1e-07,pressure_fx,0.00013815222859897558,0.00040493568379720846,-0.00013339172759911644,0.00027154395619807814
UPSTREAM,2026,1e-07,pressure_fz,-0.00025555585830105976,0.0007007645151066444,-0.0004781601867038521,0.00022260432840276456
UPSTREAM,2026,1e-07,viscous_fx,2.7035842865466564e-05,-0.0003179409511503972,0.0001724883970079319,-0.0001454525541424584
UPSTREAM,2026,1e-07,viscous_fz,0.00011767957769604973,-0.00021876932913879148,0.0001682244534174206,-5.0544875721370876e-05
NO_SIGN_CORRECTION,1,1e-08,drag,-9.383859295164498e-08,5.121267915297878e-08,-7.252563605231188e-08,-2.1312956899333102e-08
NO_SIGN_CORRECTION,1,1e-08,downforce,4.953327378265371e-07,-7.195006673788029e-08,2.836414022822087e-07,2.1169133551657282e-07
NO_SIGN_CORRECTION,1,1e-08,pressure_fx,-8.914754145994408e-08,6.336809191265225e-08,-7.625781668629816e-08,-1.2889724787523704e-08
NO_SIGN_CORRECTION,1,1e-08,pressure_fz,-4.956697301494728e-07,7.579813471325636e-08,-2.857339324313646e-07,-2.0993579769035264e-07
NO_SIGN_CORRECTION,1,1e-08,viscous_fx,-4.691051477823116e-09,-1.2155412759673467e-08,3.732180640925176e-09,-8.423232125687186e-09
NO_SIGN_CORRECTION,1,1e-08,viscous_fz,3.369923194662672e-10,-3.848067959763557e-09,2.092530139614912e-09,-1.755537820148645e-09
NO_SIGN_CORRECTION,1,1e-07,drag,4.371293477190008e-08,-4.367726624820989e-08,4.3695100510054985e-08,1.7834234089519896e-11
NO_SIGN_CORRECTION,1,1e-07,downforce,-6.732441770740394e-08,2.832716684553205e-07,-1.752980430813622e-07,1.0797362537395827e-07
NO_SIGN_CORRECTION,1,1e-07,pressure_fx,4.39913012684201e-08,-5.262307051223658e-08,4.830718589032834e-08,-4.315884621908239e-09
NO_SIGN_CORRECTION,1,1e-07,pressure_fz,5.290607330010744e-08,-2.681059057541013e-07,1.6050598952710438e-07,-1.0759991625475251e-07
NO_SIGN_CORRECTION,1,1e-07,viscous_fx,-2.7836645488665823e-10,8.945804291782267e-09,-4.6120853733344624e-09,4.333718925386698e-09
NO_SIGN_CORRECTION,1,1e-07,viscous_fz,1.4418344408163863e-08,-1.5165762701219165e-08,1.4792053554691514e-08,-3.737091460939701e-10
NO_SIGN_CORRECTION,11,1e-08,drag,-6.390873719119838e-09,-6.64886948831267e-08,3.004891058200343e-08,-3.643978430112327e-08
NO_SIGN_CORRECTION,11,1e-08,downforce,8.518528554768423e-08,4.791887454613786e-07,-1.9700172995684717e-07,2.8218701547677583e-07
NO_SIGN_CORRECTION,11,1e-08,pressure_fx,1.871788002372199e-10,-7.20543147370023e-08,3.612074676861976e-08,-3.593356795450475e-08
NO_SIGN_CORRECTION,11,1e-08,pressure_fz,-8.376179755353874e-08,-4.791674784176969e-07,1.9770284043207909e-07,-2.8146463798561783e-07
NO_SIGN_CORRECTION,11,1e-08,viscous_fx,-6.5780525054792705e-09,5.565619853875603e-09,-6.071836179677437e-09,-5.062163327407276e-10
NO_SIGN_CORRECTION,11,1e-08,viscous_fz,-1.423487968124637e-09,-2.1267031538596548e-11,-7.011104682930203e-10,-7.223774998316168e-10
NO_SIGN_CORRECTION,11,1e-07,drag,2.2063609994571465e-08,-8.91666313007633e-09,1.5490136562323897e-08,6.5734734322475674e-09
NO_SIGN_CORRECTION,11,1e-07,downforce,-1.0639411568424961e-07,2.2030664137417943e-07,-1.6335037852921452e-07,5.695626287272049e-08
NO_SIGN_CORRECTION,11,1e-07,pressure_fx,2.4360383460431123e-08,-2.4923799718523654e-08,2.464209158947739e-08,-2.817081290462653e-10
NO_SIGN_CORRECTION,11,1e-07,pressure_fz,1.0790340276845001e-07,-2.216811254562856e-07,1.647922641123678e-07,-5.6888861343917796e-08
NO_SIGN_CORRECTION,11,1e-07,viscous_fx,-2.296773479737446e-09,1.6007136588447324e-08,-9.151955034092385e-09,6.855181547416045e-09
NO_SIGN_CORRECTION,11,1e-07,viscous_fz,-1.5092870772615008e-09,1.3744840959839522e-09,-1.4418855866227265e-09,-6.740149063877432e-11
NO_SIGN_CORRECTION,2026,1e-08,drag,-7.82041265079414e-08,-1.4645763807275003e-07,3.4126755782404317e-08,-1.1233088231810129e-07
NO_SIGN_CORRECTION,2026,1e-08,downforce,4.7072131192926747e-07,9.785453630173357e-07,-2.5391202554403414e-07,7.246333375010572e-07
NO_SIGN_CORRECTION,2026,1e-08,pressure_fx,-8.343568549951108e-08,-1.5011179829715893e-07,3.333805639882392e-08,-1.16773741898335e-07
NO_SIGN_CORRECTION,2026,1e-08,pressure_fz,-4.6862908664735414e-07,-9.80314271092908e-07,2.5584259222277694e-07,-7.244716788701311e-07
NO_SIGN_CORRECTION,2026,1e-08,viscous_fx,5.231558991569685e-09,3.654160266042261e-09,7.886993627637118e-10,4.442859621867079e-09
NO_SIGN_CORRECTION,2026,1e-08,viscous_fz,-2.0922253035973726e-09,1.768908082511178e-09,-1.9305666930542753e-09,-1.6165861097677814e-10
NO_SIGN_CORRECTION,2026,1e-07,drag,-9.071894718770679e-08,-9.530632899545921e-08,2.293690903876211e-09,-9.3012638091583e-08
NO_SIGN_CORRECTION,2026,1e-07,downforce,7.242146593533505e-08,8.05705873241358e-07,-3.666422036530115e-07,4.3906366958834653e-07
NO_SIGN_CORRECTION,2026,1e-07,pressure_fx,-1.1012451339720286e-07,-7.28676479433421e-08,-1.8628432726930377e-08,-9.14960806563947e-08
NO_SIGN_CORRECTION,2026,1e-07,pressure_fz,-5.229809835194388e-08,-8.242932527102731e-07,3.859975771791646e-07,-4.382956755311085e-07
NO_SIGN_CORRECTION,2026,1e-07,viscous_fx,1.9405566195618285e-08,-2.243868102436153e-08,2.0922123609989907e-08,-1.516557421310516e-09
NO_SIGN_CORRECTION,2026,1e-07,viscous_fz,-2.012336757298283e-08,1.8587379463710918e-08,-1.9355373518346874e-08,-7.679940546359565e-10
C_MOMENT_BLEND,1,1e-08,drag,-9.383859295164498e-08,5.121267915297878e-08,-7.252563605231188e-08,-2.1312956899333102e-08
C_MOMENT_BLEND,1,1e-08,downforce,4.953327378265371e-07,-7.195006673788029e-08,2.836414022822087e-07,2.1169133551657282e-07
C_MOMENT_BLEND,1,1e-08,pressure_fx,-8.914754145994408e-08,6.336809191265225e-08,-7.625781668629816e-08,-1.2889724787523704e-08
C_MOMENT_BLEND,1,1e-08,pressure_fz,-4.956697301494728e-07,7.579813471325636e-08,-2.857339324313646e-07,-2.0993579769035264e-07
C_MOMENT_BLEND,1,1e-08,viscous_fx,-4.691051477823116e-09,-1.2155412759673467e-08,3.732180640925176e-09,-8.423232125687186e-09
C_MOMENT_BLEND,1,1e-08,viscous_fz,3.369923194662672e-10,-3.848067959763557e-09,2.092530139614912e-09,-1.755537820148645e-09
C_MOMENT_BLEND,1,1e-07,drag,5.13274370783634e-08,-1.1175151659603699e-07,8.15394768372002e-08,-3.0212039758836795e-08
C_MOMENT_BLEND,1,1e-07,downforce,-7.9884626136284e-09,4.98455153707944e-07,-2.532218081607862e-07,2.452333455749134e-07
C_MOMENT_BLEND,1,1e-07,pressure_fx,6.376127298368672e-08,-1.3312934518672215e-07,9.844530908520444e-08,-3.4684036087639925e-08
C_MOMENT_BLEND,1,1e-07,pressure_fz,-4.976269896150853e-09,-4.848658426981345e-07,2.399447864009918e-07,-2.449210562693871e-07
C_MOMENT_BLEND,1,1e-07,viscous_fx,-1.2433835891445533e-08,2.1377828604562943e-08,-1.6905832248004238e-08,4.471996356558705e-09
C_MOMENT_BLEND,1,1e-07,viscous_fz,1.2964732494166742e-08,-1.3589311029758855e-08,1.3277021761962798e-08,-3.1228926822973735e-10
C_MOMENT_BLEND,11,1e-08,drag,-6.390873719119838e-09,-6.64886948831267e-08,3.004891058200343e-08,-3.643978430112327e-08
C_MOMENT_BLEND,11,1e-08,downforce,8.518528554768423e-08,4.791887454613786e-07,-1.9700172995684717e-07,2.8218701547677583e-07
C_MOMENT_BLEND,11,1e-08,pressure_fx,1.871788002372199e-10,-7.20543147370023e-08,3.612074676861976e-08,-3.593356795450475e-08
C_MOMENT_BLEND,11,1e-08,pressure_fz,-8.376179755353874e-08,-4.791674784176969e-07,1.9770284043207909e-07,-2.8146463798561783e-07
C_MOMENT_BLEND,11,1e-08,viscous_fx,-6.5780525054792705e-09,5.565619853875603e-09,-6.071836179677437e-09,-5.062163327407276e-10
C_MOMENT_BLEND,11,1e-08,viscous_fz,-1.423487968124637e-09,-2.1267031538596548e-11,-7.011104682930203e-10,-7.223774998316168e-10
C_MOMENT_BLEND,11,1e-07,drag,-1.4437085082974477e-07,-8.027583575653807e-08,-3.204750753660335e-08,-1.1232334329314142e-07
C_MOMENT_BLEND,11,1e-07,downforce,6.208106829164173e-07,3.35024081143942e-07,1.4289330088623764e-07,4.779173820579352e-07
C_MOMENT_BLEND,11,1e-07,pressure_fx,-1.3397830112005238e-07,-9.253993310531783e-08,-2.0719184007367275e-08,-1.132591171126851e-07
C_MOMENT_BLEND,11,1e-07,pressure_fz,-6.176054712092593e-07,-3.3644429064949577e-07,-1.405805902798818e-07,-4.770248809293776e-07
C_MOMENT_BLEND,11,1e-07,viscous_fx,-1.0392549695814601e-08,1.2264097348779757e-08,-1.1328323522297179e-08,9.357738334214716e-10
C_MOMENT_BLEND,11,1e-07,viscous_fz,-3.205211729709334e-09,1.4202094986148772e-09,-2.3127106141621057e-09,-8.925011155472284e-10
C_MOMENT_BLEND,2026,1e-08,drag,-7.82041265079414e-08,-1.4645763807275003e-07,3.4126755782404317e-08,-1.1233088231810129e-07
C_MOMENT_BLEND,2026,1e-08,downforce,4.7072131192926747e-07,9.785453630173357e-07,-2.5391202554403414e-07,7.246333375010572e-07
C_MOMENT_BLEND,2026,1e-08,pressure_fx,-8.343568549951108e-08,-1.5011179829715893e-07,3.333805639882392e-08,-1.16773741898335e-07
C_MOMENT_BLEND,2026,1e-08,pressure_fz,-4.6862908664735414e-07,-9.80314271092908e-07,2.5584259222277694e-07,-7.244716788701311e-07
C_MOMENT_BLEND,2026,1e-08,viscous_fx,5.231558991569685e-09,3.654160266042261e-09,7.886993627637118e-10,4.442859621867079e-09
C_MOMENT_BLEND,2026,1e-08,viscous_fz,-2.0922253035973726e-09,1.768908082511178e-09,-1.9305666930542753e-09,-1.6165861097677814e-10
C_MOMENT_BLEND,2026,1e-07,drag,-9.379358889560763e-08,-1.1188273113527103e-07,9.044571119831701e-09,-1.028381600431949e-07
C_MOMENT_BLEND,2026,1e-07,downforce,3.5619659333185894e-07,6.727690179397783e-07,-1.5828621230395967e-07,5.144828056358186e-07
C_MOMENT_BLEND,2026,1e-07,pressure_fx,-1.1004006134074373e-07,-9.957886656919435e-08,-5.2305973857746935e-09,-1.0480946394109125e-07
C_MOMENT_BLEND,2026,1e-07,pressure_fz,-3.3554690692660927e-07,-6.928198273969954e-07,1.7863646023519308e-07,-5.141833671618024e-07
C_MOMENT_BLEND,2026,1e-07,viscous_fx,1.6246472459013894e-08,-1.2303864579954471e-08,1.4275168519484183e-08,1.9713039395297116e-09
C_MOMENT_BLEND,2026,1e-07,viscous_fz,-2.0649686424331626e-08,2.0050809432931027e-08,-2.0350247928631326e-08,-2.9943849570029935e-10
