mode,case_id,window_mean_n,stored_total_n,window_closure_max_abs_n,sample_closure_max_abs_n,sample_count,time_bounds_u_l,history_sha256
UPSTREAM,baseline,"{'pressure_fx': 0.23250068995992376, 'pressure_fz': -0.35351055400705805, 'viscous_fx': 0.10187307672485614, 'viscous_fz': 0.007750382709138828, 'drag': 0.3343737666847799, 'downforce': 0.34576017129791925}","{'drag': 0.3343737666847799, 'downforce': 0.34576017129791925}",0.0,3.157967714489334e-17,29,"[0.090404995, 3.013518]",30b813e7336d14f42c11674182e2479c24ba296307ee1662e7911c399b283467
UPSTREAM,seed_1_plus_1e-08,"{'pressure_fx': 0.23270748618141196, 'pressure_fz': -0.3542429209828619, 'viscous_fx': 0.1018108136709348, 'viscous_fz': 0.007752481961431641, 'drag': 0.33451829985234677, 'downforce': 0.3464904390214303}","{'drag': 0.3345182998523467, 'downforce': 0.3464904390214303}",5.551115123125783e-17,6.315935428978668e-17,29,"[0.09038583, 3.0132523]",ced6c20df3c7d18ff1c75ca746210ab7452452bfbb44887fca7580cefd9bfb6b
UPSTREAM,seed_1_minus_1e-08,"{'pressure_fx': 0.23288608125245, 'pressure_fz': -0.3544395781512688, 'viscous_fx': 0.10184360147499662, 'viscous_fz': 0.007702461857184909, 'drag': 0.33472968272744663, 'downforce': 0.3467371162940839}","{'drag': 0.33472968272744663, 'downforce': 0.3467371162940839}",0.0,6.315935428978668e-17,29,"[0.09037193, 3.0131605]",2a3d995c61021dde9c5bd530b81d4b4127c527912e70f5063acaba97c2547f35
UPSTREAM,seed_1_plus_1e-07,"{'pressure_fx': 0.23278275086186428, 'pressure_fz': -0.3533319865210508, 'viscous_fx': 0.10180180267776925, 'viscous_fz': 0.007528575759382686, 'drag': 0.33458455353963357, 'downforce': 0.3458034107616681}","{'drag': 0.3345845535396335, 'downforce': 0.3458034107616681}",5.551115123125783e-17,3.157967714489334e-17,29,"[0.090409614, 3.0130603]",3cda01eeeccdf2d93cf0aca57e0cfc55856a7a8837101288fcd24d1b948df62b
UPSTREAM,seed_1_minus_1e-07,"{'pressure_fx': 0.2321482054811028, 'pressure_fz': -0.3520858042851766, 'viscous_fx': 0.10090873246118036, 'viscous_fz': 0.006746682285944268, 'drag': 0.33305693794228314, 'downforce': 0.34533912199923233}","{'drag': 0.3330569379422832, 'downforce': 0.34533912199923233}",5.551115123125783e-17,3.157967714489334e-17,29,"[0.09037294, 3.0132084]",c4384b2dcf83e12318dc485bfb8999a7ff0a988c04b9c724ac43e4b09a212de9
UPSTREAM,seed_11_plus_1e-08,"{'pressure_fx': 0.23284696618016335, 'pressure_fz': -0.3544677953919444, 'viscous_fx': 0.1018417379592653, 'viscous_fz': 0.007742237923253202, 'drag': 0.33468870413942864, 'downforce': 0.3467255574686912}","{'drag': 0.33468870413942864, 'downforce': 0.34672555746869116}",5.551115123125783e-17,3.157967714489334e-17,29,"[0.090379536, 3.0131798]",d5bcc9a52f6d9030712275071d1dd8ae396144ef2e0a762c5a335fe1d9f3af32
UPSTREAM,seed_11_minus_1e-08,"{'pressure_fx': 0.23281048844084462, 'pressure_fz': -0.35421462964077755, 'viscous_fx': 0.10187171448794378, 'viscous_fz': 0.007772064758833531, 'drag': 0.3346822029287884, 'downforce': 0.346442564881944}","{'drag': 0.3346822029287884, 'downforce': 0.346442564881944}",0.0,6.315935428978668e-17,29,"[0.09039235, 3.013326]",ddeba9fd82435c49d3935e598bd2a1e1000a350107bef659b73cbf2da7a1332d
UPSTREAM,seed_11_plus_1e-07,"{'pressure_fx': 0.23205115343127675, 'pressure_fz': -0.35228617729286615, 'viscous_fx': 0.10136451277943323, 'viscous_fz': 0.007101359844772808, 'drag': 0.33341566621070995, 'downforce': 0.3451848174480934}","{'drag': 0.33341566621071, 'downforce': 0.3451848174480933}",5.551115123125783e-17,6.315935428978668e-17,29,"[0.09041065, 3.0134916]",8d50d708e1a3a3b2de4f7f59a4e5f754e1b387f29f6b899a0fb218e171f7b313
UPSTREAM,seed_11_minus_1e-07,"{'pressure_fx': 0.23306558756392, 'pressure_fz': -0.35391267895664774, 'viscous_fx': 0.10178879921365519, 'viscous_fz': 0.0077486071906893725, 'drag': 0.3348543867775752, 'downforce': 0.34616407176595837}","{'drag': 0.3348543867775752, 'downforce': 0.34616407176595837}",0.0,3.157967714489334e-17,29,"[0.090387166, 3.0128796]",5a63e2d63279a96f9963c7f355c337fb9578885d060b7df5bc37054a3fdeaf10
UPSTREAM,seed_2026_plus_1e-08,"{'pressure_fx': 0.23285756124222204, 'pressure_fz': -0.35447685335042556, 'viscous_fx': 0.10180926379204411, 'viscous_fz': 0.007760749890955592, 'drag': 0.33466682503426615, 'downforce': 0.34671610345946996}","{'drag': 0.3346668250342662, 'downforce': 0.34671610345946996}",5.551115123125783e-17,6.315935428978668e-17,29,"[0.09038758, 3.0132725]",57db30e3cbcfffc0382529d2eada53ad3d3e4382f119f64dd637d91fc62c4085
UPSTREAM,seed_2026_minus_1e-08,"{'pressure_fx': 0.2329341243458427, 'pressure_fz': -0.35454500742310396, 'viscous_fx': 0.10177512862274747, 'viscous_fz': 0.007732627914452708, 'drag': 0.33470925296859017, 'downforce': 0.34681237950865124}","{'drag': 0.33470925296859017, 'downforce': 0.34681237950865124}",0.0,3.157967714489334e-17,29,"[0.09037276, 3.0130818]",e1cfbf9258653e31b09d95f34ae691733247598894209b63112fd9f4834e4de7
UPSTREAM,seed_2026_plus_1e-07,"{'pressure_fx': 0.23263884218852274, 'pressure_fz': -0.3537661098653591, 'viscous_fx': 0.1019001125677216, 'viscous_fz': 0.007868062286834877, 'drag': 0.33453895475624434, 'downforce': 0.3458980475785242}","{'drag': 0.33453895475624434, 'downforce': 0.3458980475785242}",0.0,3.157967714489334e-17,29,"[0.09040303, 3.0130465]",7b7ecc194783791bff28b47d14cb9fc4d1fde421c17c41c73b6012bf24fa96af
UPSTREAM,seed_2026_minus_1e-07,"{'pressure_fx': 0.23290562564372097, 'pressure_fz': -0.3528097894919514, 'viscous_fx': 0.10155513577370574, 'viscous_fz': 0.007531613380000036, 'drag': 0.3344607614174267, 'downforce': 0.3452781761119514}","{'drag': 0.33446076141742676, 'downforce': 0.3452781761119514}",5.551115123125783e-17,3.157967714489334e-17,29,"[0.090373494, 3.0123203]",02a3dcd0b5e5948eb67ffd4a92115fb15eb67bab52fc1623cd6796b80c1f9ef7
NO_SIGN_CORRECTION,baseline,"{'pressure_fx': 0.23249642965340644, 'pressure_fz': -0.3535085755195924, 'viscous_fx': 0.10187367907504911, 'viscous_fz': 0.007751332665562491, 'drag': 0.3343701087284556, 'downforce': 0.3457572428540299}","{'drag': 0.3343701087284556, 'downforce': 0.3457572428540299}",0.0,6.315935428978668e-17,29,"[0.09040502, 3.0135174]",f947354642bbab9036e08ee21296af9152032286fd595529db72006d2d6a875e
NO_SIGN_CORRECTION,seed_1_plus_1e-08,"{'pressure_fx': 0.23249634050586498, 'pressure_fz': -0.35350907118932257, 'viscous_fx': 0.10187367438399764, 'viscous_fz': 0.0077513330025548105, 'drag': 0.3343700148898626, 'downforce': 0.34575773818676775}","{'drag': 0.3343700148898626, 'downforce': 0.34575773818676775}",0.0,6.315935428978668e-17,29,"[0.09040502, 3.0135171]",3a84b9015992d5da64ed58fee5fbf38ca72a266a820b019d57968292677c0564
NO_SIGN_CORRECTION,seed_1_minus_1e-08,"{'pressure_fx': 0.23249649302149836, 'pressure_fz': -0.3535084997214577, 'viscous_fx': 0.10187366691963635, 'viscous_fz': 0.007751328817494531, 'drag': 0.3343701599411347, 'downforce': 0.3457571709039632}","{'drag': 0.33437015994113467, 'downforce': 0.34575717090396313}",5.551115123125783e-17,6.315935428978668e-17,29,"[0.09040501, 3.0135171]",f5eead03adc66d2e31f99f30aebd4661de97e36ac3ac31d2b681ee6986c803a7
NO_SIGN_CORRECTION,seed_1_plus_1e-07,"{'pressure_fx': 0.2324964736447077, 'pressure_fz': -0.3535085226135191, 'viscous_fx': 0.10187367879668266, 'viscous_fz': 0.007751347083906899, 'drag': 0.33437015244139034, 'downforce': 0.3457571755296122}","{'drag': 0.3343701524413904, 'downforce': 0.34575717552961216}",5.551115123125783e-17,3.157967714489334e-17,29,"[0.09040502, 3.0135174]",31e17058f0257b0a91703caebeef5756d6d76df6c0e44cfdb225fab772754d5b
NO_SIGN_CORRECTION,seed_1_minus_1e-07,"{'pressure_fx': 0.23249637703033593, 'pressure_fz': -0.35350884362549817, 'viscous_fx': 0.1018736880208534, 'viscous_fz': 0.00775131749979979, 'drag': 0.3343700650511893, 'downforce': 0.3457575261256984}","{'drag': 0.3343700650511893, 'downforce': 0.3457575261256984}",0.0,3.157967714489334e-17,29,"[0.090404995, 3.0135171]",3c9b19beac9af0322f7f49ba649861bc228424215c1ec0f00d4e647025856ee8
NO_SIGN_CORRECTION,seed_11_plus_1e-08,"{'pressure_fx': 0.23249642984058524, 'pressure_fz': -0.35350865928138997, 'viscous_fx': 0.10187367249699661, 'viscous_fz': 0.007751331242074523, 'drag': 0.33437010233758185, 'downforce': 0.34575732803931547}","{'drag': 0.3343701023375818, 'downforce': 0.3457573280393154}",5.551115123125783e-17,6.315935428978668e-17,29,"[0.09040501, 3.0135174]",a144b68675f5c9c018b6cb0aedc062f613d878ec2b8fee04a4535dc315278df4
NO_SIGN_CORRECTION,seed_11_minus_1e-08,"{'pressure_fx': 0.2324963575990917, 'pressure_fz': -0.35350905468707083, 'viscous_fx': 0.10187368464066897, 'viscous_fz': 0.0077513326442954595, 'drag': 0.3343700422397607, 'downforce': 0.3457577220427754}","{'drag': 0.3343700422397607, 'downforce': 0.34575772204277533}",5.551115123125783e-17,6.315935428978668e-17,29,"[0.09040501, 3.0135174]",bd3fec9885b2ce6c5fc2de60a0e5fcf985d134fbf36d70724f68011b14d437f0
NO_SIGN_CORRECTION,seed_11_plus_1e-07,"{'pressure_fx': 0.2324964540137899, 'pressure_fz': -0.35350846761618965, 'viscous_fx': 0.10187367677827563, 'viscous_fz': 0.007751331156275414, 'drag': 0.33437013079206557, 'downforce': 0.34575713645991424}","{'drag': 0.3343701307920655, 'downforce': 0.3457571364599142}",5.551115123125783e-17,6.315935428978668e-17,29,"[0.090405025, 3.0135171]",e8c218e5b367dbc246a5f15c8bcc9551f71499732edf0c450261d79bcfc390c0
NO_SIGN_CORRECTION,seed_11_minus_1e-07,"{'pressure_fx': 0.23249640472960673, 'pressure_fz': -0.3535087972007179, 'viscous_fx': 0.1018736950821857, 'viscous_fz': 0.007751334040046587, 'drag': 0.33437009981179244, 'downforce': 0.3457574631606713}","{'drag': 0.33437009981179244, 'downforce': 0.34575746316067124}",5.551115123125783e-17,3.157967714489334e-17,29,"[0.09040499, 3.0135176]",9998ba2457edf84aa91ba1ab6e152a4cbd382b164c5f21906516caeee111ab84
NO_SIGN_CORRECTION,seed_2026_plus_1e-08,"{'pressure_fx': 0.23249634621772095, 'pressure_fz': -0.35350904414867906, 'viscous_fx': 0.1018736843066081, 'viscous_fz': 0.0077513305733371875, 'drag': 0.33437003052432906, 'downforce': 0.34575771357534185}","{'drag': 0.33437003052432906, 'downforce': 0.34575771357534185}",0.0,3.157967714489334e-17,29,"[0.09040502, 3.0135171]",8a8b97ae806c6590662bdea09540732b5e00e75b1515a4d6f6be1d2568b75ec1
NO_SIGN_CORRECTION,seed_2026_minus_1e-08,"{'pressure_fx': 0.23249627954160815, 'pressure_fz': -0.3535095558338635, 'viscous_fx': 0.10187368272920938, 'viscous_fz': 0.007751334434470574, 'drag': 0.3343699622708175, 'downforce': 0.34575822139939294}","{'drag': 0.3343699622708175, 'downforce': 0.34575822139939294}",0.0,3.157967714489334e-17,29,"[0.09040501, 3.0135174]",bff5eb6adf8661163683566ac623e3428a77e9bb57ab71c2d3e4822219cfc083
NO_SIGN_CORRECTION,seed_2026_plus_1e-07,"{'pressure_fx': 0.23249631952889305, 'pressure_fz': -0.35350862781769077, 'viscous_fx': 0.10187369848061531, 'viscous_fz': 0.007751312542194918, 'drag': 0.3343700180095084, 'downforce': 0.34575731527549586}","{'drag': 0.3343700180095084, 'downforce': 0.34575731527549586}",0.0,3.157967714489334e-17,29,"[0.09040504, 3.0135174]",34680819c65153fcc65bc1b91784f23f7cbad56388b60527454916f1bdf99a47
NO_SIGN_CORRECTION,seed_2026_minus_1e-07,"{'pressure_fx': 0.2324963567857585, 'pressure_fz': -0.3535093998128451, 'viscous_fx': 0.10187365663636809, 'viscous_fz': 0.007751351252941955, 'drag': 0.3343700134221266, 'downforce': 0.34575804855990316}","{'drag': 0.3343700134221266, 'downforce': 0.34575804855990316}",0.0,3.157967714489334e-17,29,"[0.09040498, 3.0135171]",97b2a8233d1aa4bc99209b4c2b1e06b4786f61bd16560d62dc8d536010fddc49
C_MOMENT_BLEND,baseline,"{'pressure_fx': 0.23249642965340644, 'pressure_fz': -0.3535085755195924, 'viscous_fx': 0.10187367907504911, 'viscous_fz': 0.007751332665562491, 'drag': 0.3343701087284556, 'downforce': 0.3457572428540299}","{'drag': 0.3343701087284556, 'downforce': 0.3457572428540299}",0.0,6.315935428978668e-17,29,"[0.09040502, 3.0135174]",f947354642bbab9036e08ee21296af9152032286fd595529db72006d2d6a875e
C_MOMENT_BLEND,seed_1_plus_1e-08,"{'pressure_fx': 0.23249634050586498, 'pressure_fz': -0.35350907118932257, 'viscous_fx': 0.10187367438399764, 'viscous_fz': 0.0077513330025548105, 'drag': 0.3343700148898626, 'downforce': 0.34575773818676775}","{'drag': 0.3343700148898626, 'downforce': 0.34575773818676775}",0.0,6.315935428978668e-17,29,"[0.09040502, 3.0135171]",3a84b9015992d5da64ed58fee5fbf38ca72a266a820b019d57968292677c0564
C_MOMENT_BLEND,seed_1_minus_1e-08,"{'pressure_fx': 0.23249649302149836, 'pressure_fz': -0.3535084997214577, 'viscous_fx': 0.10187366691963635, 'viscous_fz': 0.007751328817494531, 'drag': 0.3343701599411347, 'downforce': 0.3457571709039632}","{'drag': 0.33437015994113467, 'downforce': 0.34575717090396313}",5.551115123125783e-17,6.315935428978668e-17,29,"[0.09040501, 3.0135171]",f5eead03adc66d2e31f99f30aebd4661de97e36ac3ac31d2b681ee6986c803a7
C_MOMENT_BLEND,seed_1_plus_1e-07,"{'pressure_fx': 0.23249649341467943, 'pressure_fz': -0.3535085804958623, 'viscous_fx': 0.10187366664121322, 'viscous_fz': 0.007751345630294985, 'drag': 0.33437016005589265, 'downforce': 0.3457572348655673}","{'drag': 0.3343701600558927, 'downforce': 0.3457572348655673}",5.551115123125783e-17,3.157967714489334e-17,29,"[0.09040502, 3.0135176]",982040f570f0e9bc8281d74db92e89a78ed228a57850209f0768e269b7b48b0b
C_MOMENT_BLEND,seed_1_minus_1e-07,"{'pressure_fx': 0.23249629652406126, 'pressure_fz': -0.3535090603854351, 'viscous_fx': 0.10187370045287772, 'viscous_fz': 0.007751319076251461, 'drag': 0.334369996976939, 'downforce': 0.34575774130918363}","{'drag': 0.334369996976939, 'downforce': 0.34575774130918363}",0.0,3.157967714489334e-17,29,"[0.090404995, 3.0135171]",156ac7bfb73f3bfb1cd2aa5304e030328f2e53f1a892f8fccd83d698823e2948
C_MOMENT_BLEND,seed_11_plus_1e-08,"{'pressure_fx': 0.23249642984058524, 'pressure_fz': -0.35350865928138997, 'viscous_fx': 0.10187367249699661, 'viscous_fz': 0.007751331242074523, 'drag': 0.33437010233758185, 'downforce': 0.34575732803931547}","{'drag': 0.3343701023375818, 'downforce': 0.3457573280393154}",5.551115123125783e-17,6.315935428978668e-17,29,"[0.09040501, 3.0135174]",a144b68675f5c9c018b6cb0aedc062f613d878ec2b8fee04a4535dc315278df4
C_MOMENT_BLEND,seed_11_minus_1e-08,"{'pressure_fx': 0.2324963575990917, 'pressure_fz': -0.35350905468707083, 'viscous_fx': 0.10187368464066897, 'viscous_fz': 0.0077513326442954595, 'drag': 0.3343700422397607, 'downforce': 0.3457577220427754}","{'drag': 0.3343700422397607, 'downforce': 0.34575772204277533}",5.551115123125783e-17,6.315935428978668e-17,29,"[0.09040501, 3.0135174]",bd3fec9885b2ce6c5fc2de60a0e5fcf985d134fbf36d70724f68011b14d437f0
C_MOMENT_BLEND,seed_11_plus_1e-07,"{'pressure_fx': 0.23249629567510532, 'pressure_fz': -0.3535091931250636, 'viscous_fx': 0.10187366868249942, 'viscous_fz': 0.007751329460350761, 'drag': 0.33436996435760474, 'downforce': 0.34575786366471284}","{'drag': 0.3343699643576048, 'downforce': 0.34575786366471284}",5.551115123125783e-17,3.157967714489334e-17,29,"[0.090405025, 3.0135171]",8c6c57d5555aad22584987b88e5b05b5e44498db33e519968bbabc13401f77f9
C_MOMENT_BLEND,seed_11_minus_1e-07,"{'pressure_fx': 0.23249633711347334, 'pressure_fz': -0.35350891196388307, 'viscous_fx': 0.10187369133914646, 'viscous_fz': 0.00775133408577199, 'drag': 0.3343700284526198, 'downforce': 0.34575757787811107}","{'drag': 0.3343700284526198, 'downforce': 0.34575757787811107}",0.0,6.315935428978668e-17,29,"[0.09040499, 3.0135176]",e38feba66b09b1e3cd5dddc1141abcec5efad16e508d226c28361d5b2a872c2c
C_MOMENT_BLEND,seed_2026_plus_1e-08,"{'pressure_fx': 0.23249634621772095, 'pressure_fz': -0.35350904414867906, 'viscous_fx': 0.1018736843066081, 'viscous_fz': 0.0077513305733371875, 'drag': 0.33437003052432906, 'downforce': 0.34575771357534185}","{'drag': 0.33437003052432906, 'downforce': 0.34575771357534185}",0.0,3.157967714489334e-17,29,"[0.09040502, 3.0135171]",8a8b97ae806c6590662bdea09540732b5e00e75b1515a4d6f6be1d2568b75ec1
C_MOMENT_BLEND,seed_2026_minus_1e-08,"{'pressure_fx': 0.23249627954160815, 'pressure_fz': -0.3535095558338635, 'viscous_fx': 0.10187368272920938, 'viscous_fz': 0.007751334434470574, 'drag': 0.3343699622708175, 'downforce': 0.34575822139939294}","{'drag': 0.3343699622708175, 'downforce': 0.34575822139939294}",0.0,3.157967714489334e-17,29,"[0.09040501, 3.0135174]",bff5eb6adf8661163683566ac623e3428a77e9bb57ab71c2d3e4822219cfc083
C_MOMENT_BLEND,seed_2026_plus_1e-07,"{'pressure_fx': 0.2324963196133451, 'pressure_fz': -0.35350891106649934, 'viscous_fx': 0.10187369532152157, 'viscous_fz': 0.007751312015876067, 'drag': 0.3343700149348667, 'downforce': 0.34575759905062325}","{'drag': 0.3343700149348667, 'downforce': 0.3457575990506233}",5.551115123125783e-17,3.157967714489334e-17,29,"[0.09040504, 3.0135174]",17e8492b50cc6ef48e78badbed91750da999ebe1d0caa7248a4b978d0dfefb59
C_MOMENT_BLEND,seed_2026_minus_1e-07,"{'pressure_fx': 0.23249633007453988, 'pressure_fz': -0.3535092683394198, 'viscous_fx': 0.10187366677118453, 'viscous_fz': 0.007751352716371924, 'drag': 0.33436999684572444, 'downforce': 0.34575791562304786}","{'drag': 0.3343699968457244, 'downforce': 0.34575791562304786}",5.551115123125783e-17,6.315935428978668e-17,29,"[0.09040498, 3.0135171]",68b28cbf371b61d706a2e356b9f15f5c5975e5470be2bfa5d3678ee2601f8f46
