mode,case_id,steps,t_u_l,force_history_sha256
UPSTREAM,baseline,225,3.013518,30b813e7336d14f42c11674182e2479c24ba296307ee1662e7911c399b283467
NO_SIGN_CORRECTION,baseline,225,3.0135174,f947354642bbab9036e08ee21296af9152032286fd595529db72006d2d6a875e
C_MOMENT_BLEND,baseline,225,3.0135174,f947354642bbab9036e08ee21296af9152032286fd595529db72006d2d6a875e
UPSTREAM,seed_1_plus_1e-08,225,3.0132523,ced6c20df3c7d18ff1c75ca746210ab7452452bfbb44887fca7580cefd9bfb6b
NO_SIGN_CORRECTION,seed_1_plus_1e-08,225,3.0135171,3a84b9015992d5da64ed58fee5fbf38ca72a266a820b019d57968292677c0564
C_MOMENT_BLEND,seed_1_plus_1e-08,225,3.0135171,3a84b9015992d5da64ed58fee5fbf38ca72a266a820b019d57968292677c0564
UPSTREAM,seed_1_minus_1e-08,225,3.0131605,2a3d995c61021dde9c5bd530b81d4b4127c527912e70f5063acaba97c2547f35
NO_SIGN_CORRECTION,seed_1_minus_1e-08,225,3.0135171,f5eead03adc66d2e31f99f30aebd4661de97e36ac3ac31d2b681ee6986c803a7
C_MOMENT_BLEND,seed_1_minus_1e-08,225,3.0135171,f5eead03adc66d2e31f99f30aebd4661de97e36ac3ac31d2b681ee6986c803a7
UPSTREAM,seed_1_plus_1e-07,225,3.0130603,3cda01eeeccdf2d93cf0aca57e0cfc55856a7a8837101288fcd24d1b948df62b
NO_SIGN_CORRECTION,seed_1_plus_1e-07,225,3.0135174,31e17058f0257b0a91703caebeef5756d6d76df6c0e44cfdb225fab772754d5b
C_MOMENT_BLEND,seed_1_plus_1e-07,225,3.0135176,982040f570f0e9bc8281d74db92e89a78ed228a57850209f0768e269b7b48b0b
UPSTREAM,seed_1_minus_1e-07,225,3.0132084,c4384b2dcf83e12318dc485bfb8999a7ff0a988c04b9c724ac43e4b09a212de9
NO_SIGN_CORRECTION,seed_1_minus_1e-07,225,3.0135171,3c9b19beac9af0322f7f49ba649861bc228424215c1ec0f00d4e647025856ee8
C_MOMENT_BLEND,seed_1_minus_1e-07,225,3.0135171,156ac7bfb73f3bfb1cd2aa5304e030328f2e53f1a892f8fccd83d698823e2948
UPSTREAM,seed_11_plus_1e-08,225,3.0131798,d5bcc9a52f6d9030712275071d1dd8ae396144ef2e0a762c5a335fe1d9f3af32
NO_SIGN_CORRECTION,seed_11_plus_1e-08,225,3.0135174,a144b68675f5c9c018b6cb0aedc062f613d878ec2b8fee04a4535dc315278df4
C_MOMENT_BLEND,seed_11_plus_1e-08,225,3.0135174,a144b68675f5c9c018b6cb0aedc062f613d878ec2b8fee04a4535dc315278df4
UPSTREAM,seed_11_minus_1e-08,225,3.013326,ddeba9fd82435c49d3935e598bd2a1e1000a350107bef659b73cbf2da7a1332d
NO_SIGN_CORRECTION,seed_11_minus_1e-08,225,3.0135174,bd3fec9885b2ce6c5fc2de60a0e5fcf985d134fbf36d70724f68011b14d437f0
C_MOMENT_BLEND,seed_11_minus_1e-08,225,3.0135174,bd3fec9885b2ce6c5fc2de60a0e5fcf985d134fbf36d70724f68011b14d437f0
UPSTREAM,seed_11_plus_1e-07,225,3.0134916,8d50d708e1a3a3b2de4f7f59a4e5f754e1b387f29f6b899a0fb218e171f7b313
NO_SIGN_CORRECTION,seed_11_plus_1e-07,225,3.0135171,e8c218e5b367dbc246a5f15c8bcc9551f71499732edf0c450261d79bcfc390c0
C_MOMENT_BLEND,seed_11_plus_1e-07,225,3.0135171,8c6c57d5555aad22584987b88e5b05b5e44498db33e519968bbabc13401f77f9
UPSTREAM,seed_11_minus_1e-07,225,3.0128796,5a63e2d63279a96f9963c7f355c337fb9578885d060b7df5bc37054a3fdeaf10
NO_SIGN_CORRECTION,seed_11_minus_1e-07,225,3.0135176,9998ba2457edf84aa91ba1ab6e152a4cbd382b164c5f21906516caeee111ab84
C_MOMENT_BLEND,seed_11_minus_1e-07,225,3.0135176,e38feba66b09b1e3cd5dddc1141abcec5efad16e508d226c28361d5b2a872c2c
UPSTREAM,seed_2026_plus_1e-08,225,3.0132725,57db30e3cbcfffc0382529d2eada53ad3d3e4382f119f64dd637d91fc62c4085
NO_SIGN_CORRECTION,seed_2026_plus_1e-08,225,3.0135171,8a8b97ae806c6590662bdea09540732b5e00e75b1515a4d6f6be1d2568b75ec1
C_MOMENT_BLEND,seed_2026_plus_1e-08,225,3.0135171,8a8b97ae806c6590662bdea09540732b5e00e75b1515a4d6f6be1d2568b75ec1
UPSTREAM,seed_2026_minus_1e-08,225,3.0130818,e1cfbf9258653e31b09d95f34ae691733247598894209b63112fd9f4834e4de7
NO_SIGN_CORRECTION,seed_2026_minus_1e-08,225,3.0135174,bff5eb6adf8661163683566ac623e3428a77e9bb57ab71c2d3e4822219cfc083
C_MOMENT_BLEND,seed_2026_minus_1e-08,225,3.0135174,bff5eb6adf8661163683566ac623e3428a77e9bb57ab71c2d3e4822219cfc083
UPSTREAM,seed_2026_plus_1e-07,225,3.0130465,7b7ecc194783791bff28b47d14cb9fc4d1fde421c17c41c73b6012bf24fa96af
NO_SIGN_CORRECTION,seed_2026_plus_1e-07,225,3.0135174,34680819c65153fcc65bc1b91784f23f7cbad56388b60527454916f1bdf99a47
C_MOMENT_BLEND,seed_2026_plus_1e-07,225,3.0135174,17e8492b50cc6ef48e78badbed91750da999ebe1d0caa7248a4b978d0dfefb59
UPSTREAM,seed_2026_minus_1e-07,225,3.0123203,02a3dcd0b5e5948eb67ffd4a92115fb15eb67bab52fc1623cd6796b80c1f9ef7
NO_SIGN_CORRECTION,seed_2026_minus_1e-07,225,3.0135171,97b2a8233d1aa4bc99209b4c2b1e06b4786f61bd16560d62dc8d536010fddc49
C_MOMENT_BLEND,seed_2026_minus_1e-07,225,3.0135171,68b28cbf371b61d706a2e356b9f15f5c5975e5470be2bfa5d3678ee2601f8f46
