step,t_u_l,drag_solver,downforce_solver,pressure_fx_solver,viscous_fx_solver,pressure_downforce_solver,viscous_downforce_solver
8,0.09116108,599.6551463707823,335.3385128022123,357.17472870496596,242.48041766581633,362.2453051908491,-26.906792388636823
16,0.1884147,495.52930669959886,306.371911256469,304.62546140143957,190.9038452981593,328.73970646329315,-22.367795206824148
24,0.28830314,459.79930216037314,316.69930750631283,294.47576271681055,165.32353944356262,336.399440170363,-19.700132664050187
32,0.39062288,424.0016172106235,318.8501998035525,274.13744192979976,149.86417528082376,336.2656379799485,-17.41543817639599
40,0.49473965,404.15021857451063,326.94549268689946,264.7506680987555,139.39955047575512,342.3222669280588,-15.376774241159382
48,0.6000436,391.2548642773328,333.5715642978407,259.2820955032872,131.9727687740456,347.1366054887019,-13.565041190861184
56,0.7064078,382.61700702903283,339.961338414272,256.07553372225067,126.5414733067822,351.9483266103348,-11.986988196062805
64,0.8134292,376.24519116310034,345.0762045301738,253.8079373080351,122.43725385506526,355.6815445012672,-10.605339971093366
72,0.9210189,369.8882396738686,347.4885721484848,250.676442869497,119.21179680437162,356.90724661270383,-9.418674464218984
80,1.0290834,364.33524051740943,349.1049902678891,247.75988098530547,116.57535953210395,357.50051866678837,-8.395528398899286
88,1.1375955,359.78214129544153,349.7208175101152,245.37523346059243,114.40690783484914,357.24797030892285,-7.527152798807645
96,1.2465204,356.63183181981844,350.21861990046904,243.9633407114719,112.66849110834659,357.0224640248756,-6.803844124406545
104,1.3558236,354.3085395289206,350.35179807047246,242.99559489256006,111.31294463636058,356.5635455082478,-6.2117474377753235
112,1.4654218,352.05762315945185,349.78635608949276,241.8156175785643,110.24200558088754,355.521234534466,-5.734878444973216
120,1.5751947,349.2537493937491,348.1214118543711,239.9130717902726,109.34067760347651,353.4776001380249,-5.356188283653832
128,1.6851093,346.3681698981556,345.9478567677424,237.8260891444791,108.54208075367649,351.0090793594207,-5.06122259167831
136,1.7951475,344.0115170981245,343.7827838364277,236.16267595991218,107.8488411382123,348.62330706561386,-4.840523229186134
144,1.9052852,342.44758482210045,341.91325339092543,235.15724348495831,107.29034133714215,346.6017217155147,-4.688468324589257
152,2.0154927,341.39300153322426,340.30527691234926,234.52543207114317,106.86756946208108,344.8998193864221,-4.59454247407284
160,2.1257403,340.238416002715,338.5320170544198,233.70244606092962,106.53596994178537,343.0769777874232,-4.544960733003401
168,2.2360094,338.70097681054654,336.4629934588274,232.46582622580848,106.23515058473802,340.98792649444,-4.524933035612578
176,2.3462927,337.0693252913166,334.35938147630935,231.13431295272,105.93501233859661,338.8825050026734,-4.52312352636401
184,2.456588,335.79125399171636,332.5539697990266,230.1396139369869,105.65164005472947,337.0886132925914,-4.5346434935647775
192,2.566892,335.05147582155325,331.20548943998256,229.6337636365028,105.41771218505048,335.76313210560244,-4.557642665619873
200,2.6771963,334.61804958716164,330.173237744993,229.3743248823709,105.24372470479071,334.76251496137274,-4.589277216379737
208,2.7874908,334.06367124574683,329.1392966641818,228.9594568711384,105.10421437460846,333.7634945479664,-4.624197883784587
216,2.8977706,333.21484735655747,327.97934610613544,228.2514684059493,104.96337895060815,332.63604583939633,-4.656699733260911
224,3.0080376,332.28027158544995,326.841660418026,227.4739108690648,104.80636071638514,331.5251675506641,-4.683507132638124
