step,t_u_l,glob_max_tangent_u,box_max_tangent_u,glob_energy_tangent,box_energy_tangent,argmax_tangent_u,glob_max_primal_u,nonfinite_primal_u,nonfinite_tangent_u,inc_max,inc_energy_glob,inc_energy_box,inc_argmax,iters1,iters2,res_primal_last,res_tangent_last,fx,fx_tan,fz,fz_tan,u_xor,u_sum,p_xor,p_sum,dt_value_bits,dt_tangent_bits,u_val_xor,u_val_sum,p_val_xor,p_val_sum,dt_val_bits
1,0.010416666977107525,58.479984283447266,0.027476344257593155,1.6427367204387803e6,0.19361765789313026,90;37;36;1,1.744422435760498,0,0,NaN,NaN,NaN,,32,32,0.00140967161860317,0.015803610906004906,12112.573855295394,-104674.18459787864,-18563.66259302619,118531.67043460673,4252683271,6914959679295247,16724278,2503315921035622,4598629395156959232,4609184929048166400,3143892589,3463590571988221,2104409392,1239560983513676,4598629395156959232
2,0.021883824840188026,59.548492431640625,0.015157654881477356,1.776536211402954e6,0.05936305327455386,90;37;36;1,1.7153732776641846,0,0,NaN,NaN,NaN,,32,32,0.0007592624751850963,0.009543990716338158,2072.9659450683607,-22914.177836689087,-2132.7763929137295,8887.45095238015,3460754139,7090551198150815,196883645,2520563032622161,4598493601175961600,4608266903410966528,2718753228,3564924971473656,2380928381,1245974779307471,4598493601175961600
3,0.03303689882159233,53.3067741394043,0.014501065015792847,1.4944333928317537e6,0.04715300701454876,90;37;36;1,1.6674199104309082,0,0,NaN,NaN,NaN,,32,32,0.000464950455352664,0.0039003388956189156,1418.0654420728697,-6328.0708665444145,-1175.4357942644685,-8509.012298989184,1483640444,7701888055672902,2396653277,2522208844538401,4598499126114516992,4605703166565023744,17525885,3555668821022497,4244795828,1259615083859844,4598499126114516992
4,0.04420274868607521,46.32029724121094,0.032696135342121124,1.2178528458423514e6,0.23941722504833685,90;37;36;1,1.6726454496383667,0,0,NaN,NaN,NaN,,32,32,0.0009050649241544306,0.011968708597123623,1050.128984183284,846.320472079553,-790.8798697594417,-11165.6555435777,3850782876,7907270353432088,4281452652,2498939455925518,4598548834992259072,4605210040431804416,2408597396,3544966404461744,2327571648,1263004707191746,4598548834992259072
5,0.05548357591032982,40.688419342041016,0.032544635236263275,1.0135997806143512e6,0.24398547098810153,90;37;36;1,1.6590583324432373,0,0,NaN,NaN,NaN,,32,32,0.0008407682180404663,0.011841426603496075,768.8159964704289,3803.925568187405,-502.86582865240416,-10388.318785443478,3642320706,7934699657426242,1892116844,2497201350511406,4598616951562960896,4602796770248884224,1160983,3547128493653527,2329237015,1259034287141587,4598616951562960896
6,0.06692194938659668,37.462764739990234,0.020070668309926987,859492.5041204491,0.09350551372868811,89;37;36;1,1.6332228183746338,0,0,0.0,0.0,0.0,1;1;1;1,32,32,0.00042139505967497826,0.006159746088087559,603.076307488795,5109.537847876711,-340.82743419312646,-9663.52251130484,306335126,7935190172383372,2010996957,2503871688232467,4598702436981407744,4598789548044976128,828856529,3548961657926757,2221601920,1253563499929234,4598702436981407744
7,0.078558050096035,35.16023254394531,0.005203427746891975,753475.2369333687,0.007703315500779142,89;37;36;1,1.6038341522216797,0,0,3.9304943084716797,10351.026270011145,0.060150715110580344,91;38;36;1,32,9,6.539073365274817e-5,0.0012998268939554691,539.4695002868162,4460.042086775677,-282.35841392336255,-7865.0609219796725,584183455,7630789159333021,4224998326,2505301165745980,4598790240608452608,4592365708804882432,58505593,3544306059668893,157963899,1255608795423665,4598790240608452608
8,0.09039723873138428,33.38706970214844,0.007624419871717691,683594.8659360998,0.019793653359972848,89;37;36;1,1.5757793188095093,0,0,12.257497787475586,30690.32612571922,0.1756230548191996,62;24;20;2,32,32,0.0003690259763970971,0.006305009126663208,544.775889311435,2590.6756341061923,-284.89699573639473,-5521.107382654074,2915099427,7328530955022165,4172440119,2499093896445887,4598837598528471040,4603155276537790464,3039762722,3533626543909208,2258477620,1257622275596768,4598837598528471040
9,0.10234596580266953,32.441383361816406,0.008489169180393219,639514.3113331064,0.02550167561052756,89;37;36;1,1.5518195629119873,0,0,8.989358901977539,47320.257285414715,0.1930532830240122,92;33;36;1,32,32,0.00040884490590542555,0.006820272654294968,576.1717574766218,92.3943074901116,-317.2336407840161,-3001.75077593069,582163890,7324204745713360,4200802513,2467850237134377,4598858545083973632,4602407361670283264,843503350,3529234731022248,2361027856,1264269926504110,4598858545083973632
