step,t_u_l,drag_solver,downforce_solver,pressure_fx_solver,viscous_fx_solver
8,0.0904594,608.9958350584764,340.8013477403112,390.3316009248862,218.66423413359024
16,0.18711561,465.3401573175335,283.37077379430207,296.7910507800917,168.5491065374418
24,0.2867216,411.5766736424414,282.6364612556346,266.5758773030267,145.0007963394147
32,0.3890659,383.18471714474526,291.00249022905746,252.11808059527203,131.0666365494732
40,0.4928591,365.0683584342912,299.8148388460049,243.24171504643368,121.8266433878575
48,0.59786123,352.59582939865356,307.6936592884878,237.33338316975204,115.26244622890155
56,0.7038707,343.6579887564086,314.1517553859419,233.27308587097713,110.38490288543144
64,0.81056887,336.94488003493666,319.26600839616657,230.2982928279738,106.64658720696289
72,0.9179217,331.5873510692353,322.96628663233804,227.8624397011884,103.72491136804692
80,1.0258697,327.21731156639385,325.5250026478358,225.81537366326106,101.4019379031328
88,1.134256,323.5622910380657,327.0952879483094,224.03198678498217,99.53030425308359
96,1.2429665,320.3789183097224,327.74286586008236,222.3683552814291,98.01056302829332
104,1.3519727,317.54511326631894,327.64051945340174,220.7734783788992,96.77163488741971
112,1.4612163,314.98528722867843,326.8956371808878,219.23101783572184,95.75426939295656
120,1.5706619,312.6908895696424,325.67156118401766,217.77381142926143,94.91707814038102
128,1.6802726,310.63115786343735,324.0898464003053,216.40409051237907,94.22706735105831
136,1.790011,308.7637034458711,322.25278176463587,215.10818533685858,93.6555181090125
144,1.8998452,307.08821264366594,320.28297918572986,213.9096946389596,93.17851800470635
152,2.00975,305.59214739741094,318.27238057727425,212.8135396764207,92.77860772099021
160,2.1197035,304.26787242455464,316.30041451409267,211.8266234966832,92.44124892787147
168,2.2296875,303.0660681252361,314.3924121175077,210.91319845525334,92.15286966998275
176,2.33969,301.9933121528219,312.60121685926356,210.08993693314858,91.90337521967331
184,2.449702,301.03979972776733,310.9541033179779,209.3539938833814,91.6858058443859
192,2.559718,300.1873273858695,309.4603415432469,208.6929397350666,91.49438765080288
200,2.6697323,299.42723792002374,308.12350949278715,208.10301575906317,91.32422216096057
208,2.779741,298.7358189634133,306.93408294467474,207.56481313276998,91.17100583064328
216,2.8897421,298.12424997539586,305.9012216139575,207.0920725567151,91.03217741868073
224,2.999734,297.5877797198774,305.01709292865957,206.6815446285358,90.90623509134163
232,3.1097162,297.0999091593129,304.25281237994795,206.30866491523835,90.79124424407455
240,3.2196875,296.65786165254053,303.59814541056136,205.97265209977218,90.68520955276833
248,3.3296506,296.2637236400662,303.0460921073305,205.67640689763903,90.58731674242716
256,3.4396036,295.9142817070615,302.5836458947177,205.4167984310841,90.49748327597737
264,3.5495474,295.5943721113206,302.18897906564786,205.1796075312105,90.4147645801101
272,3.6594841,295.2983162563929,301.85314686492086,204.9604456073373,90.3378706490556
280,3.7694147,295.03709176265943,301.5703200879568,204.77036183662847,90.26672992603096
288,3.87934,294.79198001986543,301.31106030071896,204.5905134154753,90.20146660439015
296,3.9892607,294.5748044764837,301.09979804693046,204.4330761202422,90.1417283562415
