fixture,mode,step,t_u_over_l,pfx_n,pfy_n,pfz_n,vfx_n,vfy_n,vfz_n,fx_n,fy_n,fz_n,force_closure_n,inlet_flux_solver,outlet_flux_solver,finite_u,finite_p
sphere,native,1,0.015625,3.044224840247771,-1.405363436788321e-6,0.015230216318741444,0.09801868429701792,-3.5290428286316464e-8,-1.460922701248535e-6,3.1422435245447895,-1.4406538650746372e-6,0.015228755396040195,4.440892098500626e-16,1900.0,1900.0,true,true
sphere,native,2,0.038945138454437256,0.4404208943693085,-5.780876264907421e-5,9.818224265080355,0.1262328696649023,4.33219912894245e-7,0.001012117191911104,0.5666537640342107,-5.7375542736179965e-5,9.819236382272265,0.0,1900.0,1886.5262824296951,true,true
sphere,native,3,0.06173123046755791,0.3030161760759075,-4.056967678479851e-5,26.74021054483485,0.14192040967412065,7.504392275814455e-7,0.00200167539836718,0.44493658575002815,-3.981923755721707e-5,26.74221222023322,3.552713678800501e-15,1900.0,1877.7025233507156,true,true
sphere,native,4,0.08429770171642303,0.24220546544995164,-3.300400450825692e-5,48.66885436562357,0.14940645127233895,1.1122010329067679e-6,0.0029868611854981892,0.39161191672229057,-3.1891803475350153e-5,48.671841226809065,6.776263578034403e-21,1900.0,1871.7828433513641,true,true
sphere,native,5,0.10703480243682861,0.20853998780250554,-2.517282031476498e-5,73.86052590911278,0.15267019507798354,1.69397060402865e-6,0.003961795029556471,0.36121018288048906,-2.347884971073633e-5,73.86448770414233,5.551115123125783e-17,1900.0,1867.6803858280182,true,true
sphere,native,6,0.1298532783985138,0.1853553349897266,-1.5738736838102344e-5,101.38472748802977,0.15320203447315636,1.6799916344556467e-6,0.004895688806775649,0.33855736946288295,-1.4058745203646696e-5,101.38962317683654,1.6940658945086007e-21,1900.0,1864.8795039057732,true,true
sphere,native,7,0.15263773500919342,0.16914461662992838,-1.4198496937751772e-5,130.65847878938544,0.15192355489935297,1.6282814739576605e-6,0.0057754535519485735,0.32106817152928135,-1.2570215463794113e-5,130.66425424293737,2.842170943040401e-14,1900.0,1862.9669351577759,true,true
sphere,native,8,0.17543882131576538,0.15730654589831833,-1.406371593475342e-5,161.1167014045641,0.14952222796388379,1.9858061700750444e-6,0.006595209657230613,0.30682877386220214,-1.2077909764678376e-5,161.12329661422135,5.551115123125783e-17,1900.0,1861.6574241816998,true,true
sphere,native,9,0.1982947736978531,0.14945644319057466,0.00025734893977642065,177.9195031631552,0.1465355270308007,-7.084500247395155e-7,0.006486884589395602,0.29599197022137536,0.00025664048975168114,177.9259900477446,2.842170943040401e-14,1900.0,1860.760050997138,true,true
sphere,native,10,0.22124184668064117,0.1431211477518082,1.954305917024613e-6,185.57616437176247,0.14373934144497755,-4.30700499265413e-7,0.007062697690573289,0.28686048919678575,1.5236054177591998e-6,185.58322706945302,2.842170943040401e-14,1900.0,1860.1419789791107,true,true
sphere,native,11,0.24429184198379517,0.1367241979017854,-3.4415349364280706e-6,192.9361603939906,0.14061132821240338,-6.716825602137712e-7,0.007680149289336137,0.27733552611418877,-4.1132174966418415e-6,192.94384054327995,0.0,1900.0,1859.7192972153425,true,true
sphere,native,12,0.2674606740474701,0.13148151978850367,9.583681821823122e-7,200.35637778263543,0.13722825041164516,-5.290016649883712e-7,0.008241942738527535,0.2687097702001488,4.29366517193941e-7,200.36461972537396,5.551115123125783e-17,1900.0,1859.4297855868936,true,true
sphere,grid_upstream,1,0.015625,3.007199087900809,1.5510478988289835e-7,0.01372860220842995,0.09723842821886163,-1.4812186051926805e-7,-3.176770724778178e-6,3.10443751611967,6.98292936363032e-9,0.013725425437705172,4.440892098500626e-16,1900.0,1900.0,true,true
sphere,grid_upstream,2,0.038986410945653915,0.43692352573056276,-6.0024707345291985e-5,9.816206736557508,0.12505184579131398,1.2572333403682025e-7,0.001016071088808941,0.5619753715218767,-5.9898984011255164e-5,9.817222807646317,0.0,1900.0,1886.5013642311096,true,true
sphere,grid_upstream,3,0.06182670220732689,0.3004050307103899,-3.907243808498607e-5,26.725492516591043,0.1406702377558759,6.196654524726065e-7,0.0019991692514788545,0.44107526846626577,-3.845277263251346e-5,26.727491685842526,3.552713678800501e-15,1900.0,1877.6908729076385,true,true
sphere,grid_upstream,4,0.08442505449056625,0.24008890301920477,-3.799789585173131e-5,48.64516458042083,0.14808680129914878,6.542485705507418e-7,0.00297766464014452,0.3881757043183536,-3.7343647281180564e-5,48.64814224506098,7.105427357601002e-15,1900.0,1871.7406640052795,true,true
sphere,grid_upstream,5,0.1071486622095108,0.20669650620315227,-3.1338052358478315e-5,73.8639792965376,0.15132323855292912,8.041869704156214e-7,0.003943478814205066,0.3580197447560814,-3.053386538806269e-5,73.8679227753518,6.776263578034403e-21,1900.0,1867.6633244156837,true,true
sphere,grid_upstream,6,0.1300075352191925,0.18372081160079692,-3.2059270888566975e-5,101.3499922977295,0.1518563478133689,1.0216333220869346e-6,0.004874855230649816,0.3355771594141658,-3.103763756648004e-5,101.35486715296014,1.4210854715202004e-14,1900.0,1864.8577740192413,true,true
sphere,grid_upstream,7,0.15282554924488068,0.16773793893866243,-2.5635729543864733e-5,130.5886579909921,0.15059312326095056,1.2597051019502816e-6,0.005750135319200319,0.318331062199613,-2.437602444191445e-5,130.5944081263113,0.0,1900.0,1862.9508037269115,true,true
sphere,grid_upstream,8,0.17565777897834778,0.15610682335682216,-2.48341728001833e-5,161.01061592277608,0.14820997943779307,1.166398412919545e-6,0.0065606168140232785,0.3043168027946152,-2.3667774387263754e-5,161.0171765395901,5.551115123125783e-17,1900.0,1861.6453484296799,true,true
sphere,grid_upstream,9,0.19853413105010986,0.14849799768999222,0.000252378135919571,177.1861051257607,0.14524517307847193,-1.6198699152727984e-6,0.0063829134774036345,0.2937431707684642,0.0002507582660042982,177.19248803923807,2.842170943040401e-14,1900.0,1860.749718412757,true,true
sphere,grid_upstream,10,0.22149118781089783,0.1422220527660102,-1.8367730081081395e-6,184.8216905628052,0.142471530627458,-8.606373879299636e-7,0.00701240941508159,0.2846935833934682,-2.6974103960381027e-6,184.82870297222027,4.235164736271502e-22,1900.0,1860.1349082440138,true,true
sphere,grid_upstream,11,0.24454106390476227,0.13589744697324935,-9.586177766323091e-6,192.18735462666493,0.13936184578419503,-1.224754570408604e-6,0.007623920472112086,0.2752592927574444,-1.0810932336731695e-5,192.19497854713703,0.0,1900.0,1859.7135283276439,true,true
sphere,grid_upstream,12,0.267696350812912,0.13074997308664027,-1.2152437120676042e-5,199.61086417392832,0.13600022904006667,-1.8370590831917613e-6,0.008179887949031156,0.2667502021267069,-1.3989496203867804e-5,199.61904406187736,5.551115123125783e-17,1900.0,1859.4253266826272,true,true
sphere,candidate_c,1,0.015625,3.0071983175887733,-1.0079471394419672e-7,0.013759609187254685,0.09723842990940484,-1.5547764753875983e-7,-3.17507002316253e-6,3.104436747498178,-2.562723614829566e-7,0.013756434117231523,0.0,1900.0,1900.0,true,true
sphere,candidate_c,2,0.038986410945653915,0.43692325841384455,-5.9984227700624625e-5,9.81625269095981,0.12505187111040586,1.2011403899947483e-7,0.001016068946497102,0.5619751295242504,-5.986411366162515e-5,9.817268759906309,1.7763568394002505e-15,1900.0,1886.501364827156,true,true
sphere,candidate_c,3,0.06182670220732689,0.30040457549155697,-3.903494041878731e-5,26.725526547225606,0.1406702350702972,6.246734983317294e-7,0.0019991758000714203,0.44107481056185416,-3.841026692045558e-5,26.727525723025675,3.552713678800501e-15,1900.0,1877.6909800767899,true,true
sphere,candidate_c,4,0.08442505449056625,0.24008833721978595,-3.831570153124631e-5,48.6451579602866,0.14808674632885188,6.555144681530402e-7,0.0029776453267793108,0.38817508354863783,-3.766018706309327e-5,48.64813560561339,7.105427357601002e-15,1900.0,1871.7404158115387,true,true
sphere,candidate_c,5,0.1071486696600914,0.20669642584165562,-3.1443040352314714e-5,73.86398421871245,0.15132313795326457,8.265777100091578e-7,0.003943480752285603,0.35801956379492017,-3.061646264230556e-5,73.86792769946473,6.776263578034403e-21,1900.0,1867.663209080696,true,true
sphere,candidate_c,6,0.1300075352191925,0.1837231180025265,-3.041667398065329e-5,101.34993258225734,0.15185646727452767,1.0310376197431028e-6,0.00487487780182832,0.33557958527705417,-2.938563636091019e-5,101.35480746005916,0.0,1900.0,1864.857895731926,true,true
sphere,candidate_c,7,0.15282553434371948,0.16773423379287128,-2.7881893329322343e-5,130.58864417592065,0.15059299274202803,1.2068655004426889e-6,0.005750192813497145,0.3183272265348993,-2.6675027828879654e-5,130.59439436873416,0.0,1900.0,1862.9506869614124,true,true
sphere,candidate_c,8,0.17565777897834778,0.15610801982693376,-2.129276748746634e-5,161.01051328169186,0.14820990167004647,1.2257348739730392e-6,0.006560565722129469,0.3043179214969802,-2.00670326134933e-5,161.017073847414,0.0,1900.0,1861.6451107263565,true,true
sphere,candidate_c,9,0.19853413105010986,0.1484982284344733,0.00025141080841422085,177.1859467930347,0.1452454116265949,-1.6111356084969056e-6,0.006382924846106478,0.29374364006106823,0.00024979967280572393,177.19232971788082,2.842170943040401e-14,1900.0,1860.7498185932636,true,true
sphere,candidate_c,10,0.22149121761322021,0.14221761266700927,-4.376433789730073e-6,184.82164850309493,0.14247165159644185,-1.1547246004905977e-6,0.007012400057543539,0.28468926426345115,-5.53115839022067e-6,184.8286609031525,2.842170943040401e-14,1900.0,1860.1345203071833,true,true
sphere,candidate_c,11,0.24454110860824585,0.1358964315336198,-6.786463782191278e-6,192.18709546837027,0.13936167798187685,-1.3857426307195555e-6,0.00762390924911296,0.2752581095154966,-8.172206412910833e-6,192.1947193776194,2.842170943040401e-14,1900.0,1859.7135095074773,true,true
sphere,candidate_c,12,0.26769644021987915,0.13074899702332918,-8.496483787894251e-6,199.61075600081128,0.1359999381192779,-1.722182692800445e-6,0.008179968880696855,0.26674893514260706,-1.0218666480694695e-5,199.61893596969196,2.842170943040401e-14,1900.0,1859.4254035949707,true,true
plate_1cell,native,1,0.015625,0.10255120279267432,-0.0,3.769852395635099e-5,0.006264609783127348,-2.0128133618874114e-8,4.684947969987205e-6,0.10881581257580168,-2.0128133618874114e-8,4.2383471926338195e-5,1.3877787807814457e-17,1900.0,1900.0,true,true
plate_1cell,native,2,0.044427867978811264,0.06463482962921263,-0.0,9.789520497773776,0.04290357254784113,1.542053669816024e-6,0.0010958018911128777,0.10753840217705377,1.542053669816024e-6,9.790616299664888,0.0,1900.0,1883.3486349582672,true,true
plate_1cell,native,3,0.0721888467669487,0.04549442891031505,-0.0,26.04514903377742,0.06580143796956806,2.5523049276665606e-6,0.00208572516626667,0.1112958668798831,2.5523049276665606e-6,26.047234758943688,0.0,1900.0,1873.8550674915314,true,true
plate_1cell,native,4,0.09939422458410263,0.03567323930561543,-0.0,46.57198580674828,0.07706255966763026,3.1675182617263437e-6,0.003019020255054557,0.11273579897324569,3.1675182617263437e-6,46.57500482700333,0.0,1900.0,1868.161926805973,true,true
plate_1cell,native,5,0.1263175904750824,0.030741082876920706,-0.0,69.86677882686259,0.08263983290952553,3.507924022264631e-6,0.003879962074756334,0.11338091578644624,3.507924022264631e-6,69.87065878893733,1.4210854715202004e-14,1900.0,1864.6827439665794,true,true
plate_1cell,native,6,0.1530694216489792,0.02781663060188294,-0.0,82.38292329460384,0.08503575570155293,-1.1203494173232105e-6,0.0038287491854081964,0.11285238630343587,-1.1203494173232105e-6,82.38675204378926,1.4210854715202004e-14,1900.0,1862.508959889412,true,true
plate_1cell,native,7,0.179620623588562,0.02576943054795266,-0.0,88.72793345913293,0.08614226123198024,-8.558413897841179e-7,0.004476820001195244,0.1119116917799329,-8.558413897841179e-7,88.73241027913413,0.0,1900.0,1861.1470701098442,true,true
plate_1cell,native,8,0.20604334771633148,0.023781594038009647,-0.0,94.99796581923964,0.08561719890599308,-7.791663770989611e-7,0.005048880736236581,0.10939879294400273,-7.791663770989611e-7,95.00301469997586,1.4210854715202004e-14,1900.0,1860.2878288179636,true,true
plate_1cell,native,9,0.23239710927009583,0.022281751632690434,-0.0,101.40866417407992,0.08390724800412501,-7.323494304009583e-7,0.005545745961611318,0.10618899963681544,-7.323494304009583e-7,101.41420992004153,0.0,1900.0,1859.7462715804577,true,true
plate_1cell,native,10,0.2587244510650635,0.021471540033817297,-0.0,107.89867014139892,0.08169792094430933,-6.507031834662726e-7,0.005972084666245669,0.10316946097812663,-6.507031834662726e-7,107.90464222606518,1.4210854715202004e-14,1900.0,1859.3971851691604,true,true
plate_1cell,grid_upstream,1,0.015625,0.08206180083216169,0.001182678426994244,0.0010174376599024983,0.024721357359982505,-1.4819397175948048e-5,-1.6368751169222252e-6,0.1067831581921442,0.0011678590298182959,0.001015800784785576,1.3877787807814457e-17,1900.0,1900.0,true,true
plate_1cell,grid_upstream,2,0.04456682503223419,0.051961994743032855,0.0027384049200918532,9.798597449004886,0.06871665249425804,-5.04560853199472e-5,0.001115379388067126,0.1206786472372909,0.002687948834771906,9.799712828392952,0.0,1900.0,1883.2678039073944,true,true
plate_1cell,grid_upstream,3,0.0725867971777916,0.03667280424328056,0.005357130507472904,17.899135974769855,0.09567576445804436,-7.5186776275408e-5,0.0015683872304493732,0.13234856870132491,0.005281943731197496,17.900704362000305,0.0,1900.0,1873.7174669504166,true,true
plate_1cell,grid_upstream,4,0.10024513304233551,0.026230449997819965,0.007157463032635861,27.773170809594454,0.10761162578819951,-8.420316673451363e-5,0.00241448693259858,0.13384207578601948,0.007073259865901348,27.77558529652705,8.673617379884035e-19,1900.0,1867.993712902069,true,true
plate_1cell,grid_upstream,5,0.12766292691230774,0.021592252380214637,0.00848767867544666,39.01906337061432,0.11232212770948538,-8.521127213489579e-5,0.0032354159603667303,0.13391438008970002,0.008402467403311766,39.02229878657469,1.734723475976807e-18,1900.0,1864.5063508749008,true,true
plate_1cell,grid_upstream,6,0.15484368801116943,0.01937837204197422,0.009457256922032685,51.15251175231069,0.11368453463955577,-8.001773371681555e-5,0.003994746219962551,0.13306290668152998,0.00937723918831587,51.156506498530646,1.734723475976807e-18,1900.0,1862.3610457777977,true,true
plate_1cell,grid_upstream,7,0.1818675845861435,0.018102845265530052,0.010150427297921854,57.56962582198904,0.11377301001149479,-7.15435140366716e-5,0.0046775889228575195,0.13187585527702483,0.010078883783885181,57.5743034109119,1.734723475976807e-18,1900.0,1861.029219135642,true,true
plate_1cell,grid_upstream,8,0.20877552032470703,0.01674390351865441,0.010730332668172197,63.76214758034331,0.11249870250233927,-6.234924720983527e-5,0.005278240103871582,0.1292426060209937,0.010667983420962363,63.76742582044718,1.734723475976807e-18,1900.0,1860.200895279646,true,true
plate_1cell,grid_upstream,9,0.23560629785060883,0.015618761843070391,0.011215673447586599,70.09080898499583,0.11016593382448436,-5.346321023393164e-5,0.005798113969067506,0.12578469566755476,0.011162210237352668,70.0966070989649,0.0,1900.0,1859.6781950965524,true,true
plate_1cell,grid_upstream,10,0.26239538192749023,0.014976385459303859,0.011615103420335803,76.49776896841826,0.10733522633369832,-4.48944844214494e-5,0.0062438042604770075,0.12231161179300218,0.011570208935914351,76.50401277267873,1.734723475976807e-18,1900.0,1859.3496730923653,true,true
plate_1cell,candidate_c,1,0.015625,0.08089175229135437,-0.0009635195393639153,0.0010441672202432528,0.02468627466409263,-9.758846055630129e-6,-1.324754471834708e-6,0.105578026955447,-0.0009732783854195454,0.0010428424657714182,1.3877787807814457e-17,1900.0,1900.0,true,true
plate_1cell,candidate_c,2,0.04472710192203522,0.051061506786500115,-0.0008004736709699502,9.798784615874759,0.06881124997676126,-2.574288897496294e-5,0.001123294555199408,0.11987275676326137,-0.0008262165599449131,9.799907910429956,1.7763568394002505e-15,1900.0,1883.1759867668152,true,true
plate_1cell,candidate_c,3,0.07300075143575668,0.03583992774074432,-0.00043366467361920523,17.87116819433919,0.09583544963516262,-4.5601323217102096e-5,0.001582824619732706,0.13167537737590695,-0.00047926599683630733,17.872751018958922,0.0,1900.0,1873.5664474964142,true,true
plate_1cell,candidate_c,4,0.1009061262011528,0.025449476165231324,-8.195629314286636e-5,27.702210683582823,0.10769446534132841,-5.821079534022362e-5,0.002436850752734528,0.13314394150655973,-0.00014016708848308998,27.704647534335557,0.0,1900.0,1867.8486666083336,true,true
plate_1cell,candidate_c,5,0.128416046500206,0.020918229816015814,0.00027136015472933655,38.944360705849256,0.11227250465014552,-6.667712726841525e-5,0.003258873456049259,0.13319073446616134,0.0002046830274609213,38.947619579305304,0.0,1900.0,1864.4071779847145,true,true
plate_1cell,candidate_c,6,0.15567119419574738,0.01873946886043996,0.0005386984103824945,51.06883818487638,0.11353308946973359,-7.202306010235639e-5,0.004017539155157098,0.13227255833017354,0.00046667535028013807,51.072855724031534,0.0,1900.0,1862.295123308897,true,true
plate_1cell,candidate_c,7,0.18275995552539825,0.01748039619997144,0.0006874025962315501,57.47922195463675,0.11354921417483185,-7.483533655792741e-5,0.004698749560236851,0.1310296103748033,0.0006125672596736227,57.48392070419699,7.105427357601002e-15,1900.0,1860.987380579114,true,true
plate_1cell,candidate_c,8,0.20973552763462067,0.01613650643732399,0.0007564209762495012,63.661779841575786,0.11222736246610568,-7.743686479364544e-5,0.005297312959808223,0.12836386890342968,0.0006789841114558557,63.6670771545356,2.7755575615628914e-17,1900.0,1860.1685111224651,true,true
plate_1cell,candidate_c,9,0.23662547767162323,0.01503727312665433,0.0007950405660085381,69.98044735527598,0.10986737782252023,-7.896863246640464e-5,0.005814710868577856,0.12490465094917456,0.0007160719335421336,69.98626206614456,1.0842021724855044e-19,1900.0,1859.6570466831326,true,true
plate_1cell,candidate_c,10,0.2634645700454712,0.014408800206147137,0.0008327231509611012,76.37808779913934,0.10702177184069571,-7.981318745554302e-5,0.0062576675194772335,0.12143057204684285,0.0007529099635055582,76.38434546665881,0.0,1900.0,1859.3356884866953,true,true
plate_2cell,native,1,0.015625,0.21886746305972343,-3.09784256387502e-5,0.00039281004574149854,0.03196961429782897,1.277837854649633e-6,1.304681697461105e-5,0.2508370773575524,-2.9700587784100567e-5,0.0004058568627161096,3.3881317890172014e-21,1900.0,1900.0,true,true
plate_2cell,native,2,0.04341726750135422,0.0816029029292986,-8.682670362759384e-5,9.791223173153123,0.06987971367306274,5.5848361153237895e-6,0.0011278889896369972,0.15148261660236134,-8.124186751227004e-5,9.79235106214276,0.0,1900.0,1883.9360882043839,true,true
plate_2cell,native,3,0.07043766230344772,0.05517651730217041,-9.771064855158331e-5,26.110530299535025,0.09256123575602204,9.56257928720561e-6,0.002142067482672392,0.14773775305819245,-8.81480692643777e-5,26.112672367017698,0.0,1900.0,1874.489049077034,true,true
plate_2cell,native,4,0.09691353142261505,0.04436037497594954,-0.00010386148467659953,46.848125687185686,0.10370453020134393,1.3475885880640528e-5,0.0030975270678290563,0.14806490517729348,-9.0385598795959e-5,46.851223214253515,1.3552527156068805e-20,1900.0,1868.715859234333,true,true
plate_2cell,native,5,0.12312979251146317,0.03927457481622697,-9.81201231479645e-5,70.47436754688621,0.10916611644304781,1.604125160380665e-5,0.0039837462383791695,0.14844069125927478,-8.207887154415784e-5,70.4783512931246,1.4210854715202004e-14,1900.0,1865.109316945076,true,true
plate_2cell,native,6,0.14921194314956665,0.03559625018388034,-9.232681244611742e-5,95.9980507598445,0.11121014276743327,1.7842435938394412e-5,0.004789888364383473,0.1468063929513136,-7.4484376507723e-5,96.00284064820887,1.4210854715202004e-14,1900.0,1862.8371894061565,true,true
plate_2cell,native,7,0.1752336323261261,0.03298953168094159,-8.712925016880037e-5,122.75883230738344,0.11111763611284334,1.914009404520634e-5,0.005511721499958072,0.14410716779378493,-6.798915612359404e-5,122.7643440288834,0.0,1900.0,1861.3865903317928,true,true
plate_2cell,native,8,0.20123644173145294,0.031344767138361936,6.815902888774873e-5,137.0408965726942,0.1098316252909706,1.574875349028782e-5,0.0052782387988562374,0.14117639242933253,8.390778237803655e-5,137.04617481149307,0.0,1900.0,1860.4579397290945,true,true
plate_2cell,native,9,0.22723233699798584,0.030055736675858504,-6.837181746959687e-5,143.80355177469553,0.1084064123082999,1.7426708791125627e-5,0.0057764492796457045,0.1384621489841584,-5.094510867847125e-5,143.80932822397517,6.776263578034403e-21,1900.0,1859.8620032519102,true,true
plate_2cell,native,10,0.25320863723754883,0.028732704967260367,-7.122769951820375e-5,150.35112211182715,0.10637377685967069,1.871302706819345e-5,0.0062408939240058475,0.13510648182693105,-5.25146724500103e-5,150.35736300575118,2.842170943040401e-14,1900.0,1859.4804574400187,true,true
plate_2cell,grid_upstream,1,0.015625,0.4291747643612326,-0.00010168359091039526,-5.92579075600952e-5,0.06043568287009144,-7.474768402060407e-6,1.3507661321172928e-5,0.4896104472313241,-0.00010915835931245567,-4.575024623892227e-5,5.551115123125783e-17,1900.0,1900.0,true,true
plate_2cell,grid_upstream,2,0.0434817373752594,0.1329829433327541,-5.7359863421890845e-6,9.790172713241484,0.09738364479585927,-2.092227310576789e-5,0.0011809245809954463,0.23036658812861338,-2.6658259447956972e-5,9.79135363782248,1.7763568394002505e-15,1900.0,1883.8988642692566,true,true
plate_2cell,grid_upstream,3,0.07056839764118195,0.08946662074886264,-3.762830048799599e-5,26.08856466445141,0.11785766992799952,-3.516134968148566e-5,0.0022390608507231098,0.20732429067686217,-7.278965016948165e-5,26.090803725302134,2.7755575615628914e-17,1900.0,1874.4400188922882,true,true
plate_2cell,grid_upstream,4,0.09710288047790527,0.07191857298836113,-5.994249135256315e-5,46.79580883555115,0.12703353043372548,-4.448770096826983e-5,0.003228818752519374,0.1989521034220866,-0.00010443019232083297,46.799037654303675,7.105427357601002e-15,1900.0,1868.663048505783,true,true
plate_2cell,grid_upstream,5,0.12336865067481995,0.0633401445299387,-5.833130329848004e-5,70.38845161158594,0.1308971668878087,-4.988607655080469e-5,0.004140610014249014,0.19423731141774742,-0.00010821737984928473,70.39259222160018,0.0,1900.0,1865.081620812416,true,true
plate_2cell,grid_upstream,6,0.14949266612529755,0.05718833796679975,-7.644467055797692e-5,95.87543895259502,0.13164195103373746,-5.510865581648706e-5,0.004967565735955565,0.1888302890005372,-0.000131553326374464,95.88040651833097,2.7755575615628914e-17,1900.0,1862.8115548491478,true,true
plate_2cell,grid_upstream,7,0.17554867267608643,0.05334115907549859,0.0001727160811424278,109.19686374895277,0.1306206127247015,-6.300157328712586e-5,0.004808113527171104,0.18396177180020007,0.00010971450785530192,109.20167186247994,1.3552527156068805e-20,1900.0,1861.3703784942627,true,true
plate_2cell,grid_upstream,8,0.2015857994556427,0.050311029329895986,-8.871555328369144e-5,115.8072909808159,0.12917312461160366,-6.579547459826697e-5,0.0054288118623316275,0.17948415394149964,-0.0001545110278819584,115.81271979267824,0.0,1900.0,1860.444382533431,true,true
plate_2cell,grid_upstream,9,0.22759632766246796,0.047215256690979014,-0.00011207073926925661,122.27015498049559,0.12681658426986134,-6.856933692167334e-5,0.005977787195817258,0.17403184096084037,-0.00018064007619092995,122.27613276769142,1.4210854715202004e-14,1900.0,1859.8539370447397,true,true
plate_2cell,grid_upstream,10,0.25359827280044556,0.044771343171596534,-0.00012314938008786585,128.8293236959726,0.12380819963326124,-7.094094781929573e-5,0.006454266851658056,0.1685795428048578,-0.00019409032790716155,128.83577796282424,2.7755575615628914e-17,1900.0,1859.473030373454,true,true
plate_2cell,candidate_c,1,0.015625,0.429174773329869,-0.00010181627294514109,-6.8463878124021e-5,0.060435681336635565,-7.474272751331058e-6,1.3507739851164709e-5,0.48961045466650455,-0.00010929054569647215,-5.49561382728563e-5,6.776263578034403e-21,1900.0,1900.0,true,true
plate_2cell,candidate_c,2,0.0434817373752594,0.13298297796864064,-5.756936698163576e-6,9.790154401029287,0.09738363801441041,-2.090595177147492e-5,0.0011809250133649179,0.23036661598305105,-2.6662888469638494e-5,9.791335326042653,3.3881317890172014e-21,1900.0,1883.898863196373,true,true
plate_2cell,candidate_c,3,0.07056839019060135,0.08946665674448015,-3.769242204725827e-5,26.0886036323756,0.11785778530661448,-3.518237300886352e-5,0.0022390673591794435,0.20732444205109463,-7.287479505612178e-5,26.090842699734782,1.3552527156068805e-20,1900.0,1874.4402626752853,true,true
plate_2cell,candidate_c,4,0.09710288047790527,0.07191798193380237,-6.0339961200957545e-5,46.79583401456476,0.127033508989731,-4.448261511659336e-5,0.003228803910409682,0.1989514909235334,-0.0001048225763175509,46.799062818475164,7.105427357601002e-15,1900.0,1868.6631304621696,true,true
plate_2cell,candidate_c,5,0.12336865067481995,0.0633397163078189,-5.756985396147442e-5,70.38838622272016,0.13089702564115557,-4.985891510177144e-5,0.004140622249756572,0.19423674194897447,-0.00010742876906324586,70.39252684496992,1.4210854715202004e-14,1900.0,1865.0813648700714,true,true
plate_2cell,candidate_c,6,0.14949268102645874,0.05718906603753568,-7.895097136497612e-5,95.87535547509792,0.1316420868671014,-5.511871139026515e-5,0.004967578776830407,0.1888311529046371,-0.00013406968275524127,95.88032305387475,0.0,1900.0,1862.8117871582508,true,true
plate_2cell,candidate_c,7,0.17554867267608643,0.05334135420620442,0.0001715379953384422,109.19681115761401,0.1306206470504094,-6.300283991527796e-5,0.004808139927684892,0.18396200125661383,0.00010853515542316424,109.2016192975417,1.3552527156068805e-20,1900.0,1861.3704817593098,true,true
plate_2cell,candidate_c,8,0.2015857994556427,0.05031064234673978,-8.784644305706028e-5,115.80727767251435,0.1291730458252046,-6.580992976546796e-5,0.005428808754944578,0.17948368817194438,-0.00015365637282252826,115.81270648126929,2.710505431213761e-20,1900.0,1860.444243863225,true,true
plate_2cell,candidate_c,9,0.22759634256362915,0.04721549771726132,-0.00011072985827922824,122.27012408301236,0.12681652193180756,-6.859268202608517e-5,0.005977837767665691,0.17403201964906886,-0.0001793225403053134,122.27610192078002,2.7755575615628914e-17,1900.0,1859.8538286983967,true,true
plate_2cell,candidate_c,10,0.25359833240509033,0.044771270602941525,-0.0001222112029791012,128.82926158025865,0.12380830018930104,-7.098197369305894e-5,0.006454281479898719,0.16857957079224256,-0.00019319317667216012,128.83571586173852,2.842170943040401e-14,1900.0,1859.4732741564512,true,true
moving_ground_only,native,1,0.015625,-0.0,-0.0,-0.0,-0.0,-0.0,-0.0,-0.0,-0.0,-0.0,0.0,1900.0,1900.0,true,true
moving_ground_only,native,2,0.046875,-0.0,-0.0,4.890952469881159,0.033510867002389665,-4.0305520261760356e-7,0.0007843498689660645,0.033510867002389665,-4.0305520261760356e-7,4.891736819750125,0.0,1900.0,1881.9443941116333,true,true
moving_ground_only,native,3,0.07635530829429626,-0.0,-0.0,12.785083979717458,0.059266222915071026,-6.267853707119139e-7,0.0016048172896931238,0.059266222915071026,-6.267853707119139e-7,12.78668879700715,0.0,1900.0,1872.4580414295197,true,true
moving_ground_only,native,4,0.10500761866569519,-0.0,-0.0,22.66340599313379,0.07123666769874945,-7.727798426032663e-7,0.002445037217904265,0.07123666769874945,-7.727798426032663e-7,22.665851030351693,0.0,1900.0,1867.0244061350822,true,true
moving_ground_only,native,5,0.13333497941493988,-0.0,-0.0,33.76379467904568,0.07568707619553608,-8.432711768847219e-7,0.003250829590259287,0.07568707619553608,-8.432711768847219e-7,33.767045508635945,7.105427357601002e-15,1900.0,1863.8058452010155,true,true
moving_ground_only,native,6,0.1614130586385727,-0.0,-0.0,45.6645737528801,0.0771306983667637,-8.969673796680249e-7,0.003989045060128263,0.0771306983667637,-8.969673796680249e-7,45.66856279794023,0.0,1900.0,1861.859994649887,true,true
moving_ground_only,native,7,0.18935531377792358,-0.0,-0.0,51.92398656249048,0.07764725394552899,-5.456955207849835e-7,0.004644914720853991,0.07764725394552899,-5.456955207849835e-7,51.92863147721133,0.0,1900.0,1860.6724137067795,true,true
moving_ground_only,native,8,0.21725356578826904,-0.0,-0.0,57.92987446844579,0.07705412069853994,-5.053567164073348e-7,0.005216436278317859,0.07705412069853994,-5.053567164073348e-7,57.935090904724106,0.0,1900.0,1859.9362026154995,true,true
moving_ground_only,native,9,0.24516645073890686,-0.0,-0.0,64.03432092368604,0.07554220919919317,-4.703718948417119e-7,0.005705693546295763,0.07554220919919317,-4.703718948417119e-7,64.04002661723234,1.4210854715202004e-14,1900.0,1859.498111575842,true,true
moving_ground_only,native,10,0.27311548590660095,-0.0,-0.0,70.18722933828832,0.0735459668092608,-4.549812100599488e-7,0.006119583394773259,0.0735459668092608,-4.549812100599488e-7,70.1933489216831,0.0,1900.0,1859.2204200997949,true,true
moving_ground_only,grid_upstream,1,0.015625,-0.0,-0.0,-0.0,-0.0,-0.0,-0.0,-0.0,-0.0,-0.0,0.0,1900.0,1900.0,true,true
moving_ground_only,grid_upstream,2,0.046875,-0.0,-0.0,4.890959716273938,0.033510870662864824,-4.0352681129320065e-7,0.0007843590912744005,0.033510870662864824,-4.0352681129320065e-7,4.891744075365213,0.0,1900.0,1881.9443941116333,true,true
moving_ground_only,grid_upstream,3,0.07635530829429626,-0.0,-0.0,12.78508566886507,0.059266245858689226,-6.357150270262445e-7,0.0016048196291380992,0.059266245858689226,-6.357150270262445e-7,12.786690488494207,1.7763568394002505e-15,1900.0,1872.4580368995667,true,true
moving_ground_only,grid_upstream,4,0.10500761866569519,-0.0,-0.0,22.663430337011818,0.07123672876259209,-7.776914329080122e-7,0.0024450388661690584,0.07123672876259209,-7.776914329080122e-7,22.665875375877985,3.552713678800501e-15,1900.0,1867.0246504545212,true,true
moving_ground_only,grid_upstream,5,0.13333497941493988,-0.0,-0.0,33.763788641691214,0.07568708491699,-8.446122749175557e-7,0.0032508247993986578,0.07568708491699,-8.446122749175557e-7,33.76703946649061,7.105427357601002e-15,1900.0,1863.80595099926,true,true
moving_ground_only,grid_upstream,6,0.1614130586385727,-0.0,-0.0,45.664592786729344,0.07713069883299342,-8.704762763142583e-7,0.003989039780999378,0.07713069883299342,-8.704762763142583e-7,45.66858182651034,0.0,1900.0,1861.8599837720394,true,true
moving_ground_only,grid_upstream,7,0.18935531377792358,-0.0,-0.0,51.923981208205234,0.07764722728250037,-5.57919154989678e-7,0.0046449097870180376,0.07764722728250037,-5.57919154989678e-7,51.92862611799225,0.0,1900.0,1860.672283217311,true,true
moving_ground_only,grid_upstream,8,0.21725358068943024,-0.0,-0.0,57.92987126648427,0.07705409894984315,-4.845822567254568e-7,0.005216467628301019,0.07705409894984315,-4.845822567254568e-7,57.93508773411257,0.0,1900.0,1859.9362079948187,true,true
moving_ground_only,grid_upstream,9,0.24516646564006805,-0.0,-0.0,64.0343251413107,0.0755421624483006,-4.431776352584227e-7,0.005705699802835655,0.0755421624483006,-4.431776352584227e-7,64.04003084111355,1.4210854715202004e-14,1900.0,1859.4981080517173,true,true
moving_ground_only,grid_upstream,10,0.27311548590660095,-0.0,-0.0,70.18723814070226,0.07354584164898371,-4.55248487275968e-7,0.006119568953354816,0.07354584164898371,-4.55248487275968e-7,70.19335770965561,0.0,1900.0,1859.2201985009015,true,true
moving_ground_only,candidate_c,1,0.015625,-0.0,-0.0,-0.0,-0.0,-0.0,-0.0,-0.0,-0.0,-0.0,0.0,1900.0,1900.0,true,true
moving_ground_only,candidate_c,2,0.046875,-0.0,-0.0,4.890952469881159,0.033510867002389665,-4.0305520261760356e-7,0.0007843498689660645,0.033510867002389665,-4.0305520261760356e-7,4.891736819750125,0.0,1900.0,1881.9443941116333,true,true
moving_ground_only,candidate_c,3,0.07635530829429626,-0.0,-0.0,12.785083979717458,0.059266222915071026,-6.267853707119139e-7,0.0016048172896931238,0.059266222915071026,-6.267853707119139e-7,12.78668879700715,0.0,1900.0,1872.4580414295197,true,true
moving_ground_only,candidate_c,4,0.10500761866569519,-0.0,-0.0,22.66340599313379,0.07123666769874945,-7.727798426032663e-7,0.002445037217904265,0.07123666769874945,-7.727798426032663e-7,22.665851030351693,0.0,1900.0,1867.0244061350822,true,true
moving_ground_only,candidate_c,5,0.13333497941493988,-0.0,-0.0,33.76379467904568,0.07568707619553608,-8.432711768847219e-7,0.003250829590259287,0.07568707619553608,-8.432711768847219e-7,33.767045508635945,7.105427357601002e-15,1900.0,1863.8058452010155,true,true
moving_ground_only,candidate_c,6,0.1614130586385727,-0.0,-0.0,45.6645737528801,0.0771306983667637,-8.969673796680249e-7,0.003989045060128263,0.0771306983667637,-8.969673796680249e-7,45.66856279794023,0.0,1900.0,1861.859994649887,true,true
moving_ground_only,candidate_c,7,0.18935531377792358,-0.0,-0.0,51.92398656249048,0.07764725394552899,-5.456955207849835e-7,0.004644914720853991,0.07764725394552899,-5.456955207849835e-7,51.92863147721133,0.0,1900.0,1860.6724137067795,true,true
moving_ground_only,candidate_c,8,0.21725356578826904,-0.0,-0.0,57.92987446844579,0.07705412069853994,-5.053567164073348e-7,0.005216436278317859,0.07705412069853994,-5.053567164073348e-7,57.935090904724106,0.0,1900.0,1859.9362026154995,true,true
moving_ground_only,candidate_c,9,0.24516645073890686,-0.0,-0.0,64.03432092368604,0.07554220919919317,-4.703718948417119e-7,0.005705693546295763,0.07554220919919317,-4.703718948417119e-7,64.04002661723234,1.4210854715202004e-14,1900.0,1859.498111575842,true,true
moving_ground_only,candidate_c,10,0.27311548590660095,-0.0,-0.0,70.18722933828832,0.0735459668092608,-4.549812100599488e-7,0.006119583394773259,0.0735459668092608,-4.549812100599488e-7,70.1933489216831,0.0,1900.0,1859.2204200997949,true,true
