fixture,mode,phi_sha256,steps,t_reached,window_samples,fx_n,fy_n,fz_n,pfx_n,pfy_n,pfz_n,vfx_n,vfy_n,vfz_n,force_closure_n,inlet_flux_solver,outlet_flux_solver,flux_difference_solver,finite_u,finite_p
sphere,native,432c45e63734b399f9ba8b9abce7b71ac63dfe45ba4549757b1152c11d75f575,12,0.2674606740474701,7,0.31257787158292943,3.0132101889815384e-5,146.50898465125582,0.16415025967689822,2.9373715673498127e-5,146.5029208094913,0.1484276119060312,7.583862163172586e-7,0.006063841764564069,2.842170943040401e-14,1900.0,1862.5231577640504,-37.47684223594956,true,true
sphere,grid_upstream,432c45e63734b399f9ba8b9abce7b71ac63dfe45ba4549757b1152c11d75f575,12,0.267696350812912,7,0.31013495784793915,2.0785204586958155e-5,146.0058828926043,0.16299507440453367,2.068254122236642e-5,145.9998687410007,0.1471398834434055,1.0266336459173799e-7,0.006014151603581991,2.842170943040401e-14,1900.0,1862.5205872645142,-37.47941273548577,true,true
sphere,candidate_c,432c45e63734b399f9ba8b9abce7b71ac63dfe45ba4549757b1152c11d75f575,12,0.26769644021987915,7,0.3101341665853725,2.0946160430834432e-5,146.0057960287942,0.16299427223691793,2.0899260530903804e-5,145.9997818734927,0.14713989434845454,4.68998999306293e-8,0.006014155301469138,2.842170943040401e-14,1900.0,1862.5204907751383,-37.47950922486166,true,true
plate_1cell,native,067b7728c83d1676b2919efacc3a2b7fed8e90a8e9c05c99472df781a375e72e,10,0.2587244510650635,5,0.11067747935700849,2.647579975565666e-7,84.57609004184624,0.026774569611867357,0.0,84.5716234326537,0.08390290974514113,2.647579975565666e-7,0.004466609192536462,1.4210854715202004e-14,1900.0,1862.1707171516152,-37.829282848384764,true,true
plate_1cell,grid_upstream,067b7728c83d1676b2919efacc3a2b7fed8e90a8e9c05c99472df781a375e72e,10,0.26239538192749023,6,0.13095374844727187,0.009684277454477265,53.862297186533816,0.019004006988294835,0.009755797365691645,53.85788915700402,0.11194974145897703,-7.151991121438118e-5,0.004408029529790299,1.3877787807814457e-17,1900.0,1862.1432867091844,-37.856713290815605,true,true
plate_1cell,candidate_c,067b7728c83d1676b2919efacc3a2b7fed8e90a8e9c05c99472df781a375e72e,10,0.2634645700454712,6,0.13020485031379547,0.0004693241122859087,53.51487962905846,0.018423889298992184,0.0005417594943886304,53.51047144704307,0.1117809610148033,-7.243538210272168e-5,0.004408182015411471,7.105427357601002e-15,1900.0,1862.1277170419103,-37.87228295808973,true,true
plate_2cell,native,bed5e090e5518eab0aa8c903668a849cd600212adc6a938655bc86375b2da256,10,0.25320863723754883,5,0.14351820408015184,-4.2792185781213e-5,111.8299784577688,0.03423116572770234,-5.987435928968676e-5,111.82496729561002,0.1092870383524495,1.7082173508473766e-5,0.0050111621587605095,2.842170943040401e-14,1900.0,1862.2316897110488,-37.76831028895117,true,true
plate_2cell,grid_upstream,bed5e090e5518eab0aa8c903668a849cd600212adc6a938655bc86375b2da256,10,0.25359827280044556,5,0.18415924057813837,-0.0001001644050755775,100.47933189806182,0.05490425814685236,-4.014353124330165e-5,100.47430690036265,0.12925498243128605,-6.0020873832275844e-5,0.005024997699162445,1.4210854715202004e-14,1900.0,1862.227473597402,-37.77252640259803,true,true
plate_2cell,candidate_c,bed5e090e5518eab0aa8c903668a849cd600212adc6a938655bc86375b2da256,10,0.25359833240509033,5,0.18415924292192198,-0.0001002649504257703,100.47928351196049,0.05490427408813827,-4.023801936826648e-5,100.47425849738154,0.1292549688337837,-6.002693105750381e-5,0.005025014578941128,2.842170943040401e-14,1900.0,1862.227466503176,-37.77253349682405,true,true
moving_ground_only,native,1cf218b1e2a00f35e8a879e6195b745a93bf1df1363b6023498cf48e4fc1495b,10,0.27311548590660095,6,0.07594839743931274,-6.78854194344855e-7,46.22781975052024,0.0,0.0,46.22360267945487,0.07594839743931274,-6.78854194344855e-7,0.00421707106537695,1.4210854715202004e-14,1900.0,1862.0261719203966,-37.973828079603436,true,true
moving_ground_only,grid_upstream,1cf218b1e2a00f35e8a879e6195b745a93bf1df1363b6023498cf48e4fc1495b,10,0.27311548590660095,6,0.07594839198664022,-6.698794287324759e-7,46.2278231663064,0.0,0.0,46.22360609135843,0.07594839198664022,-6.698794287324759e-7,0.00421707494796968,1.4210854715202004e-14,1900.0,1862.0261960287244,-37.97380397127563,true,true
moving_ground_only,candidate_c,1cf218b1e2a00f35e8a879e6195b745a93bf1df1363b6023498cf48e4fc1495b,10,0.27311548590660095,6,0.07594839743931274,-6.78854194344855e-7,46.22781975052024,0.0,0.0,46.22360267945487,0.07594839743931274,-6.78854194344855e-7,0.00421707106537695,1.4210854715202004e-14,1900.0,1862.0261719203966,-37.973828079603436,true,true
