variant,stage,field,max_all,max_interior,max_box,l2_interior,l2_box,argmax,argmax_box
full/quick,input,u,1.0,1.0,1.0,2.078830664005233,2.0795234705314742,,
full/quick,input,dt,4.2314542980648184e-9,0.0,0.0,0.0,0.0,,
full/quick,pre_scale,u0,1.0,1.0,1.0,2.07883066400088,2.0795234705314773,6;4;51;1,6;4;3;1
full/quick,predict_conv_diff,f,8.787467956542969,8.787467956542969,8.787467956542969,13.866249316912297,13.8657719835926,6;4;51;1,6;4;3;1
full/quick,predict_bdim,u,1.8975772857666016,1.8975772857666016,1.8975772857666016,2.8534967571687524,2.8538853836573495,6;4;51;1,6;4;3;1
full/quick,predict_bdim,f,1.8975772857666016,1.8975772857666016,1.8975772857666016,2.853509419762121,2.8539860161845536,6;4;51;1,6;4;3;1
full/quick,predict_bc,u,1.8975772857666016,1.8975772857666016,1.8975772857666016,2.8534967571687524,2.8543423451510495,6;4;51;1,6;4;3;1
full/quick,predict_exitbc,u,1.8975772857666016,1.8975772857666016,1.8975772857666016,2.8534967571687524,2.8543423451510495,6;4;51;1,6;4;3;1
full/quick,project1_solve,x,0.6368829607963562,0.6368829607963562,0.6368829607963562,0.803425071739519,0.8010670975364269,5;4;51,
full/quick,project1_gradient,u,1.0521318912506104,1.0521318912506104,1.0521318912506104,2.246001586736408,2.246888207679083,6;4;51;1,6;4;3;1
full/quick,project1_bc,u,1.0521318912506104,1.0521318912506104,1.0521318912506104,2.246001586736408,2.2471209695849543,6;4;51;1,6;4;3;1
full/quick,project1_bc,p,1.931471824645996,1.931471824645996,1.931471824645996,2.4365432703385284,2.4293922540209225,5;4;51,
full/quick,correct_conv_diff,f,12.597752571105957,12.597752571105957,12.597752571105957,18.44561137045468,18.444651821397017,6;4;51;1,6;4;3;1
full/quick,correct_bdim,u,4.1018476486206055,4.1018476486206055,4.1018476486206055,5.861451577562627,5.861660960748098,6;4;51;1,6;4;3;1
full/quick,correct_bdim,f,5.153979301452637,5.153979301452637,5.153979301452637,7.858568096342146,7.8583524355924625,6;4;51;1,6;4;3;1
full/quick,correct_scale,u,2.0509238243103027,2.0509238243103027,2.0509238243103027,2.9307257887813134,2.931804168705543,6;4;51;1,6;4;3;1
full/quick,correct_bc,u,2.0509238243103027,2.0509238243103027,2.0509238243103027,2.9307257887813134,2.9311553985339356,6;4;51;1,6;4;3;1
full/quick,project2_solve,x,0.5017290115356445,0.5017290115356445,0.5017290115356445,0.6301564232522007,0.6280389129822459,5;4;51,
full/quick,project2_gradient,u,1.3859398365020752,1.3859398365020752,1.3859398365020752,2.589173649608427,2.5895629074869566,6;4;51;1,6;4;3;1
full/quick,project2_bc,u,1.3859398365020752,1.3859398365020752,1.3859398365020752,2.589173649608427,2.5900004678700217,6;4;51;1,6;4;3;1
full/quick,project2_bc,p,3.043182134628296,3.043182134628296,3.043182134628296,3.822144495280263,3.809300969601587,5;4;51,
full/quick,cfl_dt,dt,3.3462124182648267e-9,0.0,0.0,0.0,0.0,,
full/tie1e-5,input,u,1.0,1.0,1.0,2.078830664005233,2.0795234705314742,,
full/tie1e-5,input,dt,4.2314542980648184e-9,0.0,0.0,0.0,0.0,,
full/tie1e-5,pre_scale,u0,1.0,1.0,1.0,2.07883066400088,2.0795234705314773,6;4;51;1,6;4;3;1
full/tie1e-5,predict_conv_diff,f,5.548975944519043,5.548975944519043,5.548975944519043,10.604023294411727,10.603588262883243,6;4;51;1,6;4;3;1
full/tie1e-5,predict_bdim,u,0.829717755317688,0.829717755317688,0.829717755317688,1.6154278520187466,1.61633440117205,6;4;51;1,6;4;3;1
full/tie1e-5,predict_bdim,f,0.829717755317688,0.829717755317688,0.829717755317688,1.6154488399419222,1.6163601934597132,6;4;51;1,6;4;3;1
full/tie1e-5,predict_bc,u,0.829717755317688,0.829717755317688,0.829717755317688,1.6154278520187466,1.616575365341705,6;4;51;1,6;4;3;1
full/tie1e-5,predict_exitbc,u,0.829717755317688,0.829717755317688,0.829717755317688,1.6154278520187466,1.616575365341705,6;4;51;1,6;4;3;1
full/tie1e-5,project1_solve,x,0.16366562247276306,0.16366562247276306,0.16366562247276306,0.2921589321359226,0.28890773394448177,6;4;51,
full/tie1e-5,project1_gradient,u,0.600105881690979,0.600105881690979,0.600105881690979,1.4586908538555619,1.4601033776802157,7;4;51;1,7;4;3;1
full/tie1e-5,project1_bc,u,0.600105881690979,0.600105881690979,0.600105881690979,1.4586908538555619,1.4592845231970317,7;4;51;1,7;4;3;1
full/tie1e-5,project1_bc,p,0.49634793400764465,0.49634793400764465,0.49634793400764465,0.886028952408864,0.8761690606861173,6;4;51,
full/tie1e-5,correct_conv_diff,f,2.917356014251709,2.917356014251709,2.917356014251709,6.995108086318253,6.994574727681875,7;4;51;1,7;4;3;1
full/tie1e-5,correct_bdim,u,1.254443645477295,1.254443645477295,1.254443645477295,2.7739105797872963,2.773965162832872,6;4;51;1,6;4;3;1
full/tie1e-5,correct_bdim,f,1.770475149154663,1.770475149154663,1.770475149154663,4.1741168709525285,4.174256431438761,6;4;51;1,6;4;3;1
full/tie1e-5,correct_scale,u,0.6272218227386475,0.6272218227386475,0.6272218227386475,1.3869552898936481,1.3876164997773628,6;4;51;1,6;4;3;1
full/tie1e-5,correct_bc,u,0.6272218227386475,0.6272218227386475,0.6272218227386475,1.3869552898936481,1.3875292187685837,6;4;51;1,6;4;3;1
full/tie1e-5,project2_solve,x,0.03041134402155876,0.03041134402155876,0.03041134402155876,0.09193483091936158,0.09025526538388241,6;5;51,
full/tie1e-5,project2_gradient,u,0.58549565076828,0.58549565076828,0.58549565076828,1.37601061644312,1.376651901118178,6;4;51;1,6;4;3;1
full/tie1e-5,project2_bc,u,0.58549565076828,0.58549565076828,0.58549565076828,1.37601061644312,1.3764139432200966,6;4;51;1,6;4;3;1
full/tie1e-5,project2_bc,p,0.18445666134357452,0.18445666134357452,0.18445666134357452,0.5576206117578454,0.5474333954414831,6;5;51,
full/tie1e-5,cfl_dt,dt,3.2284834805551554e-9,0.0,0.0,0.0,0.0,,
box_only/quick,input,u,1.0,1.0,1.0,2.078571905652749,2.0795234705314742,,
box_only/quick,input,dt,0.0,0.0,0.0,0.0,0.0,,
box_only/quick,pre_scale,u0,1.0,1.0,1.0,2.0785719056527516,2.0795234705314773,6;4;51;1,6;4;3;1
box_only/quick,predict_conv_diff,f,8.787467956542969,8.787467956542969,8.787467956542969,13.865423086469157,13.865751013840216,6;4;51;1,6;4;3;1
box_only/quick,predict_bdim,u,1.8975772857666016,1.8975772857666016,1.8975772857666016,2.853189318098353,2.853850866552088,6;4;51;1,6;4;3;1
box_only/quick,predict_bdim,f,1.8975772857666016,1.8975772857666016,1.8975772857666016,2.853201402520009,2.8539513502734195,6;4;51;1,6;4;3;1
box_only/quick,predict_bc,u,1.8975772857666016,1.8975772857666016,1.8975772857666016,2.853189318098353,2.8543031416786637,6;4;51;1,6;4;3;1
box_only/quick,predict_exitbc,u,1.8975772857666016,1.8975772857666016,1.8975772857666016,2.853189318098353,2.8543031416786637,6;4;51;1,6;4;3;1
box_only/quick,project1_solve,x,0.6361517906188965,0.6361517906188965,0.6361517906188965,0.7983948836447591,0.796644567359324,5;4;51,
box_only/quick,project1_gradient,u,1.0529532432556152,1.0529532432556152,1.0529532432556152,2.2458237809503965,2.2467471692852596,6;4;51;1,6;4;3;1
box_only/quick,project1_bc,u,1.0529532432556152,1.0529532432556152,1.0529532432556152,2.2458237809503965,2.2469348866640146,6;4;51;1,6;4;3;1
box_only/quick,project1_bc,p,1.929254412651062,1.929254412651062,1.929254412651062,2.42128823003956,2.41598005451317,5;4;51,
box_only/quick,correct_conv_diff,f,12.59570026397705,12.59570026397705,12.59570026397705,18.441394305790006,18.441161624018413,6;4;51;1,6;4;3;1
box_only/quick,correct_bdim,u,4.100349426269531,4.100349426269531,4.100349426269531,5.859940738976826,5.860357770334119,6;4;51;1,6;4;3;1
box_only/quick,correct_bdim,f,5.1533026695251465,5.1533026695251465,5.1533026695251465,7.857082597194542,7.857295439170028,6;4;51;1,6;4;3;1
box_only/quick,correct_scale,u,2.0501747131347656,2.0501747131347656,2.0501747131347656,2.929970369488413,2.9311234571304663,6;4;51;1,6;4;3;1
box_only/quick,correct_bc,u,2.0501747131347656,2.0501747131347656,2.0501747131347656,2.929970369488413,2.9305062383285505,6;4;51;1,6;4;3;1
box_only/quick,project2_solve,x,0.5011207461357117,0.5011207461357117,0.5011207461357117,0.6296184564174209,0.6270351404003448,5;4;51,
box_only/quick,project2_gradient,u,1.3854305744171143,1.3854305744171143,1.3854305744171143,2.588664097256189,2.5892134074018682,6;4;51;1,6;4;3;1
box_only/quick,project2_bc,u,1.3854305744171143,1.3854305744171143,1.3854305744171143,2.588664097256189,2.589682113844379,6;4;51;1,6;4;3;1
box_only/quick,project2_bc,p,3.0394928455352783,3.0394928455352783,3.0394928455352783,3.8188815797260856,3.803212760476289,5;4;51,
box_only/quick,cfl_dt,dt,0.0,0.0,0.0,0.0,0.0,,
outside_only/quick,input,u,0.008594104,0.008594104,0.0,0.03279882070346371,0.0,,
outside_only/quick,input,dt,4.2314542980648184e-9,0.0,0.0,0.0,0.0,,
outside_only/quick,pre_scale,u0,0.008594104088842869,0.008594104088842869,0.0,0.03279882070345418,0.0,7;7;46;1,1;1;1;1
outside_only/quick,predict_conv_diff,f,0.0920230895280838,0.0920230895280838,0.0021289184223860502,0.14931258062375866,0.009353082175473927,7;7;46;1,12;4;3;1
outside_only/quick,predict_bdim,u,0.02174956351518631,0.02174956351518631,0.0007019889890216291,0.03944027989444385,0.002995803747083128,7;7;46;1,12;4;3;1
outside_only/quick,predict_bdim,f,0.02174956351518631,0.02174956351518631,0.0007019889890216291,0.03949267524770213,0.0030840826954569526,7;7;46;1,12;4;3;1
outside_only/quick,predict_bc,u,0.02174956351518631,0.02174956351518631,0.0007019889890216291,0.03944027989443342,0.0032309756522657133,7;7;46;1,12;4;3;1
outside_only/quick,predict_exitbc,u,0.02174956351518631,0.02174956351518631,0.0007019889890216291,0.03944027989443342,0.0032309756522657133,7;7;46;1,12;4;3;1
outside_only/quick,project1_solve,x,0.005614633671939373,0.005614633671939373,0.0024031708016991615,0.03063486443483483,0.01589792310903408,6;7;46,
outside_only/quick,project1_gradient,u,0.013311930000782013,0.013311930000782013,0.0018409298500046134,0.031137293255041807,0.011744659859034164,7;7;46;1,3;4;1;3
outside_only/quick,project1_bc,u,0.013311930000782013,0.013311930000782013,0.0018409298500046134,0.031137293255041807,0.013321374249526183,7;7;46;1,3;4;1;3
outside_only/quick,project1_bc,p,0.017027469351887703,0.017027469351887703,0.007288083434104919,0.09290619461707673,0.04821355717346469,6;7;46,
outside_only/quick,correct_conv_diff,f,0.10387711971998215,0.10387711971998215,0.004291803576052189,0.15304974887162168,0.020333958363545474,7;7;46;1,4;4;1;3
outside_only/quick,correct_bdim,u,0.029534585773944855,0.029534585773944855,0.0018216948956251144,0.05673557141585224,0.012250297938308327,7;7;46;1,6;1;1;1
outside_only/quick,correct_bdim,f,0.04284651577472687,0.04284651577472687,0.001415178063325584,0.07050904773667971,0.006704913751771642,7;7;46;1,4;4;1;3
outside_only/quick,correct_scale,u,0.014767292886972427,0.014767292886972427,0.0018216948956251144,0.02836778570792612,0.008261791881538225,7;7;46;1,6;1;1;1
outside_only/quick,correct_bc,u,0.014767292886972427,0.014767292886972427,0.0007490968564525247,0.028367785707922623,0.0059479391769753625,7;7;46;1,6;4;3;1
outside_only/quick,project2_solve,x,0.0034147417172789574,0.0034147417172789574,0.0011348159750923514,0.01592403314993254,0.0064137340580751505,6;7;46,
outside_only/quick,project2_gradient,u,0.010486029088497162,0.010486029088497162,0.001727692550048232,0.02372327337480487,0.008544160771672301,7;7;46;1,4;4;1;3
outside_only/quick,project2_bc,u,0.010486029088497162,0.010486029088497162,0.001727692550048232,0.02372327337480487,0.0091808501926296,7;7;46;1,4;4;1;3
outside_only/quick,project2_bc,p,0.020711742341518402,0.020711742341518402,0.006883102469146252,0.09658546843552543,0.03890180799626814,6;7;46,
outside_only/quick,cfl_dt,dt,3.3462124182648267e-9,0.0,0.0,0.0,0.0,,
