variant,call,i,j,role,region,max_box,l2_box,l2_interior,max_all_or_closure
full/quick,predict_conv,1,1,adv,interior,4.330797310103662e-6,7.004438387022467e-5,0.2608867783469592,0.1262863427400589
full/quick,predict_conv,1,1,adv,boundary,0.0,0.0,0.0030566158309349345,0.0001094167455448769
full/quick,predict_conv,1,1,fld,interior,6.071906682336703e-6,7.314950715497082e-5,0.4249482469900812,0.22113069891929626
full/quick,predict_conv,1,1,fld,boundary,0.0,0.0,0.003053737631801958,0.00010927695984719321
full/quick,predict_conv,1,1,vis,interior,1.0079577350552427e-6,6.717170734836779e-6,0.7219469776310355,0.37401509284973145
full/quick,predict_conv,1,1,vis,boundary,0.0,0.0,5.737798631165334e-5,2.2127549073047703e-6
full/quick,predict_conv,1,2,adv,interior,2.1924943212070502e-6,3.781940561349624e-5,0.2217744470603651,0.11696582287549973
full/quick,predict_conv,1,2,adv,boundary,0.0,0.0,0.0,0.0
full/quick,predict_conv,1,2,fld,interior,3.285091310090138e-9,3.663126735654829e-8,0.10763800580771542,0.04582975432276726
full/quick,predict_conv,1,2,fld,boundary,0.0,0.0,0.0,0.0
full/quick,predict_conv,1,2,vis,interior,6.636503258050652e-7,2.7359803891329796e-6,0.5402192717038234,0.2529052495956421
full/quick,predict_conv,1,2,vis,boundary,0.0,0.0,0.0,0.0
full/quick,predict_conv,1,3,adv,interior,2.4692722035979386e-6,3.66646289594439e-5,0.40107187894204405,0.21043668687343597
full/quick,predict_conv,1,3,adv,boundary,0.0,0.0,0.0,0.0
full/quick,predict_conv,1,3,fld,interior,4.120280117092534e-9,3.5190136246869417e-8,0.3601215261349186,0.20327496528625488
full/quick,predict_conv,1,3,fld,boundary,0.0,0.0,0.0,0.0
full/quick,predict_conv,1,3,vis,interior,6.611957701352367e-7,2.6987138984643412e-6,0.7256794089656453,0.3842257857322693
full/quick,predict_conv,1,3,vis,boundary,0.0,0.0,0.0,0.0
full/quick,predict_conv,2,1,adv,interior,3.5553604504912073e-9,3.089240978381747e-8,0.07557181968078798,0.024130946025252342
full/quick,predict_conv,2,1,adv,boundary,0.0,0.0,4.888378967720877e-6,1.812373398024647e-7
full/quick,predict_conv,2,1,fld,interior,8.526560122845694e-6,3.852729200036161e-5,0.3790156171223343,0.1452944278717041
full/quick,predict_conv,2,1,fld,boundary,8.526740202796645e-6,3.8115549457442154e-5,0.0009086657552510596,2.4587507141404785e-5
full/quick,predict_conv,2,1,vis,interior,5.119160277899937e-7,2.6142579414532405e-6,0.5117259568843332,0.18501998484134674
full/quick,predict_conv,2,1,vis,boundary,0.0,0.0,0.0,0.0
full/quick,predict_conv,2,2,adv,interior,2.340146298962509e-9,2.417039154227281e-8,0.033760439444827255,0.008805067278444767
full/quick,predict_conv,2,2,adv,boundary,0.0,0.0,1.0966934041113944e-6,4.174269463419478e-8
full/quick,predict_conv,2,2,fld,interior,2.288153444496288e-9,2.4173180694140048e-8,0.16807138233723193,0.11176783591508865
full/quick,predict_conv,2,2,fld,boundary,0.0,0.0,1.0972283741733473e-6,4.2971802116653635e-8
full/quick,predict_conv,2,2,vis,interior,5.948739385530644e-7,5.011737775490388e-6,0.5176295115684894,0.1892613172531128
full/quick,predict_conv,2,2,vis,boundary,0.0,0.0,0.0004953214614207057,1.735565092531033e-5
full/quick,predict_conv,2,3,adv,interior,1.3936516385371078e-9,1.2144187293149908e-8,0.07090736223820916,0.025856060907244682
full/quick,predict_conv,2,3,adv,boundary,0.0,0.0,0.0,0.0
full/quick,predict_conv,2,3,fld,interior,1.1832477220252713e-9,1.235021225335354e-8,0.27565023342529743,0.09128989279270172
full/quick,predict_conv,2,3,fld,boundary,0.0,0.0,0.0,0.0
full/quick,predict_conv,2,3,vis,interior,2.821289513121883e-7,1.40369965540749e-6,0.5272576147384065,0.18192929029464722
full/quick,predict_conv,2,3,vis,boundary,0.0,0.0,0.0,0.0
full/quick,predict_conv,3,1,adv,interior,2.8145237251919752e-9,3.001876900856735e-8,0.2087487751414555,0.10748086124658585
full/quick,predict_conv,3,1,adv,boundary,0.0,0.0,1.1004121012210105e-5,4.7007225134620967e-7
full/quick,predict_conv,3,1,fld,interior,1.0377784747106489e-5,4.7562685729081844e-5,6.907002873349216,4.891495704650879
full/quick,predict_conv,3,1,fld,boundary,1.0378012120781932e-5,4.729775002717472e-5,0.0030506202012383983,8.045293361647055e-5
full/quick,predict_conv,3,1,vis,interior,4.417464936068427e-7,2.158950913257945e-6,1.4798769466126205,0.9318268299102783
full/quick,predict_conv,3,1,vis,boundary,0.0,0.0,0.0,0.0
full/quick,predict_conv,3,2,adv,interior,1.3982854873972883e-9,1.4696628373418744e-8,0.12454286398988974,0.06511812657117844
full/quick,predict_conv,3,2,adv,boundary,0.0,0.0,0.0,0.0
full/quick,predict_conv,3,2,fld,interior,1.4838358319835265e-9,1.5130786040719596e-8,0.28412444346646415,0.17309382557868958
full/quick,predict_conv,3,2,fld,boundary,0.0,0.0,0.0,0.0
full/quick,predict_conv,3,2,vis,interior,2.576832400791318e-7,1.5063478152311178e-6,1.2475782939311515,0.6729376316070557
full/quick,predict_conv,3,2,vis,boundary,0.0,0.0,0.0,0.0
full/quick,predict_conv,3,3,adv,interior,2.40257769235086e-9,2.945690679153058e-8,0.28860432002329445,0.15556864440441132
full/quick,predict_conv,3,3,adv,boundary,4.91649672362815e-11,3.437308518215792e-10,5.765221890397907e-6,4.2757923779390694e-7
full/quick,predict_conv,3,3,fld,interior,2.392105624693386e-9,2.948638217094625e-8,0.44126494261058086,0.24538354575634003
full/quick,predict_conv,3,3,fld,boundary,4.91649672362815e-11,3.437308518215792e-10,5.778768213230848e-6,4.288407353669754e-7
full/quick,predict_conv,3,3,vis,interior,8.263166932920285e-7,5.025272781128877e-6,1.0677904775343896,0.5740247964859009
full/quick,predict_conv,3,3,vis,boundary,6.272662176343147e-7,4.650668447952361e-6,0.0013694150718076426,9.213517478201538e-5
full/quick,predict_conv,0,0,closure,all,6.053063771105371e-6,7.688117902198056e-5,11.097006178352645,2.5767853781462246e-8
full/quick,predict_bdim,0,0,u0,bdim,3.0094337489572354e-5,0.0005018727103642375,2.2805558740272587,1.0
full/quick,predict_bdim,0,0,dt_df,bdim,1.9800690574702504e-6,2.5149254896327586e-5,3.6300358620374498,2.404041633897336
full/quick,predict_bdim,0,0,ddt_f,bdim,3.910877747612923e-8,3.5739899255699754e-7,0.002749487083754412,0.00013167757663378778
full/quick,predict_bdim,0,0,u_current,bdim,3.00230040011229e-5,0.00024019466130846504,0.0,0.0017479917732998729
full/quick,correct_conv,1,1,adv,interior,4.315230398788117e-6,7.025951716741652e-5,0.2394674739266229,0.11675570905208588
full/quick,correct_conv,1,1,adv,boundary,0.0,0.0,0.0031236649273185045,0.00011208123760297894
full/quick,correct_conv,1,1,fld,interior,4.334938421379775e-5,0.00010822867158630909,0.39320541551128085,0.21186047792434692
full/quick,correct_conv,1,1,fld,boundary,0.0,0.0,0.00312047971774179,0.00011193929094588384
full/quick,correct_conv,1,1,vis,interior,1.2432251423888374e-6,6.767746729540875e-6,0.6834367564182277,0.3598387837409973
full/quick,correct_conv,1,1,vis,boundary,0.0,0.0,5.876788256028488e-5,2.2684225768898614e-6
full/quick,correct_conv,1,2,adv,interior,2.458396920701489e-6,3.776506744721275e-5,0.23520709375544463,0.11963734775781631
full/quick,correct_conv,1,2,adv,boundary,0.0,0.0,0.0,0.0
full/quick,correct_conv,1,2,fld,interior,3.3885441119707593e-9,3.681946656823539e-8,0.09439359552849315,0.04683632031083107
full/quick,correct_conv,1,2,fld,boundary,0.0,0.0,0.0,0.0
full/quick,correct_conv,1,2,vis,interior,7.283622949216806e-7,2.735266624222926e-6,0.5589640945574388,0.2660865783691406
full/quick,correct_conv,1,2,vis,boundary,0.0,0.0,0.0,0.0
full/quick,correct_conv,1,3,adv,interior,2.4798705453576986e-6,3.646435240586303e-5,0.3956685337565507,0.2107747346162796
full/quick,correct_conv,1,3,adv,boundary,0.0,0.0,0.0,0.0
full/quick,correct_conv,1,3,fld,interior,4.304285816658648e-9,3.534163247232399e-8,0.32886424216668964,0.17107579112052917
full/quick,correct_conv,1,3,fld,boundary,0.0,0.0,0.0,0.0
full/quick,correct_conv,1,3,vis,interior,6.919452175679908e-7,2.7282309438167224e-6,0.6588879757512743,0.3529941439628601
full/quick,correct_conv,1,3,vis,boundary,0.0,0.0,0.0,0.0
full/quick,correct_conv,2,1,adv,interior,3.754436761482793e-9,3.097377676196766e-8,0.061735944543374374,0.02018078975379467
full/quick,correct_conv,2,1,adv,boundary,0.0,0.0,5.103628416187451e-6,1.8883523011936632e-7
full/quick,correct_conv,2,1,fld,interior,8.508823157171719e-6,3.844372867137055e-5,0.31118591889196007,0.13798566162586212
full/quick,correct_conv,2,1,fld,boundary,8.508999599143863e-6,3.803383440832459e-5,0.0009132767447038434,2.458522612869274e-5
full/quick,correct_conv,2,1,vis,interior,1.6518275742782862e-6,3.3035166706344128e-6,0.5615566889196958,0.20373281836509705
full/quick,correct_conv,2,1,vis,boundary,0.0,0.0,0.0,0.0
full/quick,correct_conv,2,2,adv,interior,2.635688556296145e-9,2.413311877458038e-8,0.03131908915171576,0.010140183381736279
full/quick,correct_conv,2,2,adv,boundary,0.0,0.0,1.1058818055016375e-6,4.3898850776713516e-8
full/quick,correct_conv,2,2,fld,interior,2.544891408717831e-9,2.4150513414233386e-8,0.0699506068113318,0.026460420340299606
full/quick,correct_conv,2,2,fld,boundary,0.0,0.0,1.1067303170938217e-6,5.5743960558629624e-8
full/quick,correct_conv,2,2,vis,interior,1.1354660500728642e-6,5.222301447715124e-6,0.5836024604809725,0.2099355161190033
full/quick,correct_conv,2,2,vis,boundary,0.0,0.0,0.0004977486593965404,2.4991601094370708e-5
full/quick,correct_conv,2,3,adv,interior,1.3989582825502112e-9,1.2127577987200944e-8,0.0634171715713855,0.02424316480755806
full/quick,correct_conv,2,3,adv,boundary,0.0,0.0,0.0,0.0
full/quick,correct_conv,2,3,fld,interior,2.225644557540818e-9,1.259313713131959e-8,0.30091908734038797,0.09714579582214355
full/quick,correct_conv,2,3,fld,boundary,0.0,0.0,0.0,0.0
full/quick,correct_conv,2,3,vis,interior,5.995377705403371e-7,1.7021067446755796e-6,0.5599318677588959,0.20035222172737122
full/quick,correct_conv,2,3,vis,boundary,0.0,0.0,0.0,0.0
full/quick,correct_conv,3,1,adv,interior,2.829656509106826e-9,3.0185083125455154e-8,0.18261037146113446,0.10317324846982956
full/quick,correct_conv,3,1,adv,boundary,0.0,0.0,1.1436494985580478e-5,4.899480927633704e-7
full/quick,correct_conv,3,1,fld,interior,1.0301798283762764e-5,4.7182716851949345e-5,6.4384824701213255,4.640372276306152
full/quick,correct_conv,3,1,fld,boundary,1.0302017471985891e-5,4.691889680211879e-5,0.0030961277951813107,8.220086601795629e-5
full/quick,correct_conv,3,1,vis,interior,1.3924302493251162e-6,2.9106384675867046e-6,1.5260141974842407,0.938825249671936
full/quick,correct_conv,3,1,vis,boundary,0.0,0.0,0.0,0.0
full/quick,correct_conv,3,2,adv,interior,1.3897807349394498e-9,1.4720624750016967e-8,0.1421064690011252,0.07561381161212921
full/quick,correct_conv,3,2,adv,boundary,0.0,0.0,0.0,0.0
full/quick,correct_conv,3,2,fld,interior,1.4766322609105487e-9,1.5029525066656084e-8,0.19360781183383433,0.11570931226015091
full/quick,correct_conv,3,2,fld,boundary,0.0,0.0,0.0,0.0
full/quick,correct_conv,3,2,vis,interior,5.760653039033059e-7,1.7969900304526702e-6,1.423213925662357,0.7475595474243164
full/quick,correct_conv,3,2,vis,boundary,0.0,0.0,0.0,0.0
full/quick,correct_conv,3,3,adv,interior,2.504002782899306e-9,2.9409975884371015e-8,0.29234567452163823,0.1507745087146759
full/quick,correct_conv,3,3,adv,boundary,4.9206305696714026e-11,3.4005656479518255e-10,5.814048820876912e-6,4.5266091319717816e-7
full/quick,correct_conv,3,3,fld,interior,2.491897799217213e-9,2.9447606590470373e-8,0.45599215617376754,0.23499058187007904
full/quick,correct_conv,3,3,fld,boundary,4.9206305696714026e-11,3.4005656479518255e-10,5.834209757969829e-6,5.810854304399982e-7
full/quick,correct_conv,3,3,vis,interior,9.102395210902614e-7,5.120892753894959e-6,1.0928316457358698,0.5785548090934753
full/quick,correct_conv,3,3,vis,boundary,6.155411256258958e-7,4.5799280749077796e-6,0.0013789755701367045,0.0001235320814885199
full/quick,correct_conv,0,0,closure,all,4.495196481002495e-5,0.00011225568241570919,10.721142759016615,2.9583180096072524e-8
full/quick,correct_bdim,0,0,u0,bdim,3.0094337489572354e-5,0.0005018727103642375,2.2805558740272587,1.0
full/quick,correct_bdim,0,0,dt_df,bdim,1.4704618678842681e-5,3.672090889535818e-5,3.507083989299053,2.353244298595314
full/quick,correct_bdim,0,0,ddt_f,bdim,3.8670218953237655e-8,3.5362123952867197e-7,0.0027476274683161713,0.00013181709309609442
full/quick,correct_bdim,0,0,u_current,bdim,3.053122782148421e-5,0.0005026833826349494,2.1847570890491825,1.0054069757461548
full/tie1e-5,predict_conv,1,1,adv,interior,4.330797310103662e-6,7.004438387022467e-5,0.2608867783469592,0.1262863427400589
full/tie1e-5,predict_conv,1,1,adv,boundary,0.0,0.0,0.0030566158309349345,0.0001094167455448769
full/tie1e-5,predict_conv,1,1,fld,interior,7.84556323196739e-6,7.495553749928399e-5,0.4249250319479246,0.22113068401813507
full/tie1e-5,predict_conv,1,1,fld,boundary,0.0,0.0,0.0030538983898677026,0.00010927695984719321
full/tie1e-5,predict_conv,1,1,vis,interior,1.0079577350552427e-6,6.717170734836779e-6,0.7219469776310355,0.37401509284973145
full/tie1e-5,predict_conv,1,1,vis,boundary,0.0,0.0,5.737798631165334e-5,2.2127549073047703e-6
full/tie1e-5,predict_conv,1,2,adv,interior,2.1924943212070502e-6,3.781940561349624e-5,0.2217744470603651,0.11696582287549973
full/tie1e-5,predict_conv,1,2,adv,boundary,0.0,0.0,0.0,0.0
full/tie1e-5,predict_conv,1,2,fld,interior,3.2585998344103473e-9,3.6622773641083385e-8,0.10776684407589787,0.04582975432276726
full/tie1e-5,predict_conv,1,2,fld,boundary,0.0,0.0,0.0,0.0
full/tie1e-5,predict_conv,1,2,vis,interior,6.636503258050652e-7,2.7359803891329796e-6,0.5402192717038234,0.2529052495956421
full/tie1e-5,predict_conv,1,2,vis,boundary,0.0,0.0,0.0,0.0
full/tie1e-5,predict_conv,1,3,adv,interior,2.4692722035979386e-6,3.66646289594439e-5,0.40107187894204405,0.21043668687343597
full/tie1e-5,predict_conv,1,3,adv,boundary,0.0,0.0,0.0,0.0
full/tie1e-5,predict_conv,1,3,fld,interior,3.4399967319131974e-9,3.51354061466491e-8,0.3601214656465179,0.20327496528625488
full/tie1e-5,predict_conv,1,3,fld,boundary,0.0,0.0,0.0,0.0
full/tie1e-5,predict_conv,1,3,vis,interior,6.611957701352367e-7,2.6987138984643412e-6,0.7256794089656453,0.3842257857322693
full/tie1e-5,predict_conv,1,3,vis,boundary,0.0,0.0,0.0,0.0
full/tie1e-5,predict_conv,2,1,adv,interior,3.5553604504912073e-9,3.089240978381747e-8,0.07557181968078798,0.024130946025252342
full/tie1e-5,predict_conv,2,1,adv,boundary,0.0,0.0,4.888378967720877e-6,1.812373398024647e-7
full/tie1e-5,predict_conv,2,1,fld,interior,8.52214634505799e-6,3.857377408365764e-5,0.3786368100146417,0.1452944278717041
full/tie1e-5,predict_conv,2,1,fld,boundary,8.526740202796645e-6,3.8115549457442154e-5,0.0009086195170051179,2.4587507141404785e-5
full/tie1e-5,predict_conv,2,1,vis,interior,5.119160277899937e-7,2.6142579414532405e-6,0.5117259568843332,0.18501998484134674
full/tie1e-5,predict_conv,2,1,vis,boundary,0.0,0.0,0.0,0.0
full/tie1e-5,predict_conv,2,2,adv,interior,2.340146298962509e-9,2.417039154227281e-8,0.033760439444827255,0.008805067278444767
full/tie1e-5,predict_conv,2,2,adv,boundary,0.0,0.0,1.0966934041113944e-6,4.174269463419478e-8
full/tie1e-5,predict_conv,2,2,fld,interior,2.2881530004070783e-9,2.4173180172212173e-8,0.1680713446536321,0.11176783591508865
full/tie1e-5,predict_conv,2,2,fld,boundary,0.0,0.0,1.0972283179213353e-6,4.2971802116653635e-8
full/tie1e-5,predict_conv,2,2,vis,interior,5.948739385530644e-7,5.011737775490388e-6,0.5176295115684894,0.1892613172531128
full/tie1e-5,predict_conv,2,2,vis,boundary,0.0,0.0,0.0004953214614207057,1.735565092531033e-5
full/tie1e-5,predict_conv,2,3,adv,interior,1.3936516385371078e-9,1.2144187293149908e-8,0.07090736223820916,0.025856060907244682
full/tie1e-5,predict_conv,2,3,adv,boundary,0.0,0.0,0.0,0.0
full/tie1e-5,predict_conv,2,3,fld,interior,1.1524226017911587e-9,1.2402392362801273e-8,0.2756501831678262,0.09128989279270172
full/tie1e-5,predict_conv,2,3,fld,boundary,0.0,0.0,0.0,0.0
full/tie1e-5,predict_conv,2,3,vis,interior,2.821289513121883e-7,1.40369965540749e-6,0.5272576147384065,0.18192929029464722
full/tie1e-5,predict_conv,2,3,vis,boundary,0.0,0.0,0.0,0.0
full/tie1e-5,predict_conv,3,1,adv,interior,2.8145237251919752e-9,3.001876900856735e-8,0.2087487751414555,0.10748086124658585
full/tie1e-5,predict_conv,3,1,adv,boundary,0.0,0.0,1.1004121012210105e-5,4.7007225134620967e-7
full/tie1e-5,predict_conv,3,1,fld,interior,1.0378342267358676e-5,4.757535804888432e-5,3.915141828968466,2.6933953762054443
full/tie1e-5,predict_conv,3,1,fld,boundary,1.0378012120781932e-5,4.729775002717472e-5,0.0030506168288998467,8.045293361647055e-5
full/tie1e-5,predict_conv,3,1,vis,interior,4.417464936068427e-7,2.158950913257945e-6,1.4798769466126205,0.9318268299102783
full/tie1e-5,predict_conv,3,1,vis,boundary,0.0,0.0,0.0,0.0
full/tie1e-5,predict_conv,3,2,adv,interior,1.3982854873972883e-9,1.4696628373418744e-8,0.12454286398988974,0.06511812657117844
full/tie1e-5,predict_conv,3,2,adv,boundary,0.0,0.0,0.0,0.0
full/tie1e-5,predict_conv,3,2,fld,interior,1.4223990874029369e-9,1.5112054041785615e-8,0.2841244508563302,0.17309382557868958
full/tie1e-5,predict_conv,3,2,fld,boundary,0.0,0.0,0.0,0.0
full/tie1e-5,predict_conv,3,2,vis,interior,2.576832400791318e-7,1.5063478152311178e-6,1.2475782939311515,0.6729376316070557
full/tie1e-5,predict_conv,3,2,vis,boundary,0.0,0.0,0.0,0.0
full/tie1e-5,predict_conv,3,3,adv,interior,2.40257769235086e-9,2.945690679153058e-8,0.28860432002329445,0.15556864440441132
full/tie1e-5,predict_conv,3,3,adv,boundary,4.91649672362815e-11,3.437308518215792e-10,5.765221890397907e-6,4.2757923779390694e-7
full/tie1e-5,predict_conv,3,3,fld,interior,2.392105624693386e-9,2.9486381224067038e-8,0.4412636188988226,0.24538354575634003
full/tie1e-5,predict_conv,3,3,fld,boundary,4.91649672362815e-11,3.437308518215792e-10,5.778778892178201e-6,4.288407353669754e-7
full/tie1e-5,predict_conv,3,3,vis,interior,8.263166932920285e-7,5.025272781128877e-6,1.0677904775343896,0.5740247964859009
full/tie1e-5,predict_conv,3,3,vis,boundary,6.272662176343147e-7,4.650668447952361e-6,0.0013694150718076426,9.213517478201538e-5
full/tie1e-5,predict_conv,0,0,closure,all,9.044882062880788e-6,7.927173393903137e-5,8.33896521481185,5.515908722547736e-8
full/tie1e-5,predict_bdim,0,0,u0,bdim,3.0094337489572354e-5,0.0005018727103642375,2.2805558740272587,1.0
full/tie1e-5,predict_bdim,0,0,dt_df,bdim,2.958748127959574e-6,2.593124960188994e-5,2.7278296772603454,1.6850023040241524
full/tie1e-5,predict_bdim,0,0,ddt_f,bdim,3.910877747612923e-8,3.5739899255699754e-7,0.002749487083754412,0.00013167757663378778
full/tie1e-5,predict_bdim,0,0,u_current,bdim,3.00230040011229e-5,0.00024019466130846504,0.0,0.0017479917732998729
full/tie1e-5,correct_conv,1,1,adv,interior,4.433089998201467e-6,7.024226519479757e-5,0.18811727209709161,0.056251488626003265
full/tie1e-5,correct_conv,1,1,adv,boundary,0.0,0.0,0.003123674396817299,0.00011208366777282208
full/tie1e-5,correct_conv,1,1,fld,interior,7.378581358352676e-6,7.419117880319433e-5,0.3110476860950767,0.11092629283666611
full/tie1e-5,correct_conv,1,1,fld,boundary,0.0,0.0,0.003120790909590006,0.00011194264516234398
full/tie1e-5,correct_conv,1,1,vis,interior,8.970645808403788e-7,6.970840069099223e-6,0.41528557136434113,0.19455479085445404
full/tie1e-5,correct_conv,1,1,vis,boundary,0.0,0.0,5.8745466034192554e-5,2.2698718566971365e-6
full/tie1e-5,correct_conv,1,2,adv,interior,2.1808239125675755e-6,3.7715597128498754e-5,0.1551741230765695,0.06406436860561371
full/tie1e-5,correct_conv,1,2,adv,boundary,0.0,0.0,0.0,0.0
full/tie1e-5,correct_conv,1,2,fld,interior,3.2694815743639083e-9,3.684859694082786e-8,0.09442630508143326,0.05103359371423721
full/tie1e-5,correct_conv,1,2,fld,boundary,0.0,0.0,0.0,0.0
full/tie1e-5,correct_conv,1,2,vis,interior,7.798149681548239e-7,3.262875404474146e-6,0.3823583288619921,0.16550999879837036
full/tie1e-5,correct_conv,1,2,vis,boundary,0.0,0.0,0.0,0.0
full/tie1e-5,correct_conv,1,3,adv,interior,2.403743110335199e-6,3.6446642114553873e-5,0.2700195146197645,0.11780263483524323
full/tie1e-5,correct_conv,1,3,adv,boundary,0.0,0.0,0.0,0.0
full/tie1e-5,correct_conv,1,3,fld,interior,3.17457971021895e-9,3.526702648745247e-8,0.21849262074422648,0.09543152153491974
full/tie1e-5,correct_conv,1,3,fld,boundary,0.0,0.0,0.0,0.0
full/tie1e-5,correct_conv,1,3,vis,interior,7.31704744794115e-7,3.4935917298059525e-6,0.4309725496448893,0.18481981754302979
full/tie1e-5,correct_conv,1,3,vis,boundary,0.0,0.0,0.0,0.0
full/tie1e-5,correct_conv,2,1,adv,interior,3.470720599807464e-9,3.0873689760009926e-8,0.04720641403113604,0.009192808531224728
full/tie1e-5,correct_conv,2,1,adv,boundary,0.0,0.0,5.103628416187451e-6,1.8883523011936632e-7
full/tie1e-5,correct_conv,2,1,fld,interior,8.523661563231144e-6,3.852723541054472e-5,0.23717304503536468,0.08613558113574982
full/tie1e-5,correct_conv,2,1,fld,boundary,8.518048161931802e-6,3.8092136661714586e-5,0.0009130588892246707,2.45768442255212e-5
full/tie1e-5,correct_conv,2,1,vis,interior,6.665480327683326e-7,2.8538127964500624e-6,0.3755073877158941,0.13399630784988403
full/tie1e-5,correct_conv,2,1,vis,boundary,0.0,0.0,0.0,0.0
full/tie1e-5,correct_conv,2,2,adv,interior,2.2289903256478283e-9,2.4041163488344212e-8,0.025039808238743525,0.006407641340047121
full/tie1e-5,correct_conv,2,2,adv,boundary,0.0,0.0,1.1054240950265336e-6,4.1928579719296977e-8
full/tie1e-5,correct_conv,2,2,fld,interior,2.1977988318155894e-9,2.4038059166518547e-8,0.05574282698445549,0.017041251063346863
full/tie1e-5,correct_conv,2,2,fld,boundary,0.0,0.0,1.1057644420087696e-6,4.188742508404175e-8
full/tie1e-5,correct_conv,2,2,vis,interior,7.081318358359567e-7,5.118371991893562e-6,0.38889359475124224,0.13839033246040344
full/tie1e-5,correct_conv,2,2,vis,boundary,0.0,0.0,0.0004975193084272116,1.7300668332609348e-5
full/tie1e-5,correct_conv,2,3,adv,interior,1.3215473160244073e-9,1.2081428685775505e-8,0.04312512637559861,0.012462426908314228
full/tie1e-5,correct_conv,2,3,adv,boundary,0.0,0.0,0.0,0.0
full/tie1e-5,correct_conv,2,3,fld,interior,1.1968070978696232e-9,1.2422641898231185e-8,0.21657161693616123,0.07833721488714218
full/tie1e-5,correct_conv,2,3,fld,boundary,0.0,0.0,0.0,0.0
full/tie1e-5,correct_conv,2,3,vis,interior,5.152434709998488e-7,1.8000165672690664e-6,0.37266039871685785,0.132600337266922
full/tie1e-5,correct_conv,2,3,vis,boundary,0.0,0.0,0.0,0.0
full/tie1e-5,correct_conv,3,1,adv,interior,2.9532696288470106e-9,3.01993500649341e-8,0.1211031118261487,0.045976169407367706
full/tie1e-5,correct_conv,3,1,adv,boundary,0.0,0.0,1.1436494985580478e-5,4.899480927633704e-7
full/tie1e-5,correct_conv,3,1,fld,interior,1.0328253665647935e-5,4.727276702942362e-5,3.035877135268135,2.1582159996032715
full/tie1e-5,correct_conv,3,1,fld,boundary,1.0333626050851308e-5,4.69023581555517e-5,0.003096058446253682,8.220060408348218e-5
full/tie1e-5,correct_conv,3,1,vis,interior,4.802345756615978e-7,2.2103612750110274e-6,0.8958684887496051,0.46458005905151367
full/tie1e-5,correct_conv,3,1,vis,boundary,0.0,0.0,0.0,0.0
full/tie1e-5,correct_conv,3,2,adv,interior,1.4141532389544409e-9,1.4677278784680222e-8,0.08542564108655852,0.04147471860051155
full/tie1e-5,correct_conv,3,2,adv,boundary,0.0,0.0,0.0,0.0
full/tie1e-5,correct_conv,3,2,fld,interior,1.4371132062152014e-9,1.501464452238221e-8,0.27567706587742974,0.18523649871349335
full/tie1e-5,correct_conv,3,2,fld,boundary,0.0,0.0,0.0,0.0
full/tie1e-5,correct_conv,3,2,vis,interior,4.3994293719151756e-7,1.6429997917915753e-6,0.8828645707926128,0.4253145754337311
full/tie1e-5,correct_conv,3,2,vis,boundary,0.0,0.0,0.0,0.0
full/tie1e-5,correct_conv,3,3,adv,interior,2.3692647843631676e-9,2.9429103496496235e-8,0.16773121454802833,0.0736164078116417
full/tie1e-5,correct_conv,3,3,adv,boundary,5.602358160716747e-11,3.4255202142001416e-10,5.81251574096012e-6,4.5265238668434904e-7
full/tie1e-5,correct_conv,3,3,fld,interior,2.399109799711141e-9,2.9456790997820766e-8,0.25067686512231724,0.09720240533351898
full/tie1e-5,correct_conv,3,3,fld,boundary,5.602358160716747e-11,3.4255202142001416e-10,5.8322780390090485e-6,5.810483116874821e-7
full/tie1e-5,correct_conv,3,3,vis,interior,8.313410262417165e-7,4.9729987989635455e-6,0.7082728828263425,0.3214288651943207
full/tie1e-5,correct_conv,3,3,vis,boundary,7.281128091563005e-7,4.608933631089358e-6,0.0013788837039681386,0.00012352975318208337
full/tie1e-5,correct_conv,0,0,closure,all,7.163479494920466e-6,7.817048142475812e-5,5.703340926218703,8.220105367696937e-8
full/tie1e-5,correct_bdim,0,0,u0,bdim,3.0094337489572354e-5,0.0005018727103642375,2.2805558740272587,1.0
full/tie1e-5,correct_bdim,0,0,dt_df,bdim,2.3433065680595678e-6,2.55710095465344e-5,1.8656682498732797,1.14691408205303
full/tie1e-5,correct_bdim,0,0,ddt_f,bdim,3.8670218953237655e-8,3.5362123952867197e-7,0.0027476274683161713,0.00013181709309609442
full/tie1e-5,correct_bdim,0,0,u_current,bdim,3.0427849196712486e-5,0.0005024374455983806,1.6596593176008168,0.49191907048225403
box_only/quick,predict_conv,1,1,adv,interior,1.3432725609163754e-5,0.00011586230239691617,0.00014787712869447246,1.5045684449432883e-5
box_only/quick,predict_conv,1,1,adv,boundary,0.0,0.0,0.0,0.0
box_only/quick,predict_conv,1,1,fld,interior,2.650550777616445e-5,8.88772085763016e-5,0.00043214296359348576,0.00028439555899240077
box_only/quick,predict_conv,1,1,fld,boundary,0.0,0.0,0.0,0.0
box_only/quick,predict_conv,1,1,vis,interior,1.0196569746767636e-5,7.240002067938316e-5,9.073404421435345e-5,1.0196569746767636e-5
box_only/quick,predict_conv,1,1,vis,boundary,0.0,0.0,0.0,0.0
box_only/quick,predict_conv,1,2,adv,interior,1.0993857358698733e-5,9.391047682445243e-5,8.934458397448006e-5,1.0993857358698733e-5
box_only/quick,predict_conv,1,2,adv,boundary,0.0,0.0,0.0,0.0
box_only/quick,predict_conv,1,2,fld,interior,1.3688051581084437e-8,7.880620193094984e-8,7.966319652081339e-8,1.3688051581084437e-8
box_only/quick,predict_conv,1,2,fld,boundary,0.0,0.0,0.0,0.0
box_only/quick,predict_conv,1,2,vis,interior,8.391464689339045e-6,4.4027221846358345e-5,5.865795944910563e-5,8.391464689339045e-6
box_only/quick,predict_conv,1,2,vis,boundary,0.0,0.0,0.0,0.0
box_only/quick,predict_conv,1,3,adv,interior,2.4692722035979386e-6,3.66646289594439e-5,0.00010482619578771621,1.250340574188158e-5
box_only/quick,predict_conv,1,3,adv,boundary,0.0,0.0,0.0,0.0
box_only/quick,predict_conv,1,3,fld,interior,4.120280117092534e-9,3.7740037717245564e-8,9.006857623594086e-8,1.6795191015717137e-8
box_only/quick,predict_conv,1,3,fld,boundary,0.0,0.0,0.0,0.0
box_only/quick,predict_conv,1,3,vis,interior,8.760338459978811e-6,4.242684771882502e-5,6.020189427395928e-5,8.760338459978811e-6
box_only/quick,predict_conv,1,3,vis,boundary,0.0,0.0,0.0,0.0
box_only/quick,predict_conv,2,1,adv,interior,1.7444284239331864e-8,8.504159169501962e-8,8.413543082442118e-8,1.7444284239331864e-8
box_only/quick,predict_conv,2,1,adv,boundary,0.0,0.0,0.0,0.0
box_only/quick,predict_conv,2,1,fld,interior,8.526560122845694e-6,4.1313663247917195e-5,5.5214902859690524e-5,9.487403076491319e-6
box_only/quick,predict_conv,2,1,fld,boundary,8.526740202796645e-6,3.8115549457442154e-5,3.5690165143386025e-5,8.526740202796645e-6
box_only/quick,predict_conv,2,1,vis,interior,3.598176363084349e-6,1.5430061665059594e-5,2.003331616421504e-5,3.598176363084349e-6
box_only/quick,predict_conv,2,1,vis,boundary,0.0,0.0,0.0,0.0
box_only/quick,predict_conv,2,2,adv,interior,2.280918565134016e-9,2.430014566250592e-8,3.286739447611587e-8,3.921143409968408e-9
box_only/quick,predict_conv,2,2,adv,boundary,0.0,0.0,0.0,0.0
box_only/quick,predict_conv,2,2,fld,interior,4.851376633752125e-9,4.0623334535494706e-8,4.119661725404095e-8,4.851376633752125e-9
box_only/quick,predict_conv,2,2,fld,boundary,0.0,0.0,0.0,0.0
box_only/quick,predict_conv,2,2,vis,interior,4.134388291276991e-6,3.111083224231728e-5,3.821682862931675e-5,4.134388291276991e-6
box_only/quick,predict_conv,2,2,vis,boundary,0.0,0.0,0.0,0.0
box_only/quick,predict_conv,2,3,adv,interior,1.3936516385371078e-9,1.2144187293149908e-8,3.63459947358393e-8,8.154441566432524e-9
box_only/quick,predict_conv,2,3,adv,boundary,0.0,0.0,0.0,0.0
box_only/quick,predict_conv,2,3,fld,interior,4.738228476242057e-9,1.766222134114904e-8,6.021355015185626e-8,3.631663147984909e-8
box_only/quick,predict_conv,2,3,fld,boundary,0.0,0.0,0.0,0.0
box_only/quick,predict_conv,2,3,vis,interior,3.422433110245038e-6,1.5383719162409076e-5,2.164687533907034e-5,3.422433110245038e-6
box_only/quick,predict_conv,2,3,vis,boundary,0.0,0.0,0.0,0.0
box_only/quick,predict_conv,3,1,adv,interior,1.6877971020790028e-8,7.786745512682447e-8,7.786745512682447e-8,1.6877971020790028e-8
box_only/quick,predict_conv,3,1,adv,boundary,0.0,0.0,0.0,0.0
box_only/quick,predict_conv,3,1,fld,interior,1.0377784747106489e-5,5.122769714668415e-5,7.042572940134837e-5,1.0535995897953399e-5
box_only/quick,predict_conv,3,1,fld,boundary,1.0378012120781932e-5,4.729775002717472e-5,4.729775002717472e-5,1.0378012120781932e-5
box_only/quick,predict_conv,3,1,vis,interior,3.881402790284483e-6,1.7620953277367347e-5,2.4553666824887242e-5,3.881402790284483e-6
box_only/quick,predict_conv,3,1,vis,boundary,0.0,0.0,0.0,0.0
box_only/quick,predict_conv,3,2,adv,interior,6.513545258712838e-9,3.124305546156273e-8,3.124305546156273e-8,6.513545258712838e-9
box_only/quick,predict_conv,3,2,adv,boundary,0.0,0.0,0.0,0.0
box_only/quick,predict_conv,3,2,fld,interior,6.3961556051594926e-9,2.9823278004058225e-8,3.4780283754777406e-8,6.3961556051594926e-9
box_only/quick,predict_conv,3,2,fld,boundary,0.0,0.0,0.0,0.0
box_only/quick,predict_conv,3,2,vis,interior,3.8142090943438234e-6,1.963037083636408e-5,2.7637873522070313e-5,3.8142090943438234e-6
box_only/quick,predict_conv,3,2,vis,boundary,0.0,0.0,0.0,0.0
box_only/quick,predict_conv,3,3,adv,interior,2.977555091376871e-9,3.198587919366388e-8,4.626472383305091e-8,4.582864754354432e-9
box_only/quick,predict_conv,3,3,adv,boundary,4.91649672362815e-11,3.437308518215792e-10,3.437308518215792e-10,4.91649672362815e-11
box_only/quick,predict_conv,3,3,fld,interior,2.3820594385881577e-9,2.5662274286842073e-8,6.519160438723485e-8,8.034058751604789e-9
box_only/quick,predict_conv,3,3,fld,boundary,4.91649672362815e-11,3.437308518215792e-10,3.437308518215792e-10,4.91649672362815e-11
box_only/quick,predict_conv,3,3,vis,interior,4.274555067240726e-6,3.3407118324200414e-5,4.4404602705424736e-5,4.274555067240726e-6
box_only/quick,predict_conv,3,3,vis,boundary,6.272662176343147e-7,4.650668447952361e-6,4.650668447952361e-6,6.272662176343147e-7
box_only/quick,predict_conv,0,0,closure,all,3.484783519525081e-5,0.00020511150071851766,0.000576327793048168,8.898485237056355e-8
box_only/quick,predict_bdim,0,0,u0,bdim,3.0094337489572354e-5,0.0005018727103642375,0.00044066170934999244,3.0094337489572354e-5
box_only/quick,predict_bdim,0,0,dt_df,bdim,1.1399371095232712e-5,6.709576361027818e-5,0.00018852747519730847,0.00010104860279692464
box_only/quick,predict_bdim,0,0,ddt_f,bdim,0.0,0.0,0.0,0.0
box_only/quick,predict_bdim,0,0,u_current,bdim,3.00230040011229e-5,0.00024019466130846504,0.0,3.00230040011229e-5
box_only/quick,correct_conv,1,1,adv,interior,2.7508069251780398e-5,7.094623527704724e-5,0.00011799618728118772,3.7278728996170685e-5
box_only/quick,correct_conv,1,1,adv,boundary,0.0,0.0,0.0,0.0
box_only/quick,correct_conv,1,1,fld,interior,5.506306479219347e-5,0.00013555955332344923,0.00019944237861414167,8.12515354482457e-5
box_only/quick,correct_conv,1,1,fld,boundary,0.0,0.0,0.0,0.0
box_only/quick,correct_conv,1,1,vis,interior,1.1210792763449717e-5,3.828501815911134e-5,7.694726144083333e-5,4.3083146010758355e-5
box_only/quick,correct_conv,1,1,vis,boundary,0.0,0.0,0.0,0.0
box_only/quick,correct_conv,1,2,adv,interior,1.4316176020656712e-5,8.686609336397408e-5,0.00011973973203789702,1.7272761397180147e-5
box_only/quick,correct_conv,1,2,adv,boundary,0.0,0.0,0.0,0.0
box_only/quick,correct_conv,1,2,fld,interior,1.1923596332508168e-8,5.804487154162895e-8,8.380923790936993e-8,2.5094184508134276e-8
box_only/quick,correct_conv,1,2,fld,boundary,0.0,0.0,0.0,0.0
box_only/quick,correct_conv,1,2,vis,interior,5.804103238915559e-6,3.7772772486687956e-5,7.437863789001509e-5,3.304811252746731e-5
box_only/quick,correct_conv,1,2,vis,boundary,0.0,0.0,0.0,0.0
box_only/quick,correct_conv,1,3,adv,interior,1.0838208254426718e-5,6.625429180822702e-5,0.00010348684191216607,1.6009520550142042e-5
box_only/quick,correct_conv,1,3,adv,boundary,0.0,0.0,0.0,0.0
box_only/quick,correct_conv,1,3,fld,interior,9.625752639408347e-9,4.2344274605814474e-8,1.0931350684339144e-7,2.15115445456604e-8
box_only/quick,correct_conv,1,3,fld,boundary,0.0,0.0,0.0,0.0
box_only/quick,correct_conv,1,3,vis,interior,8.9859458967112e-6,4.6594196551110235e-5,8.979669282596634e-5,3.060002563870512e-5
box_only/quick,correct_conv,1,3,vis,boundary,0.0,0.0,0.0,0.0
box_only/quick,correct_conv,2,1,adv,interior,1.1368801011713003e-8,3.227057308269791e-8,6.09542078999892e-8,2.4889828864615993e-8
box_only/quick,correct_conv,2,1,adv,boundary,0.0,0.0,0.0,0.0
box_only/quick,correct_conv,2,1,fld,interior,3.001378536282573e-5,8.519644766166207e-5,0.00011491215501875395,3.295154601801187e-5
box_only/quick,correct_conv,2,1,fld,boundary,1.1270987670286559e-5,2.620137596305227e-5,4.977976043562019e-5,1.5452209481736645e-5
box_only/quick,correct_conv,2,1,vis,interior,1.4041697795619257e-5,3.8108907410914144e-5,5.613713734227693e-5,2.1983354599797167e-5
box_only/quick,correct_conv,2,1,vis,boundary,0.0,0.0,0.0,0.0
box_only/quick,correct_conv,2,2,adv,interior,9.409554913020202e-9,4.38700466933823e-8,6.213607927059327e-8,1.088328005494077e-8
box_only/quick,correct_conv,2,2,adv,boundary,0.0,0.0,4.191868847966593e-25,1.648021396529827e-25
box_only/quick,correct_conv,2,2,fld,interior,1.0361592472918346e-8,5.404265564680974e-8,7.335874680871146e-8,1.7456422085615486e-8
box_only/quick,correct_conv,2,2,fld,boundary,0.0,0.0,3.532038243713247e-25,1.4995541996412558e-25
box_only/quick,correct_conv,2,2,vis,interior,9.979889000533149e-6,3.8689458936262476e-5,6.259806035908742e-5,2.0779849364771508e-5
box_only/quick,correct_conv,2,2,vis,boundary,0.0,0.0,6.009747436736362e-21,2.3860006593736827e-21
box_only/quick,correct_conv,2,3,adv,interior,4.972387390722588e-9,2.262667166503803e-8,4.433075505626741e-8,1.4859644181797194e-8
box_only/quick,correct_conv,2,3,adv,boundary,0.0,0.0,0.0,0.0
box_only/quick,correct_conv,2,3,fld,interior,2.644061858347868e-8,8.065382744487372e-8,1.0115309127973356e-7,2.644061858347868e-8
box_only/quick,correct_conv,2,3,fld,boundary,0.0,0.0,0.0,0.0
box_only/quick,correct_conv,2,3,vis,interior,4.090927632205421e-6,3.0083110202044755e-5,4.4847130576935636e-5,1.2949434676556848e-5
box_only/quick,correct_conv,2,3,vis,boundary,0.0,0.0,0.0,0.0
box_only/quick,correct_conv,3,1,adv,interior,9.070475925909705e-9,2.875510640769972e-8,5.1189198882326024e-8,1.891742584803069e-8
box_only/quick,correct_conv,3,1,adv,boundary,0.0,0.0,0.0,0.0
box_only/quick,correct_conv,3,1,fld,interior,3.213133823010139e-5,8.715470029499797e-5,0.00012486706040937176,3.213133823010139e-5
box_only/quick,correct_conv,3,1,fld,boundary,1.0074267265736125e-5,2.9545840850155138e-5,3.77335157113729e-5,1.0074267265736125e-5
box_only/quick,correct_conv,3,1,vis,interior,1.1844322216347791e-5,3.516729052562757e-5,5.437569879909709e-5,2.0063585907337256e-5
box_only/quick,correct_conv,3,1,vis,boundary,0.0,0.0,0.0,0.0
box_only/quick,correct_conv,3,2,adv,interior,6.212304448638406e-9,3.019467097363431e-8,4.39541883306135e-8,1.1491333218316413e-8
box_only/quick,correct_conv,3,2,adv,boundary,0.0,0.0,0.0,0.0
box_only/quick,correct_conv,3,2,fld,interior,1.8106927512917537e-8,4.599490202712366e-8,5.4334411295397986e-8,1.8106927512917537e-8
box_only/quick,correct_conv,3,2,fld,boundary,0.0,0.0,0.0,0.0
box_only/quick,correct_conv,3,2,vis,interior,4.225329576001968e-6,3.266658570700712e-5,4.686083915894871e-5,1.2777438314515166e-5
box_only/quick,correct_conv,3,2,vis,boundary,0.0,0.0,0.0,0.0
box_only/quick,correct_conv,3,3,adv,interior,5.525130575279036e-9,3.506450820882131e-8,5.3820043067712474e-8,6.726215140417935e-9
box_only/quick,correct_conv,3,3,adv,boundary,9.022065039498983e-11,3.2149239929343683e-10,4.253760652175529e-10,9.022065039498983e-11
box_only/quick,correct_conv,3,3,fld,interior,7.1245973565225995e-9,4.421602929008667e-8,7.140151917865343e-8,1.5463861302578152e-8
box_only/quick,correct_conv,3,3,fld,boundary,9.022065039498983e-11,3.2149239929343683e-10,4.253760652175583e-10,9.022065039498983e-11
box_only/quick,correct_conv,3,3,vis,interior,6.422295427910285e-6,3.964300047060973e-5,5.822794418542465e-5,2.0084731659153476e-5
box_only/quick,correct_conv,3,3,vis,boundary,1.111050210056419e-6,4.326060881051606e-6,5.6231006347840865e-6,1.111050210056419e-6
box_only/quick,correct_conv,0,0,closure,all,5.933376451139338e-5,0.0003693489127772192,0.0005425784979768814,1.1242268224258519e-7
box_only/quick,correct_bdim,0,0,u0,bdim,3.0094337489572354e-5,0.0005018727103642375,0.00044066170934999244,3.0094337489572354e-5
box_only/quick,correct_bdim,0,0,dt_df,bdim,1.940917122549696e-5,0.00012082085721474176,0.0001774874568844213,6.005945422038949e-5
box_only/quick,correct_bdim,0,0,ddt_f,bdim,0.0,0.0,0.0,0.0
box_only/quick,correct_bdim,0,0,u_current,bdim,3.187122638337314e-5,0.0004094664631446965,0.0005052590953193869,7.745024049654603e-5
outside_only/quick,predict_conv,1,1,adv,interior,1.669824450800661e-5,0.00012060404889812788,0.26088682340046115,0.1262863427400589
outside_only/quick,predict_conv,1,1,adv,boundary,0.0,0.0,0.0030566158309349345,0.0001094167455448769
outside_only/quick,predict_conv,1,1,fld,interior,3.233037205063738e-5,7.358735192591342e-5,0.4249485044582952,0.22113069891929626
outside_only/quick,predict_conv,1,1,fld,boundary,0.0,0.0,0.003053737631801958,0.00010927695984719321
outside_only/quick,predict_conv,1,1,vis,interior,1.0019739420386031e-5,7.237104862485554e-5,0.7219469832703371,0.37401509284973145
outside_only/quick,predict_conv,1,1,vis,boundary,0.0,0.0,5.737798631165334e-5,2.2127549073047703e-6
outside_only/quick,predict_conv,1,2,adv,interior,1.2641277862712741e-5,9.983753673242225e-5,0.22177446451903818,0.11696582287549973
outside_only/quick,predict_conv,1,2,adv,boundary,0.0,0.0,0.0,0.0
outside_only/quick,predict_conv,1,2,fld,interior,1.5886811866039352e-8,7.874773851865887e-8,0.10763800580774208,0.04582975432276726
outside_only/quick,predict_conv,1,2,fld,boundary,0.0,0.0,0.0,0.0
outside_only/quick,predict_conv,1,2,vis,interior,8.188892934413161e-6,4.382657255259773e-5,0.5402192748759439,0.2529052495956421
outside_only/quick,predict_conv,1,2,vis,boundary,0.0,0.0,0.0,0.0
outside_only/quick,predict_conv,1,3,adv,interior,0.0,0.0,0.4010718921467867,0.21043668687343597
outside_only/quick,predict_conv,1,3,adv,boundary,0.0,0.0,0.0,0.0
outside_only/quick,predict_conv,1,3,fld,interior,6.455453505083142e-9,3.0759908361643916e-8,0.3601215261349308,0.20327496528625488
outside_only/quick,predict_conv,1,3,fld,boundary,0.0,0.0,0.0,0.0
outside_only/quick,predict_conv,1,3,vis,interior,8.518404683854897e-6,4.20169177872258e-5,0.7256794114700342,0.3842257857322693
outside_only/quick,predict_conv,1,3,vis,boundary,0.0,0.0,0.0,0.0
outside_only/quick,predict_conv,2,1,adv,interior,2.0971084424559194e-8,9.604892268917173e-8,0.07557181968084226,0.024130946025252342
outside_only/quick,predict_conv,2,1,adv,boundary,0.0,0.0,4.888378967720877e-6,1.812373398024647e-7
outside_only/quick,predict_conv,2,1,fld,interior,3.8442262848548125e-6,1.7065253921933044e-5,0.37901561798108885,0.1452944278717041
outside_only/quick,predict_conv,2,1,fld,boundary,0.0,0.0,0.0009079645735809389,2.4587507141404785e-5
outside_only/quick,predict_conv,2,1,vis,interior,3.4603669973876094e-6,1.5360997227255656e-5,0.51172595725551,0.18501998484134674
outside_only/quick,predict_conv,2,1,vis,boundary,0.0,0.0,0.0,0.0
outside_only/quick,predict_conv,2,2,adv,interior,4.499945305269648e-9,2.9044808281994313e-8,0.03376043944484923,0.008805067278444767
outside_only/quick,predict_conv,2,2,adv,boundary,0.0,0.0,1.0966934041113944e-6,4.174269463419478e-8
outside_only/quick,predict_conv,2,2,fld,interior,7.09488867656205e-9,4.65344714868637e-8,0.16807138233723856,0.11176783591508865
outside_only/quick,predict_conv,2,2,fld,boundary,0.0,0.0,1.0972283741733473e-6,4.2971802116653635e-8
outside_only/quick,predict_conv,2,2,vis,interior,3.87876980312285e-6,3.0361434226297036e-5,0.5176295129275786,0.1892613172531128
outside_only/quick,predict_conv,2,2,vis,boundary,0.0,0.0,0.0004953214614207057,1.735565092531033e-5
outside_only/quick,predict_conv,2,3,adv,interior,0.0,0.0,0.07090736223821825,0.025856060907244682
outside_only/quick,predict_conv,2,3,adv,boundary,0.0,0.0,0.0,0.0
outside_only/quick,predict_conv,2,3,fld,interior,5.5912279250946995e-9,1.6775014013904338e-8,0.27565023342530415,0.09128989279270172
outside_only/quick,predict_conv,2,3,fld,boundary,0.0,0.0,0.0,0.0
outside_only/quick,predict_conv,2,3,vis,interior,3.412900923649431e-6,1.5347973666318917e-5,0.5272576151787289,0.18192929029464722
outside_only/quick,predict_conv,2,3,vis,boundary,0.0,0.0,0.0,0.0
outside_only/quick,predict_conv,3,1,adv,interior,1.935861426716201e-8,8.610039608548622e-8,0.20874877514147194,0.10748086124658585
outside_only/quick,predict_conv,3,1,adv,boundary,0.0,0.0,1.1004121012210105e-5,4.7007225134620967e-7
outside_only/quick,predict_conv,3,1,fld,interior,4.574967988446588e-6,2.087962520158675e-5,6.907002873401445,4.891495704650879
outside_only/quick,predict_conv,3,1,fld,boundary,0.0,0.0,0.003050253519798997,8.045293361647055e-5
outside_only/quick,predict_conv,3,1,vis,interior,4.118199285585433e-6,1.7853385116859908e-5,1.4798769468165431,0.9318268299102783
outside_only/quick,predict_conv,3,1,vis,boundary,0.0,0.0,0.0,0.0
outside_only/quick,predict_conv,3,2,adv,interior,7.422119807642957e-9,3.38839648366146e-8,0.12454286398989384,0.06511812657117844
outside_only/quick,predict_conv,3,2,adv,boundary,0.0,0.0,0.0,0.0
outside_only/quick,predict_conv,3,2,fld,interior,7.802686496916067e-9,3.046048939121882e-8,0.28412444346646654,0.17309382557868958
outside_only/quick,predict_conv,3,2,fld,boundary,0.0,0.0,0.0,0.0
outside_only/quick,predict_conv,3,2,vis,interior,3.879599717038218e-6,1.9612956326401293e-5,1.2475782942358566,0.6729376316070557
outside_only/quick,predict_conv,3,2,vis,boundary,0.0,0.0,0.0,0.0
outside_only/quick,predict_conv,3,3,adv,interior,5.16389331295386e-9,3.753217532672392e-8,0.28860432002330133,0.15556864440441132
outside_only/quick,predict_conv,3,3,adv,boundary,0.0,0.0,5.765221880151042e-6,4.2757923779390694e-7
outside_only/quick,predict_conv,3,3,fld,interior,3.4401594906086075e-9,2.5014713299379706e-8,0.4412649426105874,0.24538354575634003
outside_only/quick,predict_conv,3,3,fld,boundary,0.0,0.0,5.778768203008003e-6,4.288407353669754e-7
outside_only/quick,predict_conv,3,3,vis,interior,4.307935341785196e-6,3.285354541950962e-5,1.0677904784286647,0.5740247964859009
outside_only/quick,predict_conv,3,3,vis,boundary,0.0,0.0,0.001369407174720842,9.213517478201538e-5
outside_only/quick,predict_conv,0,0,closure,all,3.879757787217386e-5,0.0001791294943898121,11.097006195004605,2.576785402089067e-8
outside_only/quick,predict_bdim,0,0,u0,bdim,0.0,0.0,2.280555831453701,1.0
outside_only/quick,predict_bdim,0,0,dt_df,bdim,1.2691404940453027e-5,5.8596569032476384e-5,3.630035867484614,2.404041633897336
outside_only/quick,predict_bdim,0,0,ddt_f,bdim,3.910877747612923e-8,3.5739899255699754e-7,0.002749487083754412,0.00013167757663378778
outside_only/quick,predict_bdim,0,0,u_current,bdim,0.0,0.0,0.0,0.0017479917732998729
outside_only/quick,correct_conv,1,1,adv,interior,2.6556805096333846e-5,3.5774469452985146e-5,0.23946751161174903,0.11675570905208588
outside_only/quick,correct_conv,1,1,adv,boundary,0.0,0.0,0.0031236649273185045,0.00011208123760297894
outside_only/quick,correct_conv,1,1,fld,interior,2.47365387622267e-5,5.921122733516038e-5,0.39320545355671654,0.21186047792434692
outside_only/quick,correct_conv,1,1,fld,boundary,0.0,0.0,0.00312047971774179,0.00011193929094588384
outside_only/quick,correct_conv,1,1,vis,interior,1.2040463843732141e-5,3.867921775896177e-5,0.6834367611976432,0.3598387837409973
outside_only/quick,correct_conv,1,1,vis,boundary,0.0,0.0,5.876788256028488e-5,2.2684225768898614e-6
outside_only/quick,correct_conv,1,2,adv,interior,1.579949093866162e-5,0.00011147537216792701,0.23520712685855197,0.11963734775781631
outside_only/quick,correct_conv,1,2,adv,boundary,0.0,0.0,0.0,0.0
outside_only/quick,correct_conv,1,2,fld,interior,1.39535414334091e-8,6.060308660573027e-8,0.0943935955285098,0.04683632031083107
outside_only/quick,correct_conv,1,2,fld,boundary,0.0,0.0,0.0,0.0
outside_only/quick,correct_conv,1,2,vis,interior,6.402276994776912e-6,3.814549559513332e-5,0.5589640999922078,0.2660865783691406
outside_only/quick,correct_conv,1,2,vis,boundary,0.0,0.0,0.0,0.0
outside_only/quick,correct_conv,1,3,adv,interior,1.0598590051813517e-5,8.925104447849759e-5,0.3956685484519959,0.2107747346162796
outside_only/quick,correct_conv,1,3,adv,boundary,0.0,0.0,0.0,0.0
outside_only/quick,correct_conv,1,3,fld,interior,1.0086423252175791e-8,4.361681648816363e-8,0.32886424216670784,0.17107579112052917
outside_only/quick,correct_conv,1,3,fld,boundary,0.0,0.0,0.0,0.0
outside_only/quick,correct_conv,1,3,vis,interior,8.916577826312277e-6,4.62571396595248e-5,0.6588879822975505,0.3529941439628601
outside_only/quick,correct_conv,1,3,vis,boundary,0.0,0.0,0.0,0.0
outside_only/quick,correct_conv,2,1,adv,interior,9.875045670071358e-9,1.9895046015850152e-8,0.061735944543461825,0.02018078975379467
outside_only/quick,correct_conv,2,1,adv,boundary,0.0,0.0,5.103628416187451e-6,1.8883523011936632e-7
outside_only/quick,correct_conv,2,1,fld,interior,3.0464409064734355e-5,0.00010111429100596239,0.311185952416477,0.13798566162586212
outside_only/quick,correct_conv,2,1,fld,boundary,1.9638246158137918e-5,5.7033964723841165e-5,0.0009188108926293003,2.508352918084711e-5
outside_only/quick,correct_conv,2,1,vis,interior,1.42397857416654e-5,3.98927959843004e-5,0.5615566919885762,0.20373281836509705
outside_only/quick,correct_conv,2,1,vis,boundary,0.0,0.0,0.0,0.0
outside_only/quick,correct_conv,2,2,adv,interior,1.1363680663123432e-8,6.449739284473275e-8,0.031319089151774455,0.010140183381736279
outside_only/quick,correct_conv,2,2,adv,boundary,0.0,0.0,1.1058818055016375e-6,4.3898850776713516e-8
outside_only/quick,correct_conv,2,2,fld,interior,1.284326778261402e-8,7.368158602930262e-8,0.06995060681136875,0.026460420340299606
outside_only/quick,correct_conv,2,2,fld,boundary,0.0,0.0,1.1067303170938217e-6,5.5743960558629624e-8
outside_only/quick,correct_conv,2,2,vis,interior,9.66402603808092e-6,3.983959356618302e-5,0.5836024640552144,0.2099355161190033
outside_only/quick,correct_conv,2,2,vis,boundary,0.0,0.0,0.0004977486593965404,2.4991601094370708e-5
outside_only/quick,correct_conv,2,3,adv,interior,5.733938213126066e-9,3.018933123934427e-8,0.06341717157140456,0.02424316480755806
outside_only/quick,correct_conv,2,3,adv,boundary,0.0,0.0,0.0,0.0
outside_only/quick,correct_conv,2,3,fld,interior,2.7038014493996343e-8,8.48450711674639e-8,0.3009190873404043,0.09714579582214355
outside_only/quick,correct_conv,2,3,fld,boundary,0.0,0.0,0.0,0.0
outside_only/quick,correct_conv,2,3,vis,interior,4.2211108848277945e-6,3.122736310548667e-5,0.5599318696828681,0.20035222172737122
outside_only/quick,correct_conv,2,3,vis,boundary,0.0,0.0,0.0,0.0
outside_only/quick,correct_conv,3,1,adv,interior,8.198237644307937e-9,2.2614033281304132e-8,0.18261037146114775,0.10317324846982956
outside_only/quick,correct_conv,3,1,adv,boundary,0.0,0.0,1.1436494985580478e-5,4.899480927633704e-7
outside_only/quick,correct_conv,3,1,fld,interior,3.262008976889774e-5,0.00011049321934148572,6.438482471869791,4.640372276306152
outside_only/quick,correct_conv,3,1,fld,boundary,2.0207684428896755e-5,7.200577039506916e-5,0.003097452849065821,8.220086601795629e-5
outside_only/quick,correct_conv,3,1,vis,interior,1.3396449503488839e-5,3.7476514432781955e-5,1.5260141985819216,0.938825249671936
outside_only/quick,correct_conv,3,1,vis,boundary,0.0,0.0,0.0,0.0
outside_only/quick,correct_conv,3,2,adv,interior,6.481741365860216e-9,3.83903240216562e-8,0.14210646900113388,0.07561381161212921
outside_only/quick,correct_conv,3,2,adv,boundary,0.0,0.0,0.0,0.0
outside_only/quick,correct_conv,3,2,fld,interior,1.8628007580900885e-8,4.9553939361843335e-8,0.1936078118338423,0.11570931226015091
outside_only/quick,correct_conv,3,2,fld,boundary,0.0,0.0,0.0,0.0
outside_only/quick,correct_conv,3,2,vis,interior,4.277472726244014e-6,3.3720575318161217e-5,1.4232139264804007,0.7475595474243164
outside_only/quick,correct_conv,3,2,vis,boundary,0.0,0.0,0.0,0.0
outside_only/quick,correct_conv,3,3,adv,interior,7.547716229794332e-9,5.966400392369948e-8,0.29234567452164456,0.1507745087146759
outside_only/quick,correct_conv,3,3,adv,boundary,9.07560207541458e-11,4.843880385045758e-10,5.814048839217826e-6,4.5266091319717816e-7
outside_only/quick,correct_conv,3,3,fld,interior,9.194287997615902e-9,6.771354469977211e-8,0.4559921561737718,0.23499058187007904
outside_only/quick,correct_conv,3,3,fld,boundary,9.07560207541458e-11,4.843880385045758e-10,5.834209776247371e-6,5.810854304399982e-7
outside_only/quick,correct_conv,3,3,vis,interior,7.49779701436637e-6,4.1556474634909134e-5,1.092831647429908,0.5785548090934753
outside_only/quick,correct_conv,3,3,vis,boundary,1.2999651062273188e-6,6.7253491511317804e-6,0.0013789919224444097,0.0001235320814885199
outside_only/quick,correct_conv,0,0,closure,all,3.826608008239418e-5,0.0003221499119548782,10.72114277315089,2.9583179496097657e-8
outside_only/quick,correct_bdim,0,0,u0,bdim,0.0,0.0,2.280555831453701,1.0
outside_only/quick,correct_bdim,0,0,dt_df,bdim,1.2517542188059724e-5,0.00010538119151718986,3.5070839939226333,2.353244298595314
outside_only/quick,correct_bdim,0,0,ddt_f,bdim,3.8670218953237655e-8,3.5362123952867197e-7,0.0027476274683161713,0.00013181709309609442
outside_only/quick,correct_bdim,0,0,u_current,bdim,2.8921806006110273e-5,0.00037498680515870843,2.1847570556002065,1.0054069757461548
