i,j,k,d_center_solver,face_axis,d_face_solver,center_plus_solver,center_minus_solver,flip_plus,flip_minus,face_plus_solver,face_minus_solver,mu0_base,mu0_plus,mu0_minus
63,24,22,-4.1909454e-9,2,0.50000125,2.1466339e-7,-2.2304528e-7,true,false,0.50000113,0.5000014,0.09084444,0.90915555,0.09084438
64,24,22,-4.1909454e-9,2,0.50000125,-6.4589095e-8,5.6207202e-8,false,true,0.5000013,0.50000125,0.09084444,0.09084441,0.90915555
65,24,22,-4.1909454e-9,2,0.50000125,-2.2685359e-7,2.184717e-7,false,true,0.50000125,0.50000125,0.09084444,0.09084444,0.90915555
66,24,22,-4.1909454e-9,2,0.50000125,-1.8700683e-7,1.7862494e-7,false,true,0.5000012,0.5000013,0.09084444,0.09084447,0.9091556
67,24,22,-4.1909454e-9,2,0.50000125,-1.7847167e-7,1.7008978e-7,false,true,0.5000013,0.5000012,0.09084444,0.09084441,0.90915555
68,24,22,-4.1909454e-9,2,0.50000125,1.2367458e-7,-1.3205647e-7,true,false,0.5000013,0.50000125,0.09084444,0.9091556,0.09084444
63,24,23,-4.1909454e-9,2,0.50000125,-4.2045514e-8,3.3663625e-8,false,true,0.5000013,0.50000125,0.09084444,0.09084441,0.90915555
64,24,23,-4.1909454e-9,2,0.50000125,1.6118585e-7,-1.6956774e-7,true,false,0.5000014,0.5000012,0.09084444,0.90915567,0.09084447
65,24,23,-4.1909454e-9,2,0.50000125,-5.696056e-9,-2.6858344e-9,false,false,0.50000125,0.5000013,0.09084444,0.09084444,0.09084441
66,24,23,-4.1909454e-9,2,0.50000125,7.115286e-8,-7.953476e-8,true,false,0.5000011,0.5000015,0.09084444,0.9091555,0.09084432
67,24,23,-4.1909454e-9,2,0.50000125,-4.313508e-8,3.4753192e-8,false,true,0.5000014,0.5000012,0.09084444,0.09084438,0.90915555
68,24,23,-4.1909454e-9,2,0.50000125,-8.2479573e-10,-7.5570945e-9,false,false,0.50000143,0.50000113,0.09084444,0.09084435,0.0908445
69,24,23,-4.1909454e-9,2,0.50000125,-3.296369e-8,2.4581798e-8,false,true,0.50000143,0.50000113,0.09084444,0.09084435,0.90915555
70,24,23,-4.1909454e-9,2,0.50000125,2.2395558e-7,-2.3233747e-7,true,false,0.50000143,0.50000113,0.09084444,0.90915567,0.0908445
71,24,23,-4.1909454e-9,2,0.50000125,-2.9456613e-8,2.1074724e-8,false,true,0.5000012,0.5000014,0.09084444,0.09084447,0.90915567
72,24,23,-4.1909454e-9,2,0.50000125,-2.4838075e-8,1.6456184e-8,false,true,0.5000013,0.5000012,0.09084444,0.09084441,0.90915555
69,24,24,-4.1909454e-9,2,0.50000125,-4.59077e-8,3.752581e-8,false,true,0.5000011,0.50000143,0.09084444,0.09084453,0.90915567
70,24,24,-4.1909454e-9,2,0.50000125,3.8133038e-8,-4.6514927e-8,true,false,0.5000014,0.5000012,0.09084444,0.90915567,0.09084447
71,24,24,-4.1909454e-9,2,0.50000125,-4.3853476e-8,3.5471587e-8,false,true,0.50000125,0.5000013,0.09084444,0.09084444,0.9091556
72,24,24,-4.1909454e-9,2,0.50000125,2.035655e-8,-2.8738441e-8,true,false,0.50000125,0.50000125,0.09084444,0.90915555,0.09084444
69,24,25,-4.1909454e-9,2,0.50000125,-8.9340624e-8,8.0958735e-8,false,true,0.50000095,0.5000016,0.09084444,0.09084459,0.9091558
70,24,25,-4.1909454e-9,2,0.50000125,-1.9616795e-7,1.8778606e-7,false,true,0.50000083,0.50000167,0.09084444,0.090844646,0.9091558
71,24,25,-4.1909454e-9,2,0.50000125,-5.1184543e-8,4.280265e-8,false,true,0.5000012,0.5000014,0.09084444,0.09084447,0.90915567
72,24,25,-4.1909454e-9,2,0.50000125,-1.5759811e-7,1.4921622e-7,false,true,0.5000015,0.5000011,0.09084444,0.09084432,0.9091555
73,24,25,-4.1909454e-9,2,0.50000125,-5.515702e-8,4.6775128e-8,false,true,0.5000012,0.5000014,0.09084444,0.09084447,0.90915567
74,24,25,-4.1909454e-9,2,0.50000125,2.7671283e-7,-2.8509473e-7,true,false,0.50000113,0.50000143,0.09084444,0.90915555,0.09084435
75,24,25,-4.1909454e-9,2,0.50000125,4.1399923e-9,-1.2521883e-8,true,false,0.5000013,0.5000012,0.09084444,0.9091556,0.09084447
76,24,25,-4.1909454e-9,2,0.50000125,3.515711e-7,-3.5995296e-7,true,false,0.50000155,0.500001,0.09084444,0.9091557,0.09084456
77,24,25,-4.1909454e-9,2,0.50000125,1.0390887e-7,-1.12290756e-7,true,false,0.50000125,0.50000125,0.09084444,0.90915555,0.09084444
70,24,26,-4.1909454e-9,2,0.50000125,1.9686871e-7,-2.0525061e-7,true,false,0.5000016,0.5000009,0.09084444,0.9091558,0.09084462
71,24,26,-4.1909454e-9,2,0.50000125,-9.1591325e-8,8.3209436e-8,false,true,0.5000013,0.50000125,0.09084444,0.09084441,0.90915555
72,24,26,-4.1909454e-9,2,0.50000125,-1.9147937e-9,-6.467097e-9,false,false,0.50000125,0.5000013,0.09084444,0.09084444,0.09084441
73,24,26,-4.1909454e-9,2,0.50000125,-7.20233e-8,6.364141e-8,false,true,0.50000143,0.50000113,0.09084444,0.09084435,0.90915555
74,24,26,-4.1909454e-9,2,0.50000125,-1.599307e-9,-6.7825834e-9,false,false,0.5000014,0.5000012,0.09084444,0.09084438,0.09084447
75,24,26,-4.1909454e-9,2,0.50000125,1.5691036e-7,-1.6529225e-7,true,false,0.5000013,0.5000012,0.09084444,0.9091556,0.09084447
76,24,26,-4.1909454e-9,2,0.50000125,-7.209608e-8,6.371418e-8,false,true,0.5000011,0.50000143,0.09084444,0.09084453,0.90915567
77,24,26,-4.1909454e-9,2,0.50000125,-5.1237787e-8,4.2855895e-8,false,true,0.50000143,0.50000113,0.09084444,0.09084435,0.90915555
78,24,26,-4.1909454e-9,2,0.50000125,9.576685e-11,-8.477658e-9,true,false,0.50000125,0.5000013,0.09084444,0.90915555,0.09084441
79,24,26,-4.1909454e-9,2,0.50000125,2.9762245e-7,-3.0600435e-7,true,false,0.50000143,0.50000113,0.09084444,0.90915567,0.0908445
80,24,26,-4.1909454e-9,2,0.50000125,1.169195e-7,-1.253014e-7,true,false,0.5000015,0.5000011,0.09084444,0.90915567,0.09084453
73,24,27,-4.1909454e-9,2,0.50000125,1.4539404e-8,-2.2921295e-8,true,false,0.5000013,0.50000125,0.09084444,0.9091556,0.09084444
74,24,27,-4.1909454e-9,2,0.50000125,-1.1026915e-8,2.6450249e-9,false,true,0.5000015,0.5000011,0.09084444,0.09084432,0.9091555
75,24,27,-4.1909454e-9,2,0.50000125,-4.828064e-8,3.989875e-8,false,true,0.5000014,0.5000012,0.09084444,0.09084438,0.90915555
76,24,27,-4.1909454e-9,2,0.50000125,-1.2903462e-7,1.2065273e-7,false,true,0.50000125,0.50000125,0.09084444,0.09084444,0.90915555
77,24,27,-4.1909454e-9,2,0.50000125,-4.3940066e-8,3.5558177e-8,false,true,0.5000014,0.5000012,0.09084444,0.09084438,0.90915555
78,24,27,-4.1909454e-9,2,0.50000125,-4.152163e-8,3.313974e-8,false,true,0.50000143,0.50000113,0.09084444,0.09084435,0.90915555
79,24,27,-4.1909454e-9,2,0.50000125,4.362257e-7,-4.4460756e-7,true,false,0.5000017,0.5000008,0.09084444,0.9091558,0.090844676
80,24,27,-4.1909454e-9,2,0.50000125,5.234023e-8,-6.072212e-8,true,false,0.5000012,0.5000014,0.09084444,0.90915555,0.09084438
73,24,28,-4.1909454e-9,2,0.50000125,-7.072509e-8,6.2343204e-8,false,true,0.50000125,0.5000013,0.09084444,0.09084444,0.9091556
74,24,28,-4.1909454e-9,2,0.50000125,-1.7992018e-7,1.7153829e-7,false,true,0.5000013,0.5000012,0.09084444,0.09084441,0.90915555
75,24,28,-4.1909454e-9,2,0.50000125,6.410913e-8,-7.249103e-8,true,false,0.50000143,0.50000113,0.09084444,0.90915567,0.0908445
76,24,28,-4.1909454e-9,2,0.50000125,-4.47179e-11,-8.337173e-9,false,false,0.5000013,0.50000125,0.09084444,0.09084441,0.09084444
77,24,28,-4.1909454e-9,2,0.50000125,5.2477322e-8,-6.0859215e-8,true,false,0.5000015,0.5000011,0.09084444,0.90915567,0.09084453
78,24,28,-4.1909454e-9,2,0.50000125,-1.0785271e-7,9.9470824e-8,false,true,0.5000014,0.5000012,0.09084444,0.09084438,0.90915555
79,24,28,-4.1909454e-9,2,0.50000125,-4.61702e-8,3.7788308e-8,false,true,0.5000014,0.50000113,0.09084444,0.09084438,0.90915555
80,24,28,-4.1909454e-9,2,0.50000125,1.5743055e-8,-2.4124946e-8,true,false,0.5000013,0.5000012,0.09084444,0.9091556,0.09084447
81,24,28,-4.1909454e-9,2,0.50000125,1.8217048e-7,-1.9055237e-7,true,false,0.50000113,0.5000014,0.09084444,0.90915555,0.09084438
82,24,28,-4.1909454e-9,2,0.50000125,1.807712e-7,-1.8915308e-7,true,false,0.50000185,0.5000007,0.09084444,0.9091559,0.090844706
83,24,28,-4.1909454e-9,2,0.50000125,3.3323585e-7,-3.4161775e-7,true,false,0.50000167,0.5000009,0.09084444,0.9091558,0.09084462
84,24,28,-4.1909454e-9,2,0.50000125,3.1778353e-7,-3.2616543e-7,true,false,0.5000018,0.5000008,0.09084444,0.90915585,0.090844676
76,24,29,-4.1909454e-9,2,0.50000125,-6.3861116e-8,5.5479223e-8,false,true,0.5000012,0.5000013,0.09084444,0.09084447,0.9091556
77,24,29,-4.1909454e-9,2,0.50000125,7.343415e-8,-8.181604e-8,true,false,0.5000012,0.5000013,0.09084444,0.90915555,0.09084441
78,24,29,-4.1909454e-9,2,0.50000125,-2.4070365e-10,-8.141187e-9,false,false,0.50000125,0.5000013,0.09084444,0.09084444,0.09084441
79,24,29,-4.1909454e-9,2,0.50000125,1.6048144e-8,-2.4430035e-8,true,false,0.5000014,0.5000012,0.09084444,0.90915567,0.09084447
80,24,29,-4.1909454e-9,2,0.50000125,7.4589636e-8,-8.2971525e-8,true,false,0.5000015,0.5000011,0.09084444,0.90915567,0.09084453
81,24,29,-4.1909454e-9,2,0.50000125,-1.0246369e-8,1.8644781e-9,false,true,0.5000014,0.5000012,0.09084444,0.09084438,0.90915555
82,24,29,-4.1909454e-9,2,0.50000125,1.6521987e-7,-1.7360176e-7,true,false,0.50000143,0.5000011,0.09084444,0.90915567,0.09084453
83,24,29,-4.1909454e-9,2,0.50000125,3.4264126e-8,-4.2646015e-8,true,false,0.5000013,0.5000012,0.09084444,0.9091556,0.09084447
84,24,29,-4.1909454e-9,2,0.50000125,-3.615641e-8,2.777452e-8,false,true,0.5000014,0.50000113,0.09084444,0.09084438,0.90915555
85,24,29,-4.1909454e-9,2,0.50000125,1.1762202e-7,-1.2600391e-7,true,false,0.50000113,0.50000143,0.09084444,0.90915555,0.09084435
86,24,29,-4.1909454e-9,2,0.50000125,1.1503802e-7,-1.2341991e-7,true,false,0.5000014,0.50000113,0.09084444,0.90915567,0.0908445
87,24,29,-4.1909454e-9,2,0.50000125,2.1031597e-7,-2.1869786e-7,true,false,0.50000125,0.50000125,0.09084444,0.90915555,0.09084444
79,24,30,-4.1909454e-9,2,0.50000125,1.06258284e-7,-1.1464017e-7,true,false,0.500001,0.5000015,0.09084444,0.9091554,0.09084432
80,24,30,-4.1909454e-9,2,0.50000125,-1.1424099e-7,1.058591e-7,false,true,0.50000113,0.50000143,0.09084444,0.0908445,0.90915567
81,24,30,-4.1909454e-9,2,0.50000125,-2.1211854e-9,-6.2607053e-9,false,false,0.5000012,0.5000014,0.09084444,0.09084447,0.09084438
82,24,30,-4.1909454e-9,2,0.50000125,2.2073385e-7,-2.2911574e-7,true,false,0.50000113,0.50000143,0.09084444,0.90915555,0.09084435
83,24,30,-4.1909454e-9,2,0.50000125,2.5895082e-8,-3.4276972e-8,true,false,0.5000014,0.5000012,0.09084444,0.90915567,0.09084447
84,24,30,-4.1909454e-9,2,0.50000125,-2.0819644e-7,1.9981455e-7,false,true,0.50000125,0.50000125,0.09084444,0.09084444,0.90915555
85,24,30,-4.1909454e-9,2,0.50000125,-6.938984e-8,6.100795e-8,false,true,0.5000012,0.5000014,0.09084444,0.09084447,0.90915567
86,24,30,-4.1909454e-9,2,0.50000125,-1.0164856e-7,9.326667e-8,false,true,0.5000013,0.50000125,0.09084444,0.09084441,0.90915555
87,24,30,-4.1909454e-9,2,0.50000125,-1.1930966e-7,1.1092778e-7,false,true,0.5000011,0.5000015,0.09084444,0.09084453,0.90915567
79,24,31,-4.1909454e-9,2,0.50000125,1.342638e-7,-1.4264569e-7,true,false,0.5000011,0.5000015,0.09084444,0.9091555,0.09084432
80,24,31,-4.1909454e-9,2,0.50000125,-1.4014742e-7,1.3176553e-7,false,true,0.5000009,0.50000167,0.09084444,0.09084462,0.9091558
81,24,31,-4.1909454e-9,2,0.50000125,-5.72441e-8,4.8862212e-8,false,true,0.5000012,0.5000014,0.09084444,0.09084447,0.90915567
82,24,31,-4.1909454e-9,2,0.50000125,-4.4978088e-7,4.4139898e-7,false,true,0.5000006,0.50000197,0.09084444,0.090844765,0.9091559
83,24,31,-4.1909454e-9,2,0.50000125,-2.0926932e-7,2.0088743e-7,false,true,0.500001,0.50000155,0.09084444,0.09084456,0.9091557
84,24,31,-4.1909454e-9,2,0.50000125,1.5782679e-7,-1.6620868e-7,true,false,0.50000155,0.50000095,0.09084444,0.9091557,0.09084459
85,24,31,-4.1909454e-9,2,0.50000125,-2.8489021e-8,2.010713e-8,false,true,0.5000015,0.5000011,0.09084444,0.09084432,0.9091555
86,24,31,-4.1909454e-9,2,0.50000125,-5.4788682e-8,4.6406793e-8,false,true,0.50000113,0.50000143,0.09084444,0.0908445,0.90915567
87,24,31,-4.1909454e-9,2,0.50000125,-3.670605e-8,2.832416e-8,false,true,0.500001,0.5000015,0.09084444,0.09084456,0.90915567
88,24,31,-4.1909454e-9,2,0.50000125,3.5741603e-8,-4.4123492e-8,true,false,0.5000016,0.50000095,0.09084444,0.9091558,0.09084459
89,24,31,-4.1909454e-9,2,0.50000125,1.8085592e-8,-2.6467482e-8,true,false,0.5000016,0.50000095,0.09084444,0.9091558,0.09084459
84,24,32,-4.1909454e-9,2,0.50000125,5.078037e-9,-1.3459927e-8,true,false,0.5000013,0.50000125,0.09084444,0.9091556,0.09084444
85,24,32,-4.1909454e-9,2,0.50000125,1.6200603e-7,-1.7038792e-7,true,false,0.50000185,0.5000007,0.09084444,0.9091559,0.090844706
86,24,32,-4.1909454e-9,2,0.50000125,-4.6675492e-8,3.8293603e-8,false,true,0.500001,0.5000015,0.09084444,0.09084456,0.90915567
87,24,32,-4.1909454e-9,2,0.50000125,-9.9810954e-8,9.1429065e-8,false,true,0.500001,0.50000155,0.09084444,0.09084456,0.9091557
88,24,32,-4.1909454e-9,2,0.50000125,5.280249e-8,-6.118438e-8,true,false,0.5000014,0.5000012,0.09084444,0.90915567,0.09084447
89,24,32,-4.1909454e-9,2,0.50000125,-5.4132485e-8,4.5750593e-8,false,true,0.5000013,0.50000125,0.09084444,0.09084441,0.90915555
90,24,32,-4.1909454e-9,2,0.50000125,2.9123024e-7,-2.9961214e-7,true,false,0.50000143,0.50000113,0.09084444,0.90915567,0.0908445
85,24,33,-4.1909454e-9,2,0.50000125,1.4720284e-7,-1.5558473e-7,true,false,0.5000015,0.5000011,0.09084444,0.90915567,0.09084453
86,24,33,-4.1909454e-9,2,0.50000125,1.08806525e-7,-1.17188414e-7,true,false,0.5000012,0.5000014,0.09084444,0.90915555,0.09084438
87,24,33,-4.1909454e-9,2,0.50000125,1.366359e-7,-1.450178e-7,true,false,0.5000012,0.5000013,0.09084444,0.90915555,0.09084441
88,24,33,-4.1909454e-9,2,0.50000125,-1.0316289e-7,9.4781e-8,false,true,0.50000113,0.50000143,0.09084444,0.0908445,0.90915567
89,24,33,-4.1909454e-9,2,0.50000125,1.7865343e-8,-2.6247234e-8,true,false,0.50000125,0.5000013,0.09084444,0.90915555,0.09084441
90,24,33,-4.1909454e-9,2,0.50000125,3.782701e-8,-4.6208903e-8,true,false,0.5000012,0.5000013,0.09084444,0.90915555,0.09084441
85,24,34,-4.1909454e-9,2,0.50000125,2.4878443e-7,-2.5716633e-7,true,false,0.50000143,0.50000113,0.09084444,0.90915567,0.0908445
86,24,34,-4.1909454e-9,2,0.50000125,1.8078242e-7,-1.8916431e-7,true,false,0.5000014,0.50000113,0.09084444,0.90915567,0.0908445
87,24,34,-4.1909454e-9,2,0.50000125,1.9424698e-8,-2.7806589e-8,true,false,0.50000095,0.50000155,0.09084444,0.9091554,0.09084429
88,24,34,-4.1909454e-9,2,0.50000125,-2.577167e-7,2.493348e-7,false,true,0.5000014,0.5000012,0.09084444,0.09084438,0.90915555
89,24,34,-4.1909454e-9,2,0.50000125,-7.075998e-8,6.237809e-8,false,true,0.50000125,0.5000013,0.09084444,0.09084444,0.9091556
90,24,34,-4.1909454e-9,2,0.50000125,-2.0339266e-8,1.19573755e-8,false,true,0.5000012,0.5000013,0.09084444,0.09084447,0.9091556
91,24,34,-4.1909454e-9,2,0.50000125,-1.6927167e-7,1.6088978e-7,false,true,0.500001,0.5000015,0.09084444,0.09084456,0.90915567
92,24,34,-4.1909454e-9,2,0.50000125,9.2775196e-8,-1.0115709e-7,true,false,0.50000125,0.50000125,0.09084444,0.90915555,0.09084444
87,24,35,-4.1909454e-9,2,0.50000125,1.719834e-7,-1.8036529e-7,true,false,0.50000125,0.50000125,0.09084444,0.90915555,0.09084444
88,24,35,-4.1909454e-9,2,0.50000125,6.7207964e-8,-7.558985e-8,true,false,0.5000015,0.500001,0.09084444,0.90915567,0.09084456
89,24,35,-4.1909454e-9,2,0.50000125,9.5389915e-8,-1.03771804e-7,true,false,0.5000014,0.5000012,0.09084444,0.90915567,0.09084447
90,24,35,-4.1909454e-9,2,0.50000125,-1.918832e-8,1.08064295e-8,false,true,0.50000125,0.5000013,0.09084444,0.09084444,0.9091556
