fixture,mode,antisymmetric_sdf,samples,geometry_max_abs_residual,mu0_reflection_max_abs_residual,mu1_reflection_max_abs_residual
plane_center_aligned,UPSTREAM,true,1029,0.0,1.4901161193847656e-8,0.0
plane_center_aligned,NO_SIGN_CORRECTION,true,1029,0.0,1.4901161193847656e-8,0.0
plane_center_aligned,A_THRESHOLD,true,1029,0.0,0.0,0.0
plane_center_aligned,B_CENTER_SIGN,true,1029,0.0,0.0,0.0
plane_center_aligned,C_MOMENT_BLEND,true,1029,0.0,1.4901161193847656e-8,0.0
plane_face_aligned,UPSTREAM,true,1029,0.0,1.4901161193847656e-8,0.0
plane_face_aligned,NO_SIGN_CORRECTION,true,1029,0.0,1.4901161193847656e-8,0.0
plane_face_aligned,A_THRESHOLD,true,1029,0.0,2.7755575615628914e-17,0.0
plane_face_aligned,B_CENTER_SIGN,true,1029,0.0,2.7755575615628914e-17,0.0
plane_face_aligned,C_MOMENT_BLEND,true,1029,0.0,1.4901161193847656e-8,0.0
plane_face_offset_1e-4,UPSTREAM,true,1029,0.0,2.2351741790771484e-8,0.0
plane_face_offset_1e-4,NO_SIGN_CORRECTION,true,1029,0.0,2.2351741790771484e-8,0.0
plane_face_offset_1e-4,A_THRESHOLD,true,1029,0.0,1.3877787807814457e-17,0.0
plane_face_offset_1e-4,B_CENTER_SIGN,true,1029,0.0,1.3877787807814457e-17,0.0
plane_face_offset_1e-4,C_MOMENT_BLEND,true,1029,0.0,2.2351741790771484e-8,0.0
plane_near_center_offset_1e-4,UPSTREAM,true,1029,4.440892098500626e-16,2.2351741790771484e-8,0.0
plane_near_center_offset_1e-4,NO_SIGN_CORRECTION,true,1029,4.440892098500626e-16,2.2351741790771484e-8,0.0
plane_near_center_offset_1e-4,A_THRESHOLD,true,1029,4.440892098500626e-16,1.1102230246251565e-16,0.0
plane_near_center_offset_1e-4,B_CENTER_SIGN,true,1029,4.440892098500626e-16,6.938893903907228e-17,0.0
plane_near_center_offset_1e-4,C_MOMENT_BLEND,true,1029,4.440892098500626e-16,2.2351741790771484e-8,0.0
sphere,UPSTREAM,false,1029,0.0,0.0,0.0
sphere,NO_SIGN_CORRECTION,false,1029,0.0,0.0,0.0
sphere,A_THRESHOLD,false,1029,0.0,0.0,0.0
sphere,B_CENTER_SIGN,false,1029,0.0,0.0,0.0
sphere,C_MOMENT_BLEND,false,1029,0.0,0.0,0.0
one_cell_plate,UPSTREAM,false,1029,0.0,0.0,0.0
one_cell_plate,NO_SIGN_CORRECTION,false,1029,0.0,0.0,0.0
one_cell_plate,A_THRESHOLD,false,1029,0.0,0.0,0.0
one_cell_plate,B_CENTER_SIGN,false,1029,0.0,0.0,0.0
one_cell_plate,C_MOMENT_BLEND,false,1029,0.0,0.0,0.0
two_cell_plate,UPSTREAM,false,1029,0.0,0.0,0.0
two_cell_plate,NO_SIGN_CORRECTION,false,1029,0.0,0.0,0.0
two_cell_plate,A_THRESHOLD,false,1029,0.0,0.0,0.0
two_cell_plate,B_CENTER_SIGN,false,1029,0.0,0.0,0.0
two_cell_plate,C_MOMENT_BLEND,false,1029,0.0,0.0,0.0
