fixture,mode,sample_pairs,center_inside_count,center_outside_count,face_inside_count,face_outside_count,center_face_opposite_sign_count,sign_disagree_gt_half,max_abs_delta_mu0,count_delta_mu0_gt_1e_3,max_abs_delta_mu1,count_delta_mu1_gt_1e_3,legal_half_cell_crossing_count,legal_half_cell_crossing_max_abs_delta_mu0,legal_half_cell_crossing_changed_mu0_count,mu0_support_membership_changes,mu1_support_membership_changes,nonfinite
plane_center_aligned,UPSTREAM,1029,441,441,490,441,0,0,0.0,0,0.0,0,0,0.0,0,0,0,0
plane_center_aligned,NO_SIGN_CORRECTION,1029,441,441,490,441,0,0,0.0,0,0.0,0,0,0.0,0,0,0,0
plane_center_aligned,A_THRESHOLD,1029,441,441,490,441,0,0,0.409154936671257,49,0.09141687626581385,49,0,0.0,0,0,0,0
plane_center_aligned,B_CENTER_SIGN,1029,441,441,490,441,0,0,0.17161539715161878,49,0.0624951351914009,49,0,0.0,0,0,0,0
plane_center_aligned,C_MOMENT_BLEND,1029,441,441,490,441,0,0,0.0,0,0.0,0,0,0.0,0,0,0,0
plane_face_aligned,UPSTREAM,1029,588,441,588,392,0,0,0.0,0,0.0,0,0,0.0,0,0,0,0
plane_face_aligned,NO_SIGN_CORRECTION,1029,588,441,588,392,0,0,0.0,0,0.0,0,0,0.0,0,0,0,0
plane_face_aligned,A_THRESHOLD,1029,588,441,588,392,0,0,8.480522839526827e-9,0,3.4589649478000695e-9,0,0,0.0,0,0,0,0
plane_face_aligned,B_CENTER_SIGN,1029,588,441,588,392,0,0,8.480522839526827e-9,0,3.4589649478000695e-9,0,0,0.0,0,0,0,0
plane_face_aligned,C_MOMENT_BLEND,1029,588,441,588,392,0,0,0.0,0,0.0,0,0,0.0,0,0,0,0
plane_face_offset_1e-4,UPSTREAM,1029,588,441,637,392,49,0,0.0,0,0.0,0,49,0.0,0,0,0,0
plane_face_offset_1e-4,NO_SIGN_CORRECTION,1029,588,441,637,392,49,0,0.0,0,0.0,0,49,0.0,0,0,0,0
plane_face_offset_1e-4,A_THRESHOLD,1029,588,441,637,392,49,0,6.014630557493739e-9,0,9.481557275425878e-9,0,49,0.0,0,49,0,0
plane_face_offset_1e-4,B_CENTER_SIGN,1029,588,441,637,392,49,0,6.014630557493739e-9,0,9.481557275425878e-9,0,49,0.0,0,49,0,0
plane_face_offset_1e-4,C_MOMENT_BLEND,1029,588,441,637,392,49,0,0.0,0,0.0,0,49,0.0,0,0,0,0
plane_near_center_offset_1e-4,UPSTREAM,1029,441,588,490,539,49,0,0.0,0,0.0,0,49,0.0,0,0,0,0
plane_near_center_offset_1e-4,NO_SIGN_CORRECTION,1029,441,588,490,539,49,0,0.0,0,0.0,0,49,0.0,0,0,0,0
plane_near_center_offset_1e-4,A_THRESHOLD,1029,441,588,490,539,49,0,0.005833967264681994,49,0.00288278844302374,49,49,0.005833967264681994,49,0,0,0
plane_near_center_offset_1e-4,B_CENTER_SIGN,1029,441,588,490,539,49,0,0.005766060674528492,49,0.002849615572667809,49,49,0.005766060674528492,49,0,0,0
plane_near_center_offset_1e-4,C_MOMENT_BLEND,1029,441,588,490,539,49,0,0.0,0,0.0,0,49,0.0,0,0,0,0
sphere,UPSTREAM,1029,21,1008,30,999,15,0,0.0,0,0.0,0,15,0.0,0,0,0,0
sphere,NO_SIGN_CORRECTION,1029,21,1008,30,999,15,0,0.0,0,0.0,0,15,0.0,0,0,0,0
sphere,A_THRESHOLD,1029,21,1008,30,999,15,0,8.549449925787656e-9,0,8.400073588099577e-9,0,15,0.0,0,0,0,0
sphere,B_CENTER_SIGN,1029,21,1008,30,999,15,0,8.549449925787656e-9,0,8.400073588099577e-9,0,15,0.0,0,0,0,0
sphere,C_MOMENT_BLEND,1029,21,1008,30,999,15,0,0.0,0,0.0,0,15,0.0,0,0,0,0
one_cell_plate,UPSTREAM,1029,27,954,24,939,0,0,0.0,0,0.0,0,0,0.0,0,0,0,0
one_cell_plate,NO_SIGN_CORRECTION,1029,27,954,24,939,0,0,0.0,0,0.0,0,0,0.0,0,0,0,0
one_cell_plate,A_THRESHOLD,1029,27,954,24,939,0,0,0.409154936671257,6,0.09141687626581385,6,0,0.0,0,0,0,0
one_cell_plate,B_CENTER_SIGN,1029,27,954,24,939,0,0,0.17161541205277997,16,0.0624951351914009,16,0,0.0,0,0,0,0
one_cell_plate,C_MOMENT_BLEND,1029,27,954,24,939,0,0,0.0,0,0.0,0,0,0.0,0,0,0,0
two_cell_plate,UPSTREAM,1029,27,804,42,859,0,0,0.0,0,0.0,0,0,0.0,0,0,0,0
two_cell_plate,NO_SIGN_CORRECTION,1029,27,804,42,859,0,0,0.0,0,0.0,0,0,0.0,0,0,0,0
two_cell_plate,A_THRESHOLD,1029,27,804,42,859,0,0,0.409154936671257,15,0.09141687626581385,15,0,0.0,0,0,0,0
two_cell_plate,B_CENTER_SIGN,1029,27,804,42,859,0,0,0.17161541205277997,70,0.0624951351914009,70,0,0.0,0,0,0,0
two_cell_plate,C_MOMENT_BLEND,1029,27,804,42,859,0,0,0.0,0,0.0,0,0,0.0,0,0,0,0
