arm,step,max_abs_du,rel_l2_u,max_abs_dp,rel_l2_p,fx,fz,fx_straight,fz_straight
A0_baseline,7,0.0,0.0,0.0,0.0,539.4695002868162,-282.35841392336255,539.4695002868162,-282.35841392336255
A0_baseline,8,0.0,0.0,0.0,0.0,544.775889311435,-284.89699573639473,544.775889311435,-284.89699573639473
A0_baseline,9,0.0,0.0,0.0,0.0,576.1717574766218,-317.2336407840161,576.1717574766218,-317.2336407840161
A0_baseline,10,0.0,0.0,0.0,0.0,594.1282254331877,-340.8726069890754,594.1282254331877,-340.8726069890754
A0_baseline,11,0.0,0.0,0.0,0.0,581.0269001614729,-341.4046933758332,581.0269001614729,-341.4046933758332
A0_baseline,12,0.0,0.0,0.0,0.0,547.1444714581984,-321.4488220023557,547.1444714581984,-321.4488220023557
A0_baseline,13,0.0,0.0,0.0,0.0,508.2662954827119,-299.0379284399515,508.2662954827119,-299.0379284399515
A0_baseline,14,0.0,0.0,0.0,0.0,474.38191825195986,-278.82252443613567,474.38191825195986,-278.82252443613567
A1_tau_1e-5,7,0.0,0.0,0.0,0.0,539.4695002868162,-282.35841392336255,539.4695002868162,-282.35841392336255
A1_tau_1e-5,8,0.0,0.0,0.0,0.0,544.775889311435,-284.89699573639473,544.775889311435,-284.89699573639473
A1_tau_1e-5,9,0.0,0.0,0.0,0.0,576.1717574766218,-317.2336407840161,576.1717574766218,-317.2336407840161
A1_tau_1e-5,10,0.0,0.0,0.0,0.0,594.1282254331877,-340.8726069890754,594.1282254331877,-340.8726069890754
A1_tau_1e-5,11,0.0,0.0,0.0,0.0,581.0269001614729,-341.4046933758332,581.0269001614729,-341.4046933758332
A1_tau_1e-5,12,0.0,0.0,0.0,0.0,547.1444714581984,-321.4488220023557,547.1444714581984,-321.4488220023557
A1_tau_1e-5,13,0.0,0.0,0.0,0.0,508.2662954827119,-299.0379284399515,508.2662954827119,-299.0379284399515
A1_tau_1e-5,14,0.0,0.0,0.0,0.0,474.38191825195986,-278.82252443613567,474.38191825195986,-278.82252443613567
